Team,Position,First Name,Last Name,Jersey,Height,Weight,College,Draft Year,Draft Pick,Overall,Pro Bowls,All-Pro,HOF,Status
Arizona Cardinals,QB,Patrick,Mahomes,15.0,74.0,225.0,Texas Tech,2017,10,99,6.0,2.0,False,Active
Arizona Cardinals,QB,Tom,Brady,12.0,76.0,225.0,Michigan,2000,199,99,15.0,3.0,False,Active
Arizona Cardinals,QB,Philip,Rivers,17.0,77.0,228.0,North Carolina St.,2004,4,99,8.0,0.0,False,Active
Arizona Cardinals,RB,John,Settle,,69.0,207.0,Appalachian State,1987,UD,76,1.0,,,Active
Arizona Cardinals,RB,Bobby,Humphrey,,73.0,201.0,Alabama,1989,UD,76,1.0,,,Active
Arizona Cardinals,RB,Bill,Ring,,,,Brigham Young,1980,UD,75,,,,Active
Arizona Cardinals,RB,Leon,Perry,,71.0,224.0,Ole Miss,1980,UD,75,,,,Active
Arizona Cardinals,FB,Kimble,Anders,38.0,71.0,218.0,Houston,1990,UD,76,1.0,,,Active
Arizona Cardinals,WR,Larry,Fitzgerald,11.0,75.0,218.0,Pittsburgh,2004,3,99,11.0,1.0,False,Active
Arizona Cardinals,WR,Julio,Jones,11.0,75.0,220.0,Alabama,2011,6,99,7.0,2.0,False,Active
Arizona Cardinals,WR,Antonio,Brown,84.0,70.0,185.0,Central Michigan,2010,195,99,7.0,4.0,False,Active
Arizona Cardinals,WR,Tyreek,Hill,10.0,70.0,191.0,West Alabama,2016,165,99,8.0,5.0,False,Active
Arizona Cardinals,WR,Davante,Adams,17.0,73.0,215.0,Fresno St.,2014,53,99,6.0,3.0,False,Active
Arizona Cardinals,WR,DeAndre,Hopkins,10.0,73.0,210.0,Clemson,2013,27,99,5.0,3.0,False,Active
Arizona Cardinals,TE,Rob,Gronkowski,87.0,78.0,265.0,Arizona,2010,42,99,5.0,4.0,False,Active
Arizona Cardinals,TE,Jason,Witten,82.0,78.0,263.0,Tennessee,2003,69,99,11.0,2.0,False,Active
Arizona Cardinals,TE,Travis,Kelce,87.0,77.0,250.0,Cincinnati,2013,63,99,10.0,4.0,False,Active
Arizona Cardinals,OT,Joe,Jacoby,,,,Louisville,1981,UD,76,1.0,,,Active
Arizona Cardinals,OT,Nate,Newton,,,,Florida A&M,1983,UD,76,1.0,,,Active
Arizona Cardinals,OT,Joel,Patten,,,,Duke,1980,UD,75,,,,Active
Arizona Cardinals,OG,Anthony,Oakley,68.0,76.0,298.0,Western Kentucky,2004,UD,75,,,,Active
Arizona Cardinals,C,Maurkice,Pouncey,53.0,76.0,304.0,Florida,2010,18,99,9.0,2.0,False,Active
Arizona Cardinals,C,Alex,Mack,55.0,76.0,311.0,California,2009,21,96,7.0,0.0,False,Active
Arizona Cardinals,OL,Isaiah,Williams,63.0,75.0,200.0,Akron,2016,UD,75,,,,Active
Arizona Cardinals,DE,Steve,Parker,,,,Idaho,1980,UD,75,,,,Active
Arizona Cardinals,DE,Don,Smerek,,,,Nevada,1980,UD,75,,,,Active
Arizona Cardinals,DE,Neil,Elshire,,78.0,260.0,Oregon,1981,UD,75,,,,Active
Arizona Cardinals,DE,Buddy,Moor,,,,Eastern Kentucky,1981,UD,75,,,,Active
Arizona Cardinals,DT,Aaron,Donald,99.0,73.0,280.0,Pittsburgh,2014,13,99,10.0,8.0,False,Active
Arizona Cardinals,DT,Geno,Atkins,97.0,73.0,300.0,Georgia,2010,120,99,8.0,2.0,False,Active
Arizona Cardinals,DT,Ndamukong,Suh,93.0,76.0,313.0,Nebraska,2010,2,99,5.0,3.0,False,Active
Arizona Cardinals,DT,Fletcher,Cox,91.0,76.0,310.0,Mississippi St.,2012,12,97,6.0,1.0,False,Active
Arizona Cardinals,DL,Ifeadi,Odenigbo,95.0,75.0,258.0,Northwestern,2017,220,69,0.0,0.0,False,Active
Arizona Cardinals,DL,Ricky,Elmore,,77.0,255.0,Arizona,2011,197,65,0.0,0.0,False,Active
Arizona Cardinals,DL,Greg,Romeus,,77.0,267.0,Pittsburgh,2011,226,65,0.0,0.0,False,Active
Arizona Cardinals,LB,Jim,Schwantz,,,,Purdue,1992,UD,76,1.0,,,Active
Arizona Cardinals,LB,Jessie,Tuggle,58.0,71.0,232.0,Valdosta State,1987,UD,76,1.0,,,Active
Arizona Cardinals,LB,Rufus,Porter,,73.0,236.0,Southern,1988,UD,76,1.0,,,Active
Arizona Cardinals,LB,Phil,Cancik,,,,Northern Arizona,1980,UD,75,,,,Active
Arizona Cardinals,LB,Guy,Prather,,74.0,230.0,Grambling State,1980,UD,75,,,,Active
Arizona Cardinals,LB,Rick,Dennison,,75.0,215.0,Colorado State,1980,UD,75,,,,Active
Arizona Cardinals,CB,Eric,Weddle,32.0,71.0,195.0,Utah,2007,37,99,6.0,2.0,False,Active
Arizona Cardinals,CB,Stephon,Gilmore,24.0,72.0,190.0,South Carolina,2012,10,99,5.0,2.0,False,Active
Arizona Cardinals,CB,Jalen,Ramsey,20.0,73.0,211.0,Florida St.,2016,5,99,7.0,3.0,False,Active
Arizona Cardinals,CB,Richard,Sherman,25.0,75.0,195.0,Stanford,2011,154,99,5.0,3.0,False,Active
Arizona Cardinals,CB,Patrick,Peterson,21.0,73.0,203.0,LSU,2011,5,99,8.0,3.0,False,Active
Arizona Cardinals,S,Deron,Cherry,,71.0,185.0,Rutgers,1981,UD,76,1.0,,,Active
Arizona Cardinals,S,Bennie,Thompson,,72.0,220.0,Grambling State,1985,UD,76,1.0,,,Active
Arizona Cardinals,S,Bill,Bates,,,,Tennessee,1983,UD,76,1.0,,,Active
Arizona Cardinals,S,Eugene,Robinson,41.0,73.0,200.0,Colgate,1985,UD,76,1.0,,,Active
Arizona Cardinals,DB,Rock,Richmond,,,,Oregon,1980,UD,75,,,,Active
Arizona Cardinals,DB,Melvin,Byrd,,,,UC Davis,1981,UD,75,,,,Active
Arizona Cardinals,DB,Steve,Trimble,,,,Maryland,1981,UD,75,,,,Active
Arizona Cardinals,K,Stephen,Gostkowski,3.0,73.0,215.0,Memphis,2006,118,91,4.0,2.0,False,Active
Arizona Cardinals,P,Andy,Lee,4.0,73.0,185.0,Pittsburgh,2004,188,94,3.0,3.0,False,Active
Atlanta Falcons,QB,Russell,Wilson,3.0,71.0,206.0,Wisconsin,2012,75,99,10.0,0.0,False,Active
Atlanta Falcons,QB,Aaron,Rodgers,12.0,74.0,223.0,California,2005,24,99,10.0,4.0,False,Active
Atlanta Falcons,QB,Drew,Brees,9.0,72.0,209.0,Purdue,2001,32,99,13.0,1.0,False,Active
Atlanta Falcons,RB,Will,Lewis,,,,Millersville,1980,UD,75,,,,Active
Atlanta Falcons,RB,Leon,Bright,,69.0,192.0,Florida State,1981,UD,75,,,,Active
Atlanta Falcons,RB,Harry,Sydney,,72.0,217.0,Kansas,1981,UD,75,,,,Active
Atlanta Falcons,RB,Jeff,Rodenberger,,,,Maryland,1982,UD,75,,,,Active
Atlanta Falcons,FB,Antionio,Andrews,,,,W. Ken,2014,UD,75,,,,Active
Atlanta Falcons,WR,A.J.,Green,18.0,,,Georgia,2011,4,96,7.0,0.0,False,Active
Atlanta Falcons,WR,Cordarrelle,Patterson,84.0,74.0,220.0,Tennessee,2013,29,96,4.0,4.0,False,Active
Atlanta Falcons,WR,Keenan,Allen,13.0,74.0,211.0,California,2013,76,95,6.0,0.0,False,Active
Atlanta Falcons,WR,Mike,Evans,13.0,75.0,269.0,Texas A&M,2014,7,94,6.0,0.0,False,Active
Atlanta Falcons,WR,Stefon,Diggs,14.0,72.0,191.0,Maryland,2015,146,94,4.0,1.0,False,Active
Atlanta Falcons,WR,Matthew,Slater,18.0,72.0,205.0,UCLA,2008,153,93,10.0,2.0,False,Active
Atlanta Falcons,TE,George,Kittle,85.0,76.0,250.0,Iowa,2017,146,95,6.0,2.0,False,Active
Atlanta Falcons,TE,Jimmy,Graham,80.0,79.0,265.0,Miami (FL),2010,95,94,5.0,1.0,False,Active
Atlanta Falcons,TE,Greg,Olsen,88.0,77.0,255.0,Miami (FL),2007,31,88,3.0,0.0,False,Active
Atlanta Falcons,OT,Steve,Wright,,,,Northern Iowa,1981,UD,75,,,,Active
Atlanta Falcons,OT,Alan,Veingrad,,77.0,277.0,East Texas State,1985,UD,75,,,,Active
Atlanta Falcons,OT,Bill,Bealles,,,,Northern Iowa,1986,UD,75,,,,Active
Atlanta Falcons,C,Travis,Frederick,72.0,76.0,320.0,Wisconsin,2013,31,90,5.0,1.0,False,FA Signed
Atlanta Falcons,C,Rodney,Hudson,61.0,74.0,315.0,Florida St.,2011,55,87,3.0,0.0,False,Active
Atlanta Falcons,DE,Ron,Spears,,,,San Diego State,1981,UD,75,,,,Active
Atlanta Falcons,DE,Mike,Durrette,,,,West Virginia,1982,UD,75,,,,Active
Atlanta Falcons,DE,Jeff,Stover,,,,Oregon,1982,UD,75,,,,Active
Atlanta Falcons,DE,Keith,Willis,,73.0,251.0,Northeastern,1982,UD,75,,,,Active
Atlanta Falcons,DT,Gerald,McCoy,93.0,76.0,300.0,Oklahoma,2010,3,96,6.0,1.0,False,Active
Atlanta Falcons,DT,Jurrell,Casey,99.0,73.0,305.0,USC,2011,77,91,5.0,0.0,False,Active
Atlanta Falcons,DT,Linval,Joseph,98.0,76.0,328.0,East Carolina,2010,46,89,2.0,0.0,False,Active
Atlanta Falcons,DT,Kenny,Clark,97.0,75.0,314.0,UCLA,2016,27,86,3.0,0.0,False,Active
Atlanta Falcons,DL,Jeremy,Beal,,75.0,276.0,Oklahoma,2011,247,65,0.0,0.0,False,Active
Atlanta Falcons,LB,Anthony,Dickerson,,74.0,220.0,SMU,1980,UD,75,,,,Active
Atlanta Falcons,LB,John,Pointer,,74.0,225.0,Vanderbilt,1980,UD,75,,,,Active
Atlanta Falcons,LB,Terry,Rennaker,,78.0,225.0,Stanford,1980,UD,75,,,,Active
Atlanta Falcons,LB,Steve,Shull,,,,William & Mary,1980,UD,75,,,,Active
Atlanta Falcons,LB,Kevin,Turner,,74.0,223.0,Pacific,1980,UD,75,,,,Active
Atlanta Falcons,LB,Mike,Whittington,,,,Notre Dame,1980,UD,75,,,,Active
Atlanta Falcons,CB,Harrison,Smith,22.0,74.0,211.0,Notre Dame,2012,29,97,6.0,1.0,False,Active
Atlanta Falcons,CB,Tyrann,Mathieu,32.0,69.0,190.0,LSU,2013,69,97,3.0,3.0,False,Active
Atlanta Falcons,CB,Darius,Slay,23.0,72.0,192.0,Mississippi St.,2013,36,96,6.0,1.0,False,Active
Atlanta Falcons,CB,Marcus,Peters,24.0,72.0,197.0,Washington,2015,18,92,3.0,2.0,False,Active
Atlanta Falcons,CB,Xavien,Howard,25.0,73.0,203.0,Baylor,2016,38,89,4.0,1.0,False,Active
Atlanta Falcons,S,Steve,Carpenter,,,,Western Illinois,1980,UD,75,,,,Active
Atlanta Falcons,S,Dextor,Clinkscale,,,,South Carolina State,1980,UD,75,,,,Active
Atlanta Falcons,S,Alvin,Hall,,70.0,193.0,Miami (OH),1980,UD,75,,,,Active
Atlanta Falcons,S,Mark,Murphy,,76.0,210.0,West Liberty,1980,UD,75,,,,Active
Atlanta Falcons,DB,Roger,Jackson,,72.0,186.0,Bethune–Cookman,1982,UD,75,,,,Active
Atlanta Falcons,DB,Mike,Kennedy,,,,Toledo,1982,UD,75,,,,Active
Atlanta Falcons,DB,D.D.,Hoggard,,,,NC State,1983,UD,75,,,,Active
Atlanta Falcons,K,Nick,Folk,6.0,73.0,222.0,Arizona,2007,178,82,1.0,0.0,False,Active
Atlanta Falcons,P,Thomas,Morstead,6.0,76.0,225.0,SMU,2009,164,80,1.0,0.0,False,Active
Baltimore Ravens,QB,Ben,Roethlisberger,7.0,77.0,240.0,Miami (OH),2004,11,97,6.0,0.0,False,Active
Baltimore Ravens,QB,Matt,Ryan,2.0,77.0,220.0,Boston Col.,2008,3,96,4.0,1.0,False,Active
Baltimore Ravens,QB,Kirk,Cousins,8.0,75.0,205.0,Michigan St.,2012,102,92,4.0,0.0,False,Active
Baltimore Ravens,RB,Calvin,Thomas,,71.0,239.0,Illinois,1982,UD,75,,,,Active
Baltimore Ravens,RB,Frank,Middleton,73.0,75.0,330.0,Florida A&M,1983,UD,75,,,,Active
Baltimore Ravens,RB,Dennis,Bligen,,71.0,215.0,St. John's (NY),1984,UD,75,,,,Active
Baltimore Ravens,RB,Don,Goodman,,,,Cincinnati,1984,UD,75,,,,Active
Baltimore Ravens,FB,Zach,Zenner,34.0,,,South Dakota St.,2015,UD,75,,,,Active
Baltimore Ravens,WR,T.Y.,Hilton,13.0,,,Florida International,2012,92,90,4.0,0.0,False,Active
Baltimore Ravens,WR,Amari,Cooper,19.0,73.0,210.0,Alabama,2015,4,90,5.0,0.0,False,Active
Baltimore Ravens,WR,Justin,Jefferson,18.0,73.0,195.0,LSU,2020,22,90,4.0,2.0,False,Active
Baltimore Ravens,WR,Dez,Bryant,88.0,74.0,220.0,Oklahoma St.,2010,24,89,3.0,1.0,False,Active
Baltimore Ravens,WR,Tyler,Lockett,16.0,70.0,182.0,Kansas St.,2015,69,87,1.0,1.0,False,Active
Baltimore Ravens,WR,Jarvis,Landry,14.0,71.0,202.0,LSU,2014,63,87,5.0,0.0,False,Active
Baltimore Ravens,TE,Zach,Ertz,86.0,77.0,250.0,Stanford,2013,35,86,3.0,0.0,False,Active
Baltimore Ravens,TE,Jared,Cook,89.0,77.0,246.0,South Carolina,2009,89,83,2.0,0.0,False,Active
Baltimore Ravens,TE,Kyle,Rudolph,82.0,78.0,258.0,Notre Dame,2011,43,80,2.0,0.0,False,Active
Baltimore Ravens,OT,Keith,Cupp,,78.0,301.0,Findlay,1986,UD,75,,,,Active
Baltimore Ravens,OT,Rory,Graves,,78.0,280.0,Ohio State,1986,UD,75,,,,Active
Baltimore Ravens,OT,Barry,Pettyjohn,,77.0,285.0,Pittsburgh,1986,UD,75,,,,Active
Baltimore Ravens,C,Corey,Linsley,63.0,75.0,301.0,Ohio St.,2014,161,86,1.0,1.0,False,Active
Baltimore Ravens,C,Ryan,Kelly,78.0,76.0,307.0,Alabama,2016,18,86,4.0,0.0,False,Active
Baltimore Ravens,DE,Bob,Hamm,,,,Nevada,1983,UD,75,,,,Active
Baltimore Ravens,DE,Scott,Virkus,,77.0,260.0,Purdue,1983,UD,75,,,,Active
Baltimore Ravens,DE,Tony,DeLuca,,,,Rhode Island,1984,UD,75,,,,Active
Baltimore Ravens,DE,Shawn,Miller,,76.0,255.0,Utah State,1984,UD,75,,,,Active
Baltimore Ravens,DT,Domata,Peko,94.0,75.0,325.0,Michigan St.,2006,123,85,0.0,0.0,False,Active
Baltimore Ravens,DT,Lawrence,Guy,93.0,76.0,315.0,Arizona St.,2011,233,84,0.0,0.0,False,Active
Baltimore Ravens,DT,Grady,Jarrett,97.0,73.0,294.0,Clemson,2015,137,84,2.0,0.0,False,Active
Baltimore Ravens,DT,Javon,Hargrave,79.0,74.0,307.0,South Carolina St.,2016,89,83,2.0,0.0,False,Active
Baltimore Ravens,LB,Kervin,Wyatt,,73.0,235.0,Maryland,1980,UD,75,,,,Active
Baltimore Ravens,LB,Paul,Davis,,74.0,221.0,North Carolina,1981,UD,75,,,,Active
Baltimore Ravens,LB,Greg,Gaines,91.0,73.0,312.0,Tennessee,1981,UD,75,,,,Active
Baltimore Ravens,LB,Mike,Humiston,,,,Weber State,1981,UD,75,,,,Active
Baltimore Ravens,LB,Mel,Kaufman,,,,Cal Poly,1981,UD,75,,,,Active
Baltimore Ravens,LB,Angelo,King,,73.0,224.0,South Carolina State,1981,UD,75,,,,Active
Baltimore Ravens,CB,Malcolm,Jenkins,27.0,72.0,204.0,Ohio St.,2009,14,89,3.0,0.0,False,Active
Baltimore Ravens,CB,Devin,McCourty,32.0,70.0,195.0,Rutgers,2010,27,88,2.0,0.0,False,Active
Baltimore Ravens,CB,Joe,Haden,23.0,71.0,195.0,Florida,2010,7,87,3.0,0.0,False,Active
Baltimore Ravens,CB,Xavier,Rhodes,29.0,73.0,210.0,Florida St.,2013,25,86,3.0,1.0,False,Active
Baltimore Ravens,CB,Jordan,Poyer,21.0,72.0,191.0,Oregon St.,2013,218,86,1.0,1.0,False,Active
Baltimore Ravens,S,Kirk,Springs,,72.0,192.0,Miami (OH),1980,UD,75,,,,Active
Baltimore Ravens,S,Michael,Downs,,75.0,205.0,Rice,1981,UD,75,,,,Active
Baltimore Ravens,S,Blane,Gaison,,72.0,185.0,Hawaii,1981,UD,75,,,,Active
Baltimore Ravens,S,Rick,Gervais,,,,Stanford,1981,UD,75,,,,Active
Baltimore Ravens,DB,David,Kilson,,73.0,200.0,Nevada,1983,UD,75,,,,Active
Baltimore Ravens,DB,Lou,Rash,,,,Mississippi Valley State,1983,UD,75,,,,Active
Baltimore Ravens,DB,Jeff,Colter,,,,Kansas,1984,UD,75,,,,Active
Baltimore Ravens,K,Greg,Zuerlein,4.0,72.0,195.0,Missouri Western St.,2012,171,81,1.0,1.0,False,Active
Baltimore Ravens,P,Dustin,Colquitt,2.0,75.0,210.0,Tennessee,2005,99,80,2.0,0.0,False,Active
Buffalo Bills,QB,Derek,Carr,4.0,75.0,215.0,Fresno St.,2014,36,91,4.0,0.0,False,Active
Buffalo Bills,QB,Andy,Dalton,14.0,74.0,220.0,TCU,2011,35,91,3.0,0.0,False,Active
Buffalo Bills,QB,Matthew,Stafford,9.0,75.0,214.0,Georgia,2009,1,91,2.0,0.0,False,Active
Buffalo Bills,RB,Todd,Spencer,,72.0,203.0,USC,1984,UD,75,,,,Active
Buffalo Bills,RB,Reggie,Branch,,,,East Carolina,1985,UD,75,,,,Active
Buffalo Bills,RB,Herman,Fontenot,,72.0,206.0,LSU,1985,UD,75,,,,Active
Buffalo Bills,RB,Nick,Kowgios,,,,Lafayette,1985,UD,75,,,,Active
Buffalo Bills,FB,C.J.,Ham,30.0,,,Augustana (SD),2016,UD,75,,,,Active
Buffalo Bills,WR,CeeDee,Lamb,88.0,74.0,200.0,Oklahoma,2020,17,87,4.0,1.0,False,Active
Buffalo Bills,WR,Emmanuel,Sanders,10.0,71.0,180.0,SMU,2010,82,86,2.0,0.0,False,Active
Buffalo Bills,WR,Odell Beckham,Jr.,3.0,,,LSU,2014,12,86,3.0,0.0,False,Active
Buffalo Bills,WR,Randall,Cobb,18.0,70.0,192.0,Kentucky,2011,64,85,1.0,0.0,False,Active
Buffalo Bills,WR,Cooper,Kupp,10.0,74.0,205.0,Eastern Washington,2017,69,85,1.0,1.0,False,Active
Buffalo Bills,WR,Brandin,Cooks,10.0,70.0,193.0,Oregon St.,2014,20,84,0.0,0.0,False,Active
Buffalo Bills,TE,Evan,Engram,88.0,75.0,240.0,Mississippi,2017,23,78,2.0,0.0,False,Active
Buffalo Bills,TE,Austin,Hooper,81.0,76.0,254.0,Stanford,2016,81,78,2.0,0.0,False,Active
Buffalo Bills,TE,T.J.,Hockenson,87.0,,,Iowa,2019,8,77,2.0,0.0,False,Active
Buffalo Bills,OT,Stuart,Rindy,,77.0,266.0,Wisconsin–Whitewater,1986,UD,75,,,,Active
Buffalo Bills,OT,Jeff,Wenzel,,,,Tulane,1986,UD,75,,,,Active
Buffalo Bills,OT,John,Wojciechowski,,76.0,262.0,Michigan State,1986,UD,75,,,,Active
Buffalo Bills,C,Frank,Ragnow,77.0,77.0,311.0,Arkansas,2018,20,84,4.0,0.0,False,Active
Buffalo Bills,C,Shaq,Mason,69.0,73.0,310.0,Georgia Tech,2015,131,80,0.0,0.0,False,Active
Buffalo Bills,DE,Arnold,Campbell,,75.0,260.0,Alcorn State,1985,UD,75,,,,Active
Buffalo Bills,DE,Alex,Carter,33.0,,,Tennessee State,1985,UD,75,,,,Active
Buffalo Bills,DE,Dan,Coleman,,,,Murray State,1985,UD,75,,,,Active
Buffalo Bills,DE,Dale,Dorning,,77.0,260.0,Oregon,1985,UD,75,,,,Active
Buffalo Bills,DT,Dontari,Poe,92.0,75.0,342.0,Memphis,2012,11,83,2.0,0.0,False,Active
Buffalo Bills,DT,Sheldon,Richardson,91.0,75.0,290.0,Missouri,2013,13,82,1.0,0.0,False,Active
Buffalo Bills,DT,Dexter,Lawrence,97.0,76.0,340.0,Clemson,2019,17,82,3.0,0.0,False,Active
Buffalo Bills,DT,Jeffery,Simmons,98.0,76.0,305.0,Mississippi St.,2019,19,82,3.0,0.0,False,Active
Buffalo Bills,LB,Jim,Looney,,,,Purdue,1981,UD,75,,,,Active
Buffalo Bills,LB,Milt,McColl,,,,Stanford,1981,UD,75,,,,Active
Buffalo Bills,LB,Sam,Mills‡1,,,,Montclair State,1981,UD,75,,,,Active
Buffalo Bills,LB,Tim,Ross,,,,Bowling Green,1981,UD,75,,,,Active
Buffalo Bills,LB,Randy,Scott,,,,Alabama,1981,UD,75,,,,Active
Buffalo Bills,LB,Darren,Comeaux,,73.0,227.0,Arizona State,1982,UD,75,,,,Active
Buffalo Bills,CB,Kyle,Fuller,23.0,71.0,190.0,Virginia Tech,2014,14,84,2.0,1.0,False,Active
Buffalo Bills,CB,Tre'Davious,White,27.0,71.0,192.0,LSU,2017,27,84,2.0,1.0,False,Active
Buffalo Bills,CB,Marshon,Lattimore,23.0,72.0,192.0,Ohio St.,2017,11,83,4.0,0.0,False,Active
Buffalo Bills,CB,Denzel,Ward,21.0,71.0,190.0,Ohio St.,2018,4,83,4.0,0.0,False,Active
Buffalo Bills,CB,Casey,Hayward,29.0,71.0,192.0,Vanderbilt,2012,62,83,2.0,0.0,False,Active
Buffalo Bills,S,David,Petway,,73.0,207.0,Northern Illinois,1981,UD,75,,,,Active
Buffalo Bills,S,Frank,Wattelet,,72.0,185.0,Kansas,1981,UD,75,,,,Active
Buffalo Bills,S,Jim Bob,Morris,,,,Kansas State,1983,UD,75,,,,Active
Buffalo Bills,S,Paul,Moyer,,73.0,201.0,Arizona State,1983,UD,75,,,,Active
Buffalo Bills,DB,Ryan,Bethea,,,,South Carolina,1988,UD,75,,,,Active
Buffalo Bills,DB,Michael,Brooks,70.0,73.0,236.0,NC State,1989,UD,75,,,,Active
Buffalo Bills,DB,Brett,Young,,,,Oregon,1989,UD,75,,,,Active
Buffalo Bills,K,Mason,Crosby,2.0,73.0,207.0,Colorado,2007,193,79,0.0,0.0,False,Active
Buffalo Bills,P,Bryan,Anger,9.0,75.0,202.0,California,2012,70,79,2.0,0.0,False,Active
Carolina Panthers,QB,Jared,Goff,16.0,76.0,217.0,California,2016,1,90,4.0,0.0,False,Active
Carolina Panthers,QB,Dak,Prescott,4.0,74.0,238.0,Mississippi St.,2016,135,90,4.0,0.0,False,Active
Carolina Panthers,QB,Matt,Schaub,8.0,78.0,245.0,Virginia,2004,90,89,2.0,0.0,False,Active
Carolina Panthers,RB,Paul,Ott Carruth,,,,Alabama,1985,UD,75,,,,Active
Carolina Panthers,RB,Roosevelt,Snipes,,,,Florida State,1985,UD,75,,,,Active
Carolina Panthers,RB,Ken,Bell,,,,Boston College,1986,UD,75,,,,Active
Carolina Panthers,RB,Charles,Crawford,,74.0,235.0,Oklahoma State,1986,UD,75,,,,Active
Carolina Panthers,FB,Reggie,Gilliam,41.0,72.0,244.0,Toledo,2020,UD,75,,,,Active
Carolina Panthers,WR,Andre,Roberts,12.0,71.0,195.0,The Citadel,2010,88,83,3.0,1.0,False,Active
Carolina Panthers,WR,Golden,Tate,15.0,71.0,191.0,Notre Dame,2010,60,83,1.0,0.0,False,Active
Carolina Panthers,WR,Robert,Woods,10.0,75.0,255.0,USC,2013,41,82,0.0,0.0,False,Active
Carolina Panthers,WR,Julian,Edelman,11.0,70.0,198.0,Kent St.,2009,232,82,0.0,0.0,False,Active
Carolina Panthers,WR,Deebo,Samuel,19.0,72.0,215.0,South Carolina,2019,36,81,1.0,1.0,False,Active
Carolina Panthers,WR,D.K.,Metcalf,14.0,76.0,229.0,Mississippi,2019,64,81,2.0,0.0,False,Active
Carolina Panthers,TE,Clark,Harris,46.0,77.0,252.0,Rutgers,2007,243,76,1.0,0.0,False,Active
Carolina Panthers,TE,Donald,Parham,89.0,80.0,237.0,Stetson,2019,UD,75,,,,Active
Carolina Panthers,TE,Thaddeus,Moss,81.0,75.0,249.0,LSU,2020,UD,75,,,,Active
Carolina Panthers,OT,Mark,Boggs,,77.0,301.0,Ball State,1987,UD,75,,,,Active
Carolina Panthers,OT,Mark,Carlson,,78.0,284.0,Southern Connecticut State,1987,UD,75,,,,Active
Carolina Panthers,OT,Anthony,Corvino,,73.0,262.0,Southern Connecticut State,1987,UD,75,,,,Active
Carolina Panthers,C,Ali,Marpet,74.0,76.0,307.0,Hobart,2015,61,78,1.0,0.0,False,Active
Carolina Panthers,C,Graham,Glasgow,60.0,78.0,315.0,Michigan,2016,95,78,0.0,0.0,False,Active
Carolina Panthers,DE,Bill,Lobenstein,,,,Wisconsin–Whitewater,1985,UD,75,,,,Active
Carolina Panthers,DE,Jon,Norris,,,,American International,1985,UD,75,,,,Active
Carolina Panthers,DE,Don,Baldwin,,,,Purdue,1986,UD,75,,,,Active
Carolina Panthers,DE,Tim,Cofield,,74.0,243.0,Elizabeth City State,1986,UD,75,,,,Active
Carolina Panthers,DT,Michael,Brockers,90.0,77.0,297.0,LSU,2012,14,81,0.0,0.0,False,Active
Carolina Panthers,DT,Johnathan,Hankins,95.0,75.0,335.0,Ohio St.,2013,49,80,0.0,0.0,False,Active
Carolina Panthers,DT,Tyson,Alualu,93.0,75.0,304.0,California,2010,10,80,0.0,0.0,False,Active
Carolina Panthers,DT,Vita,Vea,50.0,76.0,347.0,Washington,2018,12,80,2.0,0.0,False,Active
Carolina Panthers,LB,Tim,Golden,,,,Florida,1982,UD,75,,,,Active
Carolina Panthers,LB,Joey,Lumpkin,,,,Arizona State,1982,UD,75,,,,Active
Carolina Panthers,LB,Larry,Rubens,,73.0,253.0,Montana State,1982,UD,75,,,,Active
Carolina Panthers,LB,Craig,Walls,,73.0,215.0,Indiana,1982,UD,75,,,,Active
Carolina Panthers,LB,Kyle,Whittingham,,72.0,232.0,BYU,1982,UD,75,,,,Active
Carolina Panthers,LB,Dale,Carver,,74.0,225.0,Georgia,1983,UD,75,,,,Active
Carolina Panthers,CB,Josh,Norman,24.0,72.0,200.0,Coastal Carolina,2012,143,83,1.0,1.0,False,Active
Carolina Panthers,CB,Micah,Hyde,23.0,72.0,197.0,Iowa,2013,159,82,1.0,0.0,False,Active
Carolina Panthers,CB,James,Bradberry,24.0,73.0,210.0,Samford,2016,62,79,1.0,0.0,False,Active
Carolina Panthers,CB,Justin,Bethel,28.0,72.0,195.0,Presbyterian,2012,177,79,3.0,0.0,False,Active
Carolina Panthers,CB,Jaire,Alexander,23.0,70.0,196.0,Louisville,2018,18,78,2.0,0.0,False,Active
Carolina Panthers,S,Vince,Albritton,,74.0,205.0,Washington,1984,UD,75,,,,Active
Carolina Panthers,S,Allen,Lyday,,70.0,190.0,Nebraska,1984,UD,75,,,,Active
Carolina Panthers,S,Andre,Waters,,71.0,200.0,Cheyney,1984,UD,75,,,,Active
Carolina Panthers,S,Dave,Edwards,,,,Illinois,1985,UD,75,,,,Active
Carolina Panthers,DB,Eric,Bergeson,,71.0,192.0,BYU,1990,UD,75,,,,Active
Carolina Panthers,DB,Mike,Iaquaniello,,,,Michigan State,1991,UD,75,,,,Active
Carolina Panthers,DB,Shawn,Vincent,,70.0,175.0,Akron,1991,UD,75,,,,Active
Carolina Panthers,K,Ryan,Succop,6.0,74.0,218.0,South Carolina,2009,256,77,0.0,0.0,False,Active
Carolina Panthers,P,Sam,Koch,4.0,73.0,222.0,Nebraska,2006,203,79,1.0,0.0,False,Active
Chicago Bears,QB,Joe,Flacco,5.0,78.0,245.0,Delaware,2008,18,88,0.0,0.0,False,Active
Chicago Bears,QB,Ryan,Fitzpatrick,14.0,74.0,228.0,Harvard,2005,250,88,0.0,0.0,False,Active
Chicago Bears,QB,Ryan,Tannehill,17.0,76.0,217.0,Texas A&M,2012,8,87,1.0,0.0,False,Active
Chicago Bears,RB,Tony,Dollinger,,,,Evangel,1986,UD,75,,,,Active
Chicago Bears,RB,Joe,Dudek,,,,Plymouth State,1986,UD,75,,,,Active
Chicago Bears,RB,Warren,Loving,,73.0,230.0,William Penn,1986,UD,75,,,,Active
Chicago Bears,RB,Broderick,Sargent,,70.0,215.0,Baylor,1986,UD,75,,,,Active
Chicago Bears,FB,Alec,Ingold,30.0,73.0,232.0,Wisconsin,2019,UD,75,,,,Active
Chicago Bears,WR,Alshon,Jeffery,17.0,75.0,218.0,South Carolina,2012,45,80,1.0,0.0,False,Active
Chicago Bears,WR,Terry,McLaurin,17.0,72.0,210.0,Ohio St.,2019,76,80,2.0,0.0,False,Active
Chicago Bears,WR,Chris,Godwin,14.0,73.0,209.0,Penn St.,2017,84,80,1.0,0.0,False,Active
Chicago Bears,WR,D.J.,Moore,30.0,,,Maryland,2018,24,79,0.0,0.0,False,Active
Chicago Bears,WR,Tyler,Boyd,83.0,74.0,203.0,Pittsburgh,2016,55,78,0.0,0.0,False,Active
Chicago Bears,WR,JuJu,Smith-Schuster,19.0,73.0,215.0,USC,2017,62,78,1.0,0.0,False,Active
Chicago Bears,TE,Shane,Zylstra,84.0,76.0,244.0,Minnesota St.,2020,UD,75,,,,Active
Chicago Bears,TE,Hunter,Henry,86.0,77.0,249.0,Arkansas,2016,35,75,0.0,0.0,False,Active
Chicago Bears,TE,Tyler,Higbee,89.0,78.0,253.0,Western Kentucky,2016,110,75,0.0,0.0,False,Active
Chicago Bears,OT,Jeff,Criswell,,,,Graceland,1987,UD,75,,,,Active
Chicago Bears,OT,Sean,Dowling,,76.0,280.0,C. W. Post,1987,UD,75,,,,Active
Chicago Bears,OT,Matt,Hanousek,,,,Utah State,1987,UD,75,,,,Active
Chicago Bears,C,A.Q.,Shipley,53.0,,,Penn St.,2009,226,77,0.0,0.0,False,Active
Chicago Bears,C,Stefen,Wisniewski,61.0,75.0,305.0,Penn St.,2011,48,77,0.0,0.0,False,Active
Chicago Bears,DE,Joe,Costello,,,,Central Connecticut State,1986,UD,75,,,,Active
Chicago Bears,DE,Alec,Gibson,,,,Illinois,1986,UD,75,,,,Active
Chicago Bears,DE,Elston,Ridgle,,78.0,260.0,Nevada,1986,UD,75,,,,Active
Chicago Bears,DE,Warren,Bone,,76.0,260.0,Texas Southern,1987,UD,75,,,,Active
Chicago Bears,DT,Daron,Payne,94.0,75.0,320.0,Alabama,2018,13,79,1.0,0.0,False,Active
Chicago Bears,DT,Maliek,Collins,96.0,74.0,310.0,Nebraska,2016,67,79,0.0,0.0,False,Active
Chicago Bears,DT,Kawann,Short,99.0,75.0,315.0,Purdue,2013,44,79,2.0,0.0,False,Active
Chicago Bears,DT,Mike,Daniels,76.0,72.0,310.0,Iowa,2012,132,79,1.0,0.0,False,Active
Chicago Bears,LB,Dan,DeRose,,,,CSU Pueblo,1983,UD,75,,,,Active
Chicago Bears,LB,David,Frye,,74.0,223.0,Purdue,1983,UD,75,,,,Active
Chicago Bears,LB,Gary,Plummer,,74.0,247.0,California,1983,UD,75,,,,Active
Chicago Bears,LB,Ed,Reynolds,39.0,73.0,207.0,Virginia,1983,UD,75,,,,Active
Chicago Bears,LB,Mike,Weddington,,,,Oklahoma,1983,UD,75,,,,Active
Chicago Bears,LB,Harry,Flaherty,,73.0,232.0,Holy Cross,1984,UD,75,,,,Active
Chicago Bears,CB,Buster,Skrine,22.0,69.0,187.0,Chattanooga,2011,137,77,0.0,0.0,False,Active
Chicago Bears,CB,Desmond,Trufant,21.0,73.0,190.0,Washington,2013,22,77,1.0,0.0,False,Active
Chicago Bears,CB,Jamal,Agnew,39.0,70.0,190.0,San Diego,2017,165,77,1.0,1.0,False,Active
Chicago Bears,CB,Wayne,Haddix,,,,Liberty,1987,UD,76,1.0,,,Active
Chicago Bears,CB,Marcus,Gilchrist,38.0,70.0,200.0,Clemson,2011,50,76,0.0,0.0,False,Active
Chicago Bears,S,Cornell,Gowdy,,73.0,196.0,Morgan State,1985,UD,75,,,,Active
Chicago Bears,S,Tiger,Greene,,,,Western Carolina,1985,UD,75,,,,Active
Chicago Bears,S,Tommy,Haynes,,,,USC,1985,UD,75,,,,Active
Chicago Bears,S,Brett,Maxie,,74.0,194.0,Texas Southern,1985,UD,75,,,,Active
Chicago Bears,K,Dean,Biasucci,,72.0,190.0,Western Carolina,1984,UD,76,1.0,,,Active
Chicago Bears,P,Kevin,Huber,10.0,73.0,210.0,Cincinnati,2009,142,77,1.0,0.0,False,Active
Cincinnati Bengals,QB,Baker,Mayfield,6.0,73.0,215.0,Oklahoma,2018,1,85,2.0,0.0,False,Active
Cincinnati Bengals,QB,Jalen,Hurts,1.0,73.0,223.0,Oklahoma,2020,53,84,2.0,0.0,False,Active
Cincinnati Bengals,QB,Deshaun,Watson,4.0,75.0,223.0,Clemson,2017,12,84,3.0,0.0,False,Active
Cincinnati Bengals,RB,Lee,Weigel,,71.0,220.0,Wisconsin–Eau Claire,1986,UD,75,,,,Active
Cincinnati Bengals,RB,Nathan,Wonsley,,70.0,190.0,Ole Miss,1986,UD,75,,,,Active
Cincinnati Bengals,RB,Clarence,Bailey,,71.0,220.0,Hampton,1987,UD,75,,,,Active
Cincinnati Bengals,RB,Karl,Bernard,,,,Southwestern Louisiana,1987,UD,75,,,,Active
Cincinnati Bengals,FB,Brad,Hoover,45.0,,,Western Carolina,2000,UD,75,,,,Active
Cincinnati Bengals,WR,Mohamed,Sanu,12.0,74.0,210.0,Rutgers,2012,83,77,0.0,0.0,False,Active
Cincinnati Bengals,WR,Sammy,Watkins,14.0,73.0,211.0,Clemson,2014,4,77,0.0,0.0,False,Active
Cincinnati Bengals,WR,Darren,Waller,83.0,78.0,238.0,Georgia Tech,2015,204,77,1.0,0.0,False,Active
Cincinnati Bengals,WR,Courtland,Sutton,14.0,75.0,216.0,SMU,2018,40,77,1.0,0.0,False,Active
Cincinnati Bengals,WR,Nelson,Agholor,15.0,72.0,200.0,USC,2015,20,76,0.0,0.0,False,Active
Cincinnati Bengals,WR,Jamison,Crowder,80.0,69.0,177.0,Duke,2015,105,76,0.0,0.0,False,Active
Cincinnati Bengals,TE,John,Brandes,,74.0,237.0,Cameron,1987,UD,75,,,,Active
Cincinnati Bengals,TE,Jake,Ballard,48.0,,,Ohio State,2010,UD,75,,,,Active
Cincinnati Bengals,TE,Kory,Sperry,82.0,77.0,265.0,Colorado St.,2009,UD,75,,,,Active
Cincinnati Bengals,OT,Shawn,Heffern,,77.0,270.0,Notre Dame,1987,UD,75,,,,Active
Cincinnati Bengals,OT,Walt,Housman,,,,Upsala,1987,UD,75,,,,Active
Cincinnati Bengals,OT,Ed,Konopasek,,,,Ball State,1987,UD,75,,,,Active
Cincinnati Bengals,C,Ted,Larsen,62.0,75.0,323.0,North Carolina St.,2010,205,77,0.0,0.0,False,Active
Cincinnati Bengals,C,Bart,Oates,,75.0,275.0,BYU,1983,UD,76,1.0,,,Active
Cincinnati Bengals,DE,Tommy,Dawkins,,75.0,260.0,Appalachian State,1987,UD,75,,,,Active
Cincinnati Bengals,DE,Jeff,Faulkner,,,,Southern,1987,UD,75,,,,Active
Cincinnati Bengals,DE,John,Klingel,,75.0,267.0,Eastern Kentucky,1987,UD,75,,,,Active
Cincinnati Bengals,DE,Suge,Knight,,,,UNLV,1987,UD,75,,,,Active
Cincinnati Bengals,DT,David,Onyemata,93.0,76.0,310.0,Manitoba,2016,120,78,0.0,0.0,False,Active
Cincinnati Bengals,DT,D.J.,Reader,98.0,,,Clemson,2016,166,78,0.0,0.0,False,Active
Cincinnati Bengals,DT,Davon,Godchaux,92.0,75.0,330.0,LSU,2017,178,78,0.0,0.0,False,Active
Cincinnati Bengals,DT,Arik,Armstead,91.0,79.0,290.0,Oregon,2015,17,78,0.0,0.0,False,Active
Cincinnati Bengals,LB,Mike,Reichenbach,,,,East Stroudsburg,1984,UD,75,,,,Active
Cincinnati Bengals,LB,Ken,Rose,,,,UNLV,1984,UD,75,,,,Active
Cincinnati Bengals,LB,Steve,Boadway,,,,Arizona,1985,UD,75,,,,Active
Cincinnati Bengals,LB,Derek,Bunch,,75.0,215.0,Michigan State,1985,UD,75,,,,Active
Cincinnati Bengals,LB,Julio,Cortes,,72.0,226.0,Miami (FL),1985,UD,75,,,,Active
Cincinnati Bengals,LB,Lamonte,Hunley,,,,Arizona,1985,UD,75,,,,Active
Cincinnati Bengals,CB,Jaylon,Johnson,33.0,72.0,195.0,Utah,2020,50,76,2.0,0.0,False,Active
Cincinnati Bengals,CB,Ronald,Darby,21.0,71.0,193.0,Florida St.,2015,50,76,0.0,0.0,False,Active
Cincinnati Bengals,CB,Steven,Nelson,20.0,71.0,194.0,Oregon St.,2015,98,76,0.0,0.0,False,Active
Cincinnati Bengals,CB,Shaquill,Griffin,26.0,72.0,198.0,Central Florida,2017,90,76,1.0,0.0,False,Active
Cincinnati Bengals,CB,Duron,Harmon,30.0,72.0,205.0,Rutgers,2013,91,76,0.0,0.0,False,Active
Cincinnati Bengals,S,Paul,Tripoli,,72.0,197.0,Alabama,1985,UD,75,,,,Active
Cincinnati Bengals,S,Pat,Ballage,,,,Notre Dame,1986,UD,75,,,,Active
Cincinnati Bengals,S,Todd,Bowles,,74.0,203.0,Temple,1986,UD,75,,,,Active
Cincinnati Bengals,S,Jack,Epps,,,,Kansas State,1986,UD,75,,,,Active
Cincinnati Bengals,K,David,Treadwell,,73.0,195.0,Clemson,1988,UD,76,1.0,,,Active
Cincinnati Bengals,P,Jeff,Gossett,,,,Eastern Illinois,1980,UD,76,1.0,,,Active
Cleveland Browns,QB,Kyler,Murray,1.0,70.0,207.0,Oklahoma,2019,1,84,2.0,0.0,False,Active
Cleveland Browns,QB,Tyrod,Taylor,2.0,73.0,217.0,Virginia Tech,2011,180,83,1.0,0.0,False,Active
Cleveland Browns,QB,Carson,Wentz,11.0,77.0,237.0,North Dakota St.,2016,2,83,1.0,0.0,False,Active
Cleveland Browns,RB,John,Chirico,,72.0,220.0,Columbia,1987,UD,75,,,,Active
Cleveland Browns,RB,Robert,DiRico,,70.0,202.0,Kutztown,1987,UD,75,,,,Active
Cleveland Browns,RB,Doug,DuBose,,,,Nebraska,1987,UD,75,,,,Active
Cleveland Browns,RB,Bruce,Hansen,,73.0,225.0,BYU,1987,UD,75,,,,Active
Cleveland Browns,FB,Scott,Dragos,45.0,74.0,245.0,Boston College,1998,UD,75,,,,Active
Cleveland Browns,WR,Kenny,Stills,10.0,73.0,202.0,Oklahoma,2013,144,76,0.0,0.0,False,Active
Cleveland Browns,WR,Calvin,Ridley,18.0,73.0,190.0,Alabama,2018,26,76,0.0,0.0,False,Active
Cleveland Browns,WR,Christian,Kirk,13.0,71.0,200.0,Texas A&M,2018,47,76,0.0,0.0,False,Active
Cleveland Browns,WR,Steven,Sims,82.0,70.0,176.0,Kansas,2019,UD,75,,,,Active
Cleveland Browns,WR,KaVontae,Turpin,9.0,69.0,153.0,TCU,2019,UD,75,,,,Active
Cleveland Browns,WR,Trenton,Irwin,16.0,74.0,204.0,Stanford,2019,UD,75,,,,Active
Cleveland Browns,TE,Tim,Hendrix,,,,Tennessee,1987,UD,75,,,,Active
Cleveland Browns,TE,Judd,Conrad,,,,Pitt,2010,UD,75,,,,Active
Cleveland Browns,TE,Mike,Caussin,82.0,,,JMU,2010,UD,75,,,,Active
Cleveland Browns,OT,Jeff,Lucas,,,,West Virginia,1987,UD,75,,,,Active
Cleveland Browns,OT,Jerry,Quaerna,,,,Michigan,1987,UD,75,,,,Active
Cleveland Browns,OT,Scott,Urch,,74.0,270.0,Virginia,1987,UD,75,,,,Active
Cleveland Browns,C,Jeff,Bostic,,74.0,245.0,Clemson,1980,UD,76,1.0,,,Active
Cleveland Browns,C,Jay,Hilgenberg,,75.0,250.0,Iowa,1981,UD,76,1.0,,,Active
Cleveland Browns,DE,Greg,Liter,,,,Iowa State,1987,UD,75,,,,Active
Cleveland Browns,DE,Ray,Perkins,,70.0,205.0,Virginia,1987,UD,75,,,,Active
Cleveland Browns,DE,Brian,Sisley,,76.0,235.0,South Dakota State,1987,UD,75,,,,Active
Cleveland Browns,DE,Calvin,Wallace,,75.0,230.0,West Virginia Tech,1987,UD,75,,,,Active
Cleveland Browns,DT,Nnamdi,Madubuike,92.0,75.0,305.0,Texas A&M,2020,71,78,2.0,0.0,False,Active
Cleveland Browns,DT,Star,Lotulelei,98.0,74.0,315.0,Utah,2013,14,78,0.0,0.0,False,Active
Cleveland Browns,DT,Dalvin,Tomlinson,94.0,75.0,335.0,Alabama,2017,55,78,0.0,0.0,False,Active
Cleveland Browns,DT,Jarran,Reed,90.0,75.0,315.0,Alabama,2016,49,78,0.0,0.0,False,Active
Cleveland Browns,LB,Art,Price,,,,Wisconsin,1985,UD,75,,,,Active
Cleveland Browns,LB,Paul,Vogel,,76.0,219.0,South Carolina,1985,UD,75,,,,Active
Cleveland Browns,LB,Paul,Butcher,,72.0,235.0,Wayne State,1986,UD,75,,,,Active
Cleveland Browns,LB,Anthony,Copeland,,74.0,250.0,Louisville,1986,UD,75,,,,Active
Cleveland Browns,LB,Rick,DiBernardo,,,,Notre Dame,1986,UD,75,,,,Active
Cleveland Browns,LB,Eric,Fairs,,75.0,235.0,Memphis,1986,UD,75,,,,Active
Cleveland Browns,CB,Ha Ha,Clinton-Dix,21.0,,,Alabama,2014,21,76,1.0,0.0,False,Active
Cleveland Browns,CB,Sandy,LaBeaux,,75.0,210.0,Cal State Hayward,1982,UD,75,,,,Active
Cleveland Browns,CB,James,Pierre,42.0,74.0,185.0,FAU,2020,UD,75,,,,Active
Cleveland Browns,CB,Dee,Alford,20.0,,,Tusculum,2020,UD,75,,,,Active
Cleveland Browns,CB,Leslie,Frazier,,72.0,189.0,Alcorn State,1981,UD,75,,,,Active
Cleveland Browns,S,J.C.,Pearson,,,,Washington,1986,UD,75,,,,Active
Cleveland Browns,S,Ed,Zeman,,,,Fort Lewis,1986,UD,75,,,,Active
Cleveland Browns,S,Chris,Barber,,,,North Carolina A&T,1987,UD,75,,,,Active
Cleveland Browns,S,Craig,Birdsong,,,,North Texas State,1987,UD,75,,,,Active
Cleveland Browns,K,Scott,Norwood,,72.0,207.0,James Madison,1982,UD,76,1.0,,,Active
Cleveland Browns,P,Rich,Camarillo,,,,Washington,1981,UD,76,1.0,,,Active
Dallas Cowboys,QB,Jameis,Winston,3.0,76.0,231.0,Florida St.,2015,1,83,1.0,0.0,False,Active
Dallas Cowboys,QB,Joe,Burrow,9.0,76.0,215.0,LSU,2020,1,82,2.0,0.0,False,Active
Dallas Cowboys,QB,Teddy,Bridgewater,5.0,74.0,210.0,Louisville,2014,32,81,1.0,0.0,False,Active
Dallas Cowboys,RB,Mike,Panepinto,,,,Canisius,1987,UD,75,,,,Active
Dallas Cowboys,RB,Dan,Rice,,,,Michigan,1987,UD,75,,,,Active
Dallas Cowboys,RB,John,Sterling,,74.0,203.0,Central State (OK),1987,UD,75,,,,Active
Dallas Cowboys,RB,Dwight,Stone,83.0,72.0,195.0,Middle Tennessee State,1987,UD,75,,,,Active
Dallas Cowboys,FB,Larry,Bowie,47.0,72.0,249.0,Georgia,1996,UD,75,,,,Active
Dallas Cowboys,WR,Marquez,Callaway,1.0,74.0,204.0,Tennessee,2020,UD,75,,,,Active
Dallas Cowboys,WR,Dan,Chisena,85.0,,,PSU,2020,UD,75,,,,Active
Dallas Cowboys,WR,Kendall,Hinton,9.0,72.0,195.0,Wake,2020,UD,75,,,,Active
Dallas Cowboys,WR,John,Hurst,6.0,74.0,190.0,West Georgia,2020,UD,75,,,,Active
Dallas Cowboys,WR,Mason,Kinsey,12.0,71.0,200.0,Berry,2020,UD,75,,,,Active
Dallas Cowboys,WR,Nick,Westrbook-Ikhine,,,,Indiana,2020,UD,75,,,,Active
Dallas Cowboys,TE,Nakia,Griffin-Stewart,87.0,77.0,260.0,Pitt,2020,UD,75,,,,Active
Dallas Cowboys,TE,Ricky,Seals-Jones,83.0,,,TA&M,2017,UD,75,,,,Active
Dallas Cowboys,TE,Matt,LaCosse,83.0,,,Illinois,2015,UD,75,,,,Active
Dallas Cowboys,OT,Ricky,Siglar,,79.0,308.0,San Jose State,1990,UD,75,,,,Active
Dallas Cowboys,OT,Mike,Keim,,,,BYU,1991,UD,75,,,,Active
Dallas Cowboys,OT,Derrick,Deese,63.0,75.0,289.0,USC,1992,UD,75,,,,Active
Dallas Cowboys,C,Braxston,Cave,60.0,75.0,305.0,ND,2013,UD,75,,,,Active
Dallas Cowboys,C,Badara,Traore,76.0,79.0,327.0,LSU,2020,UD,75,,,,Active
Dallas Cowboys,DE,John,Shannon,,75.0,269.0,Kentucky,1988,UD,75,,,,Active
Dallas Cowboys,DE,Pellom,McDaniels,77.0,75.0,280.0,Oregon State,1991,UD,75,,,,Active
Dallas Cowboys,DE,Sebastian,Barrie,,74.0,280.0,Liberty,1992,UD,75,,,,Active
Dallas Cowboys,DE,Mark,Flythe,,79.0,290.0,Penn State,1992,UD,75,,,,Active
Dallas Cowboys,DT,J.R.,Sweezy,64.0,,,North Carolina St.,2012,225,78,0.0,0.0,False,Active
Dallas Cowboys,DT,Derek,Wolfe,95.0,77.0,285.0,Cincinnati,2012,36,78,0.0,0.0,False,Active
Dallas Cowboys,DT,Corey,Liuget,94.0,74.0,300.0,Illinois,2011,18,77,0.0,0.0,False,Active
Dallas Cowboys,DT,Eddie,Goldman,91.0,75.0,320.0,Florida St.,2015,39,77,0.0,0.0,False,Active
Dallas Cowboys,LB,Jerry,Keeble,,75.0,230.0,Minnesota,1986,UD,75,,,,Active
Dallas Cowboys,LB,Mike,Knox,,,,Nebraska,1986,UD,75,,,,Active
Dallas Cowboys,LB,Eldridge,Milton,,73.0,235.0,Clemson,1986,UD,75,,,,Active
Dallas Cowboys,LB,Jay,Norvell,,,,Iowa,1986,UD,75,,,,Active
Dallas Cowboys,LB,Brad,Saar,,,,Ball State,1986,UD,75,,,,Active
Dallas Cowboys,LB,Sam,Anno,,,,USC,1987,UD,75,,,,Active
Dallas Cowboys,CB,Sam,Washington,,,,Mississippi Valley State,1982,UD,75,,,,Active
Dallas Cowboys,CB,Jim,Thorpe,,,,Hofstra,1969,437,75,0.0,0.0,True,Active
Dallas Cowboys,CB,Mike,Dennis,,,,Wyoming,1980,UD,75,,,,Active
Dallas Cowboys,CB,Paul,Dombroski,,72.0,185.0,Linfield,1980,UD,75,,,,Active
Dallas Cowboys,CB,Jeff,George,3.0,,,Illinois State,1980,UD,75,,,,Active
Dallas Cowboys,S,Danny,Burmeister,,,,North Carolina,1987,UD,75,,,,Active
Dallas Cowboys,S,Cris,D'Annunzio,,,,Princeton,1987,UD,75,,,,Active
Dallas Cowboys,S,Tony,Elliott,,,,Central Michigan,1987,UD,75,,,,Active
Dallas Cowboys,S,Anthony,Harrison,,,,Georgia Tech,1987,UD,75,,,,Active
Dallas Cowboys,K,Cary,Blanchard,15.0,,,Oklahoma State,1991,UD,76,1.0,,,Active
Dallas Cowboys,P,Jeff,Feagles,18.0,,,Miami,1988,UD,76,1.0,,,Active
Denver Broncos,QB,Marcus,Mariota,8.0,76.0,222.0,Oregon,2015,2,81,0.0,0.0,False,Active
Denver Broncos,QB,Justin,Herbert,10.0,78.0,236.0,Oregon,2020,6,81,1.0,0.0,False,Active
Denver Broncos,QB,Jimmy,Garoppolo,10.0,74.0,225.0,Eastern Illinois,2014,62,79,0.0,0.0,False,Active
Denver Broncos,RB,Mike,Varajon,,,,Toledo,1987,UD,75,,,,Active
Denver Broncos,RB,Kevin,Willhite,,71.0,208.0,Oregon,1987,UD,75,,,,Active
Denver Broncos,RB,Al,Wolden,,,,Bemidji State,1987,UD,75,,,,Active
Denver Broncos,RB,Jeff,Womack,,,,Memphis State,1987,UD,75,,,,Active
Denver Broncos,FB,Mike,Hagen,,,,Montana,1982,UD,75,,,,Active
Denver Broncos,WR,Oronde,Gadsden,86.0,74.0,215.0,Winston–Salem State,1995,UD,75,,,,Active
Denver Broncos,WR,Freddie,Soloman,,,,SC St.,1995,UD,75,,,,Active
Denver Broncos,WR,Brett,Bech,,73.0,201.0,LSU,1995,UD,75,,,,Active
Denver Broncos,WR,Fabien,Bownes,19.0,71.0,189.0,Western Illinois,1995,UD,75,,,,Active
Denver Broncos,WR,Ben,Bronson,,,,Baylor,1995,UD,75,,,,Active
Denver Broncos,WR,Mark,Seay,,72.0,175.0,Long Beach State,1992,UD,75,,,,Active
Denver Broncos,TE,Mark,Walczak,,78.0,255.0,Arizona,1986,UD,75,,,,Active
Denver Broncos,TE,Xavier,Grimble,85.0,76.0,261.0,USC,2014,UD,75,,,,Active
Denver Broncos,TE,Marcel,Jensen,87.0,78.0,270.0,Fresno St.,2014,UD,75,,,,Active
Denver Broncos,C,Donovan,Raiola,59.0,74.0,293.0,Wisconsin,2006,UD,75,,,,Active
Denver Broncos,C,Joe,Bock,,,,Virginia,1981,UD,75,,,,Active
Denver Broncos,DE,Darren,Mickell,92.0,77.0,285.0,Florida,1992,UD,75,,,,Active
Denver Broncos,DE,Willie,Oshodin,,,,Villanova,1992,UD,75,,,,Active
Denver Broncos,DT,Larry,Ogunjobi,65.0,75.0,305.0,Charlotte,2017,65,77,0.0,0.0,False,Active
Denver Broncos,DT,Brian,Sochia,,75.0,252.0,Northwestern Oklahoma State,1983,UD,76,1.0,,,Active
Denver Broncos,DT,Rakeem,Nunez-Roches,56.0,74.0,305.0,Southern Miss,2015,217,76,0.0,0.0,False,Active
Denver Broncos,DT,Jordan,Phillips,97.0,78.0,341.0,Oklahoma,2015,52,76,0.0,0.0,False,Active
Denver Broncos,LB,Steve,Apke,,,,Pittsburgh,1987,UD,75,,,,Active
Denver Broncos,LB,Todd,Auer,,73.0,230.0,Western Illinois,1987,UD,75,,,,Active
Denver Broncos,LB,Matt,Battaglia,,,,Louisville,1987,UD,75,,,,Active
Denver Broncos,LB,Brian,Bosworth,,74.0,248.0,Oklahoma,1987,UD,75,,,,Active
Denver Broncos,LB,Ron,Burton,,,,North Carolina,1987,UD,75,,,,Active
Denver Broncos,LB,Dave,Butler,,,,Notre Dame,1987,UD,75,,,,Active
Denver Broncos,CB,Elbert,Foules,,71.0,185.0,Alcorn State,1983,UD,75,,,,Active
Denver Broncos,CB,Van,Jakes,,72.0,185.0,Kent State,1983,UD,75,,,,Active
Denver Broncos,CB,Josh,Nurse,38.0,,,Utah,2020,UD,75,,,,Active
Denver Broncos,CB,Breon,Borders,41.0,72.0,189.0,Duke,2017,UD,75,,,,Active
Denver Broncos,CB,Roy,Bennett,,74.0,195.0,Jackson State,1984,UD,75,,,,Active
Denver Broncos,S,Ray,Isom,,,,Penn State,1987,UD,75,,,,Active
Denver Broncos,S,Larry,Joyner,,72.0,207.0,Minnesota,1987,UD,75,,,,Active
Denver Broncos,S,Dan,Land,,,,Albany State,1987,UD,75,,,,Active
Denver Broncos,S,Chris,Mandeville,,,,UC Davis,1987,UD,75,,,,Active
Denver Broncos,K,John,Carney,3.0,71.0,185.0,Notre Dame,1987,UD,76,1.0,,,Active
Denver Broncos,P,Rick,Tuten,,,,Florida State,1988,UD,76,1.0,,,Active
Detroit Lions,QB,Tua,Tagovailoa,1.0,73.0,225.0,Alabama,2020,5,78,1.0,0.0,False,Active
Detroit Lions,QB,Mitchell,Trubisky,10.0,74.0,222.0,North Carolina,2017,2,78,1.0,0.0,False,Active
Detroit Lions,QB,Sam,Darnold,14.0,75.0,225.0,USC,2018,3,77,1.0,0.0,False,Active
Detroit Lions,RB,Curtis,Stewart,,71.0,208.0,Auburn,1988,UD,75,,,,Active
Detroit Lions,RB,John,Harvey,,71.0,185.0,UTEP,1989,UD,75,,,,Active
Detroit Lions,RB,Garrett,Limbrick,,74.0,235.0,Oklahoma State,1989,UD,75,,,,Active
Detroit Lions,RB,Mike,Lowman,,,,Coffeyville J.C.,1989,UD,75,,,,Active
Detroit Lions,FB,Ed,Toner,,,,Boston College,1991,UD,75,,,,Active
Detroit Lions,WR,Deonte,Harty,11.0,66.0,170.0,Assumption,2019,UD,75,,,,Active
Detroit Lions,WR,Ronnie,Powell,,70.0,174.0,Northwestern State,1999,UD,75,,,,Active
Detroit Lions,WR,Kevin,Swayne,82.0,73.0,191.0,Wayne State,1997,UD,75,,,,Active
Detroit Lions,WR,Damon,Dunn,83.0,69.0,182.0,Stanford,1998,UD,75,,,,Active
Detroit Lions,WR,Brian,Finneran,86.0,77.0,210.0,Villanova,1998,UD,75,,,,Active
Detroit Lions,WR,Tony,Horne,82.0,,,Clemson,1998,UD,75,,,,Active
Detroit Lions,TE,Eli,Wolf,87.0,,,Georgia,2020,UD,75,,,,Active
Detroit Lions,TE,Cameron,Brate,84.0,77.0,245.0,Harvard,2014,UD,75,,,,Active
Detroit Lions,TE,A.C.,Leonard,,,,Tennessee St.,2014,UD,75,,,,Active
Detroit Lions,C,Drew,Nowak,64.0,75.0,292.0,Western Michigan,2012,UD,75,,,,Active
Detroit Lions,C,Sean,Pollard,69.0,,,Clemson,2020,UD,75,,,,Active
Detroit Lions,DT,Sheldon,Rankins,98.0,74.0,305.0,Louisville,2016,12,76,0.0,0.0,False,Active
Detroit Lions,DT,Ed,Oliver,91.0,73.0,287.0,Houston,2019,9,76,0.0,0.0,False,Active
Detroit Lions,DT,Jim,Burt,,,,Miami,1981,UD,76,1.0,,,Active
Detroit Lions,DT,Joe,Nash,,,,Boston College,1982,UD,76,1.0,,,Active
Detroit Lions,LB,Toney,Catchings,,75.0,236.0,Cincinnati,1987,UD,75,,,,Active
Detroit Lions,LB,Bobby,Curtis,,,,Savannah State,1987,UD,75,,,,Active
Detroit Lions,LB,Joe,DeForest,,,,Southwestern Louisiana,1987,UD,75,,,,Active
Detroit Lions,LB,Jim,Dick,,,,North Dakota State,1987,UD,75,,,,Active
Detroit Lions,LB,Scott,Fox,,,,Austin Peay,1987,UD,75,,,,Active
Detroit Lions,LB,Brian,Gant,,72.0,235.0,Illinois State,1987,UD,75,,,,Active
Detroit Lions,CB,Marquis,Walker,38.0,70.0,175.0,Southeast Missouri State,1996,UD,75,,,,Active
Detroit Lions,CB,Michael,Jaquet,,,,UL Mon.,2020,UD,75,,,,Active
Detroit Lions,CB,Sherman,Cocroft,,73.0,195.0,San Jose State,1984,UD,75,,,,Active
Detroit Lions,CB,Wymon,Henderson,,70.0,190.0,UNLV,1985,UD,75,,,,Active
Detroit Lions,CB,Darrel,Hopper,,73.0,196.0,USC,1985,UD,75,,,,Active
Detroit Lions,S,Robert,Niehoff,,74.0,205.0,Cincinnati,1987,UD,75,,,,Active
Detroit Lions,S,Donovan,Small,,71.0,190.0,Minnesota,1987,UD,75,,,,Active
Detroit Lions,S,Todd,Krumm,,72.0,189.0,Michigan State,1988,UD,75,,,,Active
Detroit Lions,S,Pat,Eilers,,,,Notre Dame,1990,UD,75,,,,Active
Detroit Lions,K,Mike,Nugent,2.0,70.0,190.0,Ohio St.,2005,47,76,0.0,0.0,False,Active
Detroit Lions,P,Michael,Dickson,4.0,74.0,208.0,Texas,2018,149,76,1.0,1.0,False,Active
Green Bay Packers,QB,Chad,Henne,7.0,75.0,230.0,Michigan,2008,57,77,0.0,0.0,False,Active
Green Bay Packers,QB,Nick,Foles,9.0,78.0,243.0,Arizona,2012,88,77,1.0,0.0,False,Active
Green Bay Packers,QB,Robert Griffin,III,3.0,,,Baylor,2012,2,77,1.0,0.0,False,Active
Green Bay Packers,RB,Alvin,Mitchell,,72.0,235.0,Auburn,1989,UD,75,,,,Active
Green Bay Packers,RB,Blake,Ezor,,69.0,181.0,Michigan State,1990,UD,75,,,,Active
Green Bay Packers,RB,Derek,Loville,,70.0,210.0,Oregon,1990,UD,75,,,,Active
Green Bay Packers,RB,Don,Overton,,,,Fairmont State,1990,UD,75,,,,Active
Green Bay Packers,FB,Chris,Hetherington,44.0,,,Yale,1996,UD,75,,,,Active
Green Bay Packers,WR,DJ,Montgomery,,73.0,201.0,Austin Peay,2019,UD,75,,,,Active
Green Bay Packers,WR,Stanley,Morgan,17.0,72.0,205.0,Nebraska,2019,UD,75,,,,Active
Green Bay Packers,WR,Gunner,Olszewski,80.0,72.0,190.0,Bemidji State,2019,UD,75,,,,Active
Green Bay Packers,WR,David,Sills,84.0,75.0,211.0,WVU,2019,UD,75,,,,Active
Green Bay Packers,WR,Antoine,Wesley,84.0,76.0,206.0,TTech,2019,UD,75,,,,Active
Green Bay Packers,WR,Olamide,Zaccheaus,17.0,68.0,199.0,Virginia,2019,UD,75,,,,Active
Green Bay Packers,TE,Bryce,Sterk,71.0,,,Montana St.,2020,UD,75,,,,Active
Green Bay Packers,TE,Charlie,Taumoepeau,47.0,,,Portland St.,2020,UD,75,,,,Active
Green Bay Packers,TE,Noah,Togiai,83.0,76.0,244.0,Oregon St.,2020,UD,75,,,,Active
Green Bay Packers,C,Danny,Aiken,48.0,,,Virginia,2011,UD,75,,,,Active
Green Bay Packers,C,Ryan,Neill,72.0,75.0,253.0,Rutgers,2006,UD,75,,,,Active
Green Bay Packers,DT,Mark,Tuinei,,77.0,314.0,Hawaii,1983,UD,76,1.0,,,Active
Green Bay Packers,DT,Josh,Avery,63.0,76.0,320.0,SE Miss St.,2020,UD,75,,,,Active
Green Bay Packers,DT,Breiden,Fehoko,96.0,75.0,300.0,LSU,2020,UD,75,,,,Active
Green Bay Packers,DT,Lorenzo,Neal Jr,,,,Purdue,2020,UD,75,,,,Active
Green Bay Packers,LB,Jeff,Hurd,,,,Kansas State,1987,UD,75,,,,Active
Green Bay Packers,LB,Tim,Inglis,,,,Toledo,1987,UD,75,,,,Active
Green Bay Packers,LB,Mike,January,,,,Texas,1987,UD,75,,,,Active
Green Bay Packers,LB,Ken,Jordan,,,,Tuskegee,1987,UD,75,,,,Active
Green Bay Packers,LB,Mike,Kovaleski,,,,Notre Dame,1987,UD,75,,,,Active
Green Bay Packers,LB,Bob,LeBlanc,,,,Elon,1987,UD,75,,,,Active
Green Bay Packers,CB,Terry,Cousin,21.0,69.0,185.0,South Carolina,1997,UD,75,,,,Active
Green Bay Packers,CB,Mike,Ford,38.0,,,SE Missouri St.,2018,UD,75,,,,Active
Green Bay Packers,CB,Gavin,Heslop,38.0,72.0,197.0,Stony Brook,2020,UD,75,,,,Active
Green Bay Packers,CB,Grant,Haley,34.0,69.0,190.0,PSU,2018,UD,75,,,,Active
Green Bay Packers,CB,Charles,Huff,,71.0,195.0,Presbyterian,1985,UD,75,,,,Active
Green Bay Packers,S,Tim,Hauck,45.0,,,Montana,1990,UD,75,,,,Active
Green Bay Packers,S,Dedrick,Dodge,,74.0,184.0,Florida State,1991,UD,75,,,,Active
Green Bay Packers,S,Doug,Terry,,,,Kansas,1992,UD,75,,,,Active
Green Bay Packers,K,Seth,Marler,6.0,,,Tulane,2003,UD,75,,,,Active
Green Bay Packers,P,Stan,Talley,,,,TCU,1981,UD,75,,,,Active
Houston Texans,QB,Bobby,Hebert,,76.0,215.0,Northwestern State,1983,UD,76,1.0,,,Active
Houston Texans,QB,Blake,Bortles,5.0,77.0,236.0,Central Florida,2014,3,76,0.0,0.0,False,FA Signed
Houston Texans,QB,Bernie,Kosar,,77.0,214.0,Miami (FL),1985,UD,76,1.0,,,Active
Houston Texans,RB,Eric,Lynch,,70.0,224.0,Grand Valley State,1992,UD,75,,,,Active
Houston Texans,RB,Anthony,Lynn,,75.0,230.0,Texas Tech,1992,UD,75,,,,Active
Houston Texans,RB,Derrick,Ned,,73.0,230.0,Grambling State,1992,UD,75,,,,Active
Houston Texans,RB,Bernie,Parmalee,34.0,,,Ball State,1992,UD,75,,,,Active
Houston Texans,FB,Mike,Augustyniak,,,,Purdue,1980,UD,75,,,,Active
Houston Texans,WR,Joe,Schmidt,,,,Miami (FL),1971,228,75,0.0,0.0,True,Active
Houston Texans,WR,Jakobi,Meyers,16.0,73.0,193.0,NC State,2019,UD,75,,,,Active
Houston Texans,WR,Jalen,Guyton,15.0,73.0,212.0,North Texas,2019,UD,75,,,,Active
Houston Texans,WR,Ashton,Dulin,16.0,74.0,215.0,Malone,2019,UD,75,,,,Active
Houston Texans,WR,Keelan,Doss,18.0,75.0,215.0,UC Davis,2019,UD,75,,,,Active
Houston Texans,WR,Devin,Duvernay,13.0,71.0,202.0,Texas,2020,92,75,2.0,1.0,False,Active
Houston Texans,TE,Johnny,Mundt,82.0,,,Oregon,2017,UD,75,,,,Active
Houston Texans,TE,Darren,Fells,85.0,79.0,281.0,UC Irvine,2013,UD,75,,,,Active
Houston Texans,TE,Matt,Furstenburg,,75.0,244.0,Maryland,2013,UD,75,,,,Active
Houston Texans,C,Nick,McDonald,65.0,,,Grand Valley St.,2010,UD,75,,,,Active
Houston Texans,C,Trystan,Colon,63.0,75.0,317.0,Mizzou,2020,UD,75,,,,Active
Houston Texans,DT,Kevin,Givens,90.0,73.0,285.0,PSU,2019,UD,75,,,,Active
Houston Texans,DT,Daniel,Ekuale,95.0,75.0,300.0,Washington St.,2018,UD,75,,,,Active
Houston Texans,DT,Derrick,Nnadi,91.0,73.0,317.0,Florida St.,2018,75,75,0.0,0.0,False,Active
Houston Texans,DT,Trevon,Coley,70.0,73.0,300.0,FAU,2016,UD,75,,,,Active
Houston Texans,LB,Jerry,McCabe,,,,Holy Cross,1987,UD,75,,,,Active
Houston Texans,LB,Joe,McHale,,,,Delaware,1987,UD,75,,,,Active
Houston Texans,LB,Steve,Nave,,,,Kansas,1987,UD,75,,,,Active
Houston Texans,LB,Doug,Rothschild,,,,Wheaton,1987,UD,75,,,,Active
Houston Texans,LB,Scott,Schutt,,76.0,218.0,North Dakota State,1987,UD,75,,,,Active
Houston Texans,LB,Eugene,Seale,,70.0,250.0,Lamar,1987,UD,75,,,,Active
Houston Texans,CB,Tony,Blevins,26.0,72.0,165.0,Kansas,1998,UD,75,,,,Active
Houston Texans,CB,Andre,Chachere,36.0,72.0,197.0,SJSt.,2018,UD,75,,,,Active
Houston Texans,CB,Javelin,Guidry Jr.,,,,Utah,2020,UD,75,,,,Active
Houston Texans,CB,Leon,Thomasson,,71.0,190.0,Texas Southern,1985,UD,75,,,,Active
Houston Texans,CB,Mark,Harper,,69.0,174.0,Alcorn State,1986,UD,75,,,,Active
Houston Texans,K,Robbie,Gould,9.0,,,PSU,2005,UD,75,,,,Active
Houston Texans,P,Dave,Smigelsky,,,,Virginia Tech,1981,UD,75,,,,Active
Indianapolis Colts,QB,Dave,Krieg,,,,Milton College,1980,UD,76,1.0,,,Active
Indianapolis Colts,QB,Jacoby,Brissett,7.0,76.0,235.0,North Carolina St.,2016,91,76,0.0,0.0,False,Active
Indianapolis Colts,QB,J.T.,Barrett,5.0,,,Bucks,2018,UD,75,,,,Active
Indianapolis Colts,RB,Jason,Burns,,67.0,195.0,Wisconsin,1995,UD,75,,,,Active
Indianapolis Colts,RB,Dennis,Lundy,,69.0,190.0,Northwestern,1995,UD,75,,,,Active
Indianapolis Colts,RB,Sherriden,May,,72.0,220.0,Idaho,1995,UD,75,,,,Active
Indianapolis Colts,RB,Michael,Blair,,,,Ball State,1997,UD,75,,,,Active
Indianapolis Colts,FB,Obafemi,Ayanbadejo,30.0,74.0,230.0,San Diego State,1997,UD,75,,,,Active
Indianapolis Colts,WR,Jeff,Ogden,88.0,,,Eastern Washington,1998,UD,75,,,,Active
Indianapolis Colts,WR,Reggie,Swinton,80.0,,,Murray State,1998,UD,75,,,,Active
Indianapolis Colts,WR,Wayne,Chrebet,80.0,70.0,188.0,Hofstra,1995,UD,75,,,,Active
Indianapolis Colts,WR,Kirby,DarDar,,,,Syracuse,1995,UD,75,,,,Active
Indianapolis Colts,WR,Leslie,Shepherd,84.0,71.0,185.0,Temple,1992,UD,75,,,,Active
Indianapolis Colts,WR,Milt,Stegall,,72.0,184.0,Miami,1992,UD,75,,,,Active
Indianapolis Colts,TE,Calvin,Magee,,75.0,240.0,Southern,1985,UD,75,,,,Active
Indianapolis Colts,TE,William,Steinke,,,,Tenn,2012,UD,75,,,,Active
Indianapolis Colts,TE,Jack,Doyle,84.0,,,Western Kentucky,2013,UD,75,,,,Active
Indianapolis Colts,C,Phil,Costa,67.0,,,Maryland,2010,UD,75,,,,Active
Indianapolis Colts,C,Ross,Matiscik,46.0,72.0,240.0,Baylor,2020,UD,75,,,,Active
Indianapolis Colts,DT,Kyle,Love,74.0,,,Purdue,2020,UD,75,,,,Active
Indianapolis Colts,DT,Larry,Black,,74.0,302.0,Indiana,2013,UD,75,,,,Active
Indianapolis Colts,DT,Kwame,Geathers,95.0,78.0,335.0,Georgia,2013,UD,75,,,,Active
Indianapolis Colts,DT,Cory,Grissom,,,,USF,2013,UD,75,,,,Active
Indianapolis Colts,LB,Tony,Settles,,,,Elon,1987,UD,75,,,,Active
Indianapolis Colts,LB,Tyronne,Stowe,,73.0,239.0,Rutgers,1987,UD,75,,,,Active
Indianapolis Colts,LB,Ron,Weissenhofer,,,,Notre Dame,1987,UD,75,,,,Active
Indianapolis Colts,LB,Brett,Faryniarz,,75.0,230.0,San Diego State,1988,UD,75,,,,Active
Indianapolis Colts,LB,Greg,Manusky,,,,Colgate,1988,UD,75,,,,Active
Indianapolis Colts,LB,Mickey,Pruitt,,73.0,206.0,Colorado,1988,UD,75,,,,Active
Indianapolis Colts,CB,Wasswa,Serwanga,29.0,71.0,203.0,UCLA,1998,UD,75,,,,Active
Indianapolis Colts,CB,Khalil,Dorsey,31.0,68.0,188.0,N. Ari.,2020,UD,75,,,,Active
Indianapolis Colts,CB,Gene,Profit,,,,Yale,1986,UD,75,,,,Active
Indianapolis Colts,CB,Chris,Sheffield,,,,Albany State,1986,UD,75,,,,Active
Indianapolis Colts,CB,Jimmy,Armstrong,,,,Appalachian State,1987,UD,75,,,,Active
Indianapolis Colts,K,Shaun,Suisham,6.0,72.0,200.0,BGSU,2005,UD,75,,,,Active
Indianapolis Colts,P,John,Misko,,77.0,207.0,Oregon State,1980,UD,75,,,,Active
Jacksonville Jaguars,QB,John,Wolford,9.0,73.0,218.0,Wake,2018,UD,75,,,,Active
Jacksonville Jaguars,QB,Alan,Risher,,74.0,190.0,LSU,1983,UD,75,,,,Active
Jacksonville Jaguars,QB,Scott,Tinsley,,74.0,195.0,USC,1983,UD,75,,,,Active
Jacksonville Jaguars,RB,Priest,Holmes,31.0,69.0,213.0,Texas,1997,UD,75,,,,Active
Jacksonville Jaguars,RB,Rabih,Abdullah,27.0,72.0,235.0,Lehigh,1998,UD,75,,,,Active
Jacksonville Jaguars,RB,Brock,Olivo,26.0,72.0,232.0,Missouri,1998,UD,75,,,,Active
Jacksonville Jaguars,RB,Travis,Reece,,75.0,251.0,Michigan State,1998,UD,75,,,,Active
Jacksonville Jaguars,FB,Major,Everett,,70.0,215.0,Mississippi College,1983,UD,75,,,,Active
Jacksonville Jaguars,WR,Kendrick,Bourne,84.0,73.0,205.0,Eastern Washington,2017,UD,75,,,,Active
Jacksonville Jaguars,WR,Keelan,Cole Sr,,,,Kentucky Wesleyan,2017,UD,75,,,,Active
Jacksonville Jaguars,WR,River,Cracraft,85.0,,,Washington St.,2017,UD,75,,,,Active
Jacksonville Jaguars,WR,Lance,Lenoir,14.0,72.0,208.0,Western Illinois,2017,UD,75,,,,Active
Jacksonville Jaguars,WR,Keith,Kirkwood,18.0,75.0,210.0,Temple,2018,UD,75,,,,Active
Jacksonville Jaguars,WR,Allen,Lazard,13.0,77.0,227.0,ISU,2018,UD,75,,,,Active
Jacksonville Jaguars,TE,Joe,Caravello,,,,Tulane,1986,UD,75,,,,Active
Jacksonville Jaguars,TE,Nikola,Kalinic,83.0,76.0,248.0,York,2019,UD,75,,,,Active
Jacksonville Jaguars,TE,Sean,McGrath,84.0,77.0,259.0,Henderson State,2012,UD,75,,,,Active
Jacksonville Jaguars,C,Eric,Coyle,,75.0,260.0,Colorado,1987,UD,75,,,,Active
Jacksonville Jaguars,C,Nick,Sundberg,57.0,,,Cal,2009,UD,75,,,,Active
Jacksonville Jaguars,DT,Tershawn,Wharton,98.0,73.0,280.0,Missouri S&T,2020,UD,75,,,,Active
Jacksonville Jaguars,DT,Teair,Tart,93.0,74.0,315.0,FIU,2020,UD,75,,,,Active
Jacksonville Jaguars,DT,Malcolm,Roach,97.0,75.0,290.0,Texas,2020,UD,75,,,,Active
Jacksonville Jaguars,DT,Benning,Potoa'e,79.0,75.0,290.0,Washington,2020,UD,75,,,,Active
Jacksonville Jaguars,LB,Steve,Hyche,,,,West Alabama,1989,UD,75,,,,Active
Jacksonville Jaguars,LB,Matt,Jaworski,,,,Colgate,1989,UD,75,,,,Active
Jacksonville Jaguars,LB,Tracy,Simien,,73.0,250.0,TCU,1989,UD,75,,,,Active
Jacksonville Jaguars,LB,Rod,Stephens,,,,Georgia Tech,1989,UD,75,,,,Active
Jacksonville Jaguars,LB,Kenny,Tippins,,,,Middle Tennessee,1989,UD,75,,,,Active
Jacksonville Jaguars,LB,Bobby,Abrams,,,,Michigan,1990,UD,75,,,,Active
Jacksonville Jaguars,CB,Corey,Chamblin,,70.0,188.0,Tennessee Tech,1999,UD,75,,,,Active
Jacksonville Jaguars,CB,Arthur,Maulet,23.0,69.0,190.0,Memphis,2017,UD,75,,,,Active
Jacksonville Jaguars,CB,Essang,Bassey,34.0,70.0,190.0,Wake,2020,UD,75,,,,Active
Jacksonville Jaguars,CB,Justin,Hardee,34.0,73.0,200.0,Illinois,2017,UD,75,,,,Active
Jacksonville Jaguars,CB,Ricky,Atkinson,,,,Southern Connecticut State,1987,UD,75,,,,Active
Jacksonville Jaguars,K,Matt,Prater,5.0,,,UCF,2006,UD,75,,,,Active
Jacksonville Jaguars,P,Mike,Garrett,,,,Georgia,1980,UD,75,,,,Active
Kansas City Chiefs,QB,Tim,Boyle,8.0,,,Eastern Kentucky,2018,UD,75,,,,Active
Kansas City Chiefs,QB,Brian,Hoyer,2.0,74.0,216.0,MSU,2009,UD,75,,,,Active
Kansas City Chiefs,QB,Scott,Tolzien,16.0,74.0,215.0,Wisconsin,2011,UD,75,,,,Active
Kansas City Chiefs,RB,Marlon,Barnes,32.0,69.0,215.0,Colorado,1999,UD,75,,,,Active
Kansas City Chiefs,RB,Aaron,Stecker,27.0,70.0,213.0,Western Illinois,1999,UD,75,,,,Active
Kansas City Chiefs,RB,Jason,Brookins,44.0,72.0,235.0,Lane,2000,UD,75,,,,Active
Kansas City Chiefs,RB,Troy,Hambrick,42.0,73.0,233.0,Savannah State,2000,UD,75,,,,Active
Kansas City Chiefs,FB,Joe,Kowalewski,40.0,,,Syracuse,2006,UD,75,,,,Active
Kansas City Chiefs,WR,Chester,Rogers,80.0,72.0,184.0,Grambling St.,2016,UD,75,,,,Active
Kansas City Chiefs,WR,Zach,Pascal,14.0,,,Old Dominion,2017,UD,75,,,,Active
Kansas City Chiefs,WR,Tim,Patrick,81.0,,,Utah,2017,UD,75,,,,Active
Kansas City Chiefs,WR,Kermit,Whitfield,17.0,,,Florida St.,2017,UD,75,,,,Active
Kansas City Chiefs,WR,Paul,McRoberts,8.0,74.0,197.0,SE Missouri St.,2016,UD,75,,,,Active
Kansas City Chiefs,WR,Jaydon,Mickens,85.0,71.0,170.0,Washington,2016,UD,75,,,,Active
Kansas City Chiefs,TE,Todd,Frain,,74.0,240.0,Nebraska,1986,UD,75,,,,Active
Kansas City Chiefs,TE,Joseph,Fauria,80.0,79.0,267.0,UCLA,2013,UD,75,,,,Active
Kansas City Chiefs,TE,MarQueis,Gray,48.0,76.0,260.0,Minnesota,2013,UD,75,,,,Active
Kansas City Chiefs,C,Ethan,Pocic,77.0,78.0,320.0,LSU,2017,58,75,0.0,0.0,False,Active
Kansas City Chiefs,C,Tyler,Biadasz,63.0,76.0,316.0,Wisconsin,2020,146,75,1.0,0.0,False,Active
Kansas City Chiefs,DT,Jeremiah,Pharms Jr,,,,Friends,2020,UD,75,,,,Active
Kansas City Chiefs,DT,Kurt,Taufa'asau,,74.0,300.0,Wyoming,2013,UD,75,,,,Active
Kansas City Chiefs,DT,Will,Tukuafu,46.0,,,Oregon,2010,UD,75,,,,Active
Kansas City Chiefs,DT,Mitch,Unrein,96.0,,,Wyoming,2010,UD,75,,,,Active
Kansas City Chiefs,LB,Eldonta,Osborne,,72.0,226.0,Louisiana Tech,1990,UD,75,,,,Active
Kansas City Chiefs,LB,Matt,Vanderbeek,,,,Michigan State,1990,UD,75,,,,Active
Kansas City Chiefs,LB,George,Koonce,53.0,73.0,245.0,East Carolina,1991,UD,75,,,,Active
Kansas City Chiefs,LB,Lonnie,Marts,58.0,74.0,250.0,Tulane,1991,UD,75,,,,Active
Kansas City Chiefs,LB,John,Derby,,72.0,232.0,Iowa,1992,UD,75,,,,Active
Kansas City Chiefs,LB,John,Kacherski,,74.0,232.0,Ohio State,1992,UD,75,,,,Active
Kansas City Chiefs,CB,Kelly,Herndon,31.0,70.0,180.0,Toledo,1999,UD,75,,,,Active
Kansas City Chiefs,CB,Josh,Hawkins,28.0,,,ECU,2016,UD,75,,,,Active
Kansas City Chiefs,CB,Brian,Poole,34.0,70.0,213.0,Florida,2016,UD,75,,,,Active
Kansas City Chiefs,CB,Duffy,Cobbs,,,,Penn State,1987,UD,75,,,,Active
Kansas City Chiefs,CB,David,Etherly,,73.0,190.0,Portland State,1987,UD,75,,,,Active
Kansas City Chiefs,K,Kai,Forbath,2.0,71.0,197.0,UCLA,2011,UD,75,,,,Active
Kansas City Chiefs,P,Mark,Royals,3.0,77.0,225.0,Appalachian State,1986,UD,75,,,,Active
Las Vegas Raiders,QB,Jack,Del Rio,,76.0,246.0,Florida,2017,UD,75,,,,Active
Las Vegas Raiders,QB,David,Archer,,74.0,200.0,Iowa State,1984,UD,75,,,,Active
Las Vegas Raiders,QB,Dayne,Crist,,,,Kansas,2013,UD,75,,,,Active
Las Vegas Raiders,RB,Kevin,McDougal,43.0,71.0,203.0,Colorado State,2000,UD,75,,,,Active
Las Vegas Raiders,RB,Rod,Smart,32.0,,,Western Kentucky,2000,UD,75,,,,Active
Las Vegas Raiders,RB,Aveion,Cason,36.0,70.0,204.0,Illinois State,2001,UD,75,,,,Active
Las Vegas Raiders,RB,Carl,Fair,42.0,73.0,219.0,UAB,2001,UD,75,,,,Active
Las Vegas Raiders,FB,Zak,Keasey,45.0,,,Princeton,2005,UD,75,,,,Active
Las Vegas Raiders,WR,Chosen,Anderson,,,,Temple,2016,UD,75,,,,Active
Las Vegas Raiders,WR,Alex,Erickson,12.0,72.0,195.0,Wisconsin,2016,UD,75,,,,Active
Las Vegas Raiders,WR,LJ,Knisely,,,,Akron,2016,UD,75,,,,Active
Las Vegas Raiders,WR,Jalin,Marshall,89.0,70.0,200.0,Bucks,2016,UD,75,,,,Active
Las Vegas Raiders,WR,J.D.,McKissic,41.0,,,Arkansas St.,2016,UD,75,,,,Active
Las Vegas Raiders,WR,Kalif,Raymond,11.0,68.0,180.0,Holy Cross,2016,UD,75,,,,Active
Las Vegas Raiders,TE,Ryan,Becker,80.0,77.0,248.0,SMU,2020,UD,75,,,,Active
Las Vegas Raiders,TE,Lawrence,Cager,83.0,77.0,220.0,Georgia,2020,UD,75,,,,Active
Las Vegas Raiders,TE,Parker,Houston,,,,SDSt,2020,UD,75,,,,Active
Las Vegas Raiders,C,Fernando,Velasco,61.0,76.0,310.0,Georgia,2008,UD,75,,,,Active
Las Vegas Raiders,C,Matt,Orzech,42.0,,,Azusa Pacific,2019,UD,75,,,,Active
Las Vegas Raiders,DT,Albert,Huggins,95.0,75.0,305.0,Clemson,2019,UD,75,,,,Active
Las Vegas Raiders,DT,Sebastian,Joseph-Day,69.0,76.0,310.0,Rutgers,2018,195,75,0.0,0.0,False,Active
Las Vegas Raiders,DT,Joel,Heath,93.0,78.0,302.0,MSU,2016,UD,75,,,,Active
Las Vegas Raiders,DT,Michael,Pierce,58.0,72.0,355.0,Samford,2016,UD,75,,,,Active
Las Vegas Raiders,LB,Ed,Sutter,,,,Northwestern,1992,UD,75,,,,Active
Las Vegas Raiders,CB,Tim,Gordon,,,,Tulsa,1987,UD,75,,,,Active
Las Vegas Raiders,CB,David,Hollis,,71.0,175.0,UNLV,1987,UD,75,,,,Active
Las Vegas Raiders,CB,Aaron,Manning,,70.0,178.0,Iowa State,1987,UD,75,,,,Active
Las Vegas Raiders,CB,Bruce,McCray,,69.0,181.0,Western Illinois,1987,UD,75,,,,Active
Las Vegas Raiders,CB,Junior,Thurman,,,,USC,1987,UD,75,,,,Active
Las Vegas Raiders,K,Justin,Tucker,9.0,73.0,191.0,Texas,2012,UD,75,,,,Active
Las Vegas Raiders,P,Kelly,Goodburn,,74.0,195.0,Emporia State,1985,UD,75,,,,Active
Los Angeles Chargers,QB,Gardner Minshew,II,,,,Washington St.,2019,178,75,1.0,0.0,False,Active
Los Angeles Chargers,QB,Brett,Rypien,4.0,74.0,210.0,Boise St.,2019,UD,75,,,,Active
Los Angeles Chargers,QB,Devlin,Hodges,6.0,73.0,210.0,Samford,2019,UD,75,,,,Active
Los Angeles Chargers,RB,James,Fenderson,27.0,69.0,200.0,Hawaii,2001,UD,75,,,,Active
Los Angeles Chargers,RB,Benjamin,Gay,34.0,73.0,227.0,Garden City CC,2001,UD,75,,,,Active
Los Angeles Chargers,RB,Delvin,Joyce,33.0,67.0,195.0,James Madison,2001,UD,75,,,,Active
Los Angeles Chargers,RB,Wes,Ours,40.0,,,West Virginia,2001,UD,75,,,,Active
Los Angeles Chargers,FB,Gabe,Nabers,40.0,75.0,235.0,FSU,2020,UD,75,,,,Active
Los Angeles Chargers,WR,Kristian,Wilkerson,17.0,73.0,214.0,SE Miss St.,2020,UD,75,,,,Active
Los Angeles Chargers,WR,Michael,Bandy,83.0,70.0,190.0,San Diego,2020,UD,75,,,,Active
Los Angeles Chargers,WR,Chad,Beebe,12.0,70.0,183.0,Northern Illinois,2018,UD,75,,,,Active
Los Angeles Chargers,WR,Robert,Foster,16.0,74.0,196.0,Bama,2018,UD,75,,,,Active
Los Angeles Chargers,WR,KhaDarel,Hodge,12.0,74.0,210.0,Prairie View A&M,2018,UD,75,,,,Active
Los Angeles Chargers,WR,JoJo,Natson,19.0,,,Akron,2017,UD,75,,,,Active
Los Angeles Chargers,TE,Dominick,Wood-Anderson,,,,Tennessee,2020,UD,75,,,,Active
Los Angeles Chargers,TE,Brandon,Bostick,86.0,75.0,250.0,Newberry,2012,UD,75,,,,Active
Los Angeles Chargers,TE,Aaron,Brewer,46.0,77.0,232.0,SDSt.,2012,UD,75,,,,Active
Los Angeles Chargers,C,Lyle,Sendlein,63.0,75.0,308.0,Texas,2007,UD,75,,,,Active
Los Angeles Chargers,C,Sam,Mustipher,67.0,74.0,332.0,ND,2019,UD,75,,,,Active
Los Angeles Chargers,DT,Michael,Hoecht,97.0,76.0,267.0,Brown,2020,UD,75,,,,Active
Los Angeles Chargers,DT,Lee,Autry,63.0,74.0,305.0,Miss St.,2020,UD,75,,,,Active
Los Angeles Chargers,DT,Jamie,Meder,98.0,,,Ashland,2014,UD,75,,,,Active
Los Angeles Chargers,DT,Shy,Tuttle,99.0,,,Tennessee,2019,UD,75,,,,Active
Los Angeles Chargers,CB,Jimmy,Wyrick,27.0,69.0,176.0,Minnesota,2000,UD,75,,,,Active
Los Angeles Chargers,CB,Louchiez,Purifoy,,,,Florida,2014,UD,75,,,,Active
Los Angeles Chargers,CB,Grayland,Arnold,35.0,70.0,187.0,Baylor,2020,UD,75,,,,Active
Los Angeles Chargers,CB,Brandon,Facyson,31.0,74.0,197.0,V Tech,2018,UD,75,,,,Active
Los Angeles Chargers,CB,Greg,Williamson,,,,Fresno State,1987,UD,75,,,,Active
Los Angeles Chargers,K,Brandon,McManus,8.0,75.0,201.0,Temple,2013,UD,75,,,,Active
Los Angeles Chargers,P,Buzz,Sawyer,,,,Baylor,1986,UD,75,,,,Active
Los Angeles Rams,QB,David,Blough,10.0,73.0,207.0,Purdue,2019,UD,75,,,,Active
Los Angeles Rams,QB,Matt,Simms,4.0,,,Tennessee,2012,UD,75,,,,Active
Los Angeles Rams,QB,Jake,Browning,6.0,74.0,210.0,Washington,2019,UD,75,,,,Active
Los Angeles Rams,RB,Jamal,Robertson,25.0,70.0,210.0,Ohio Northern,2001,UD,75,,,,Active
Los Angeles Rams,RB,Marcel,Shipp,31.0,71.0,224.0,UMass,2001,UD,75,,,,Active
Los Angeles Rams,RB,Jesse,Chatman,24.0,68.0,225.0,Eastern Washington,2002,UD,75,,,,Active
Los Angeles Rams,RB,Woodrow,Dantzler,29.0,70.0,209.0,Clemson,2002,UD,75,,,,Active
Los Angeles Rams,FB,Spencer,Nigh,,,,Auburn,2020,UD,75,,,,Active
Los Angeles Rams,WR,Geronimo,Allison,81.0,75.0,202.0,Illinois,2016,UD,75,,,,Active
Los Angeles Rams,WR,Alex,Bachman,81.0,72.0,190.0,Wake,2019,UD,75,,,,Active
Los Angeles Rams,WR,Sterling,Shepard,87.0,70.0,194.0,Oklahoma,2016,40,75,0.0,0.0,False,Active
Los Angeles Rams,WR,Greg,Dortch,83.0,67.0,180.0,Wake,2019,UD,75,,,,Active
Los Angeles Rams,WR,Darius,Jennings,15.0,70.0,180.0,Virginia,2015,UD,75,,,,Active
Los Angeles Rams,WR,Adam,Thielen,19.0,74.0,200.0,Minnesota St.,2013,UD,75,,,,Active
Los Angeles Rams,TE,David,Little,,74.0,240.0,Middle Tennessee State,1984,UD,75,,,,Active
Los Angeles Rams,TE,John,Madsen,85.0,77.0,240.0,Utah,2006,UD,75,,,,Active
Los Angeles Rams,TE,John,Denney,92.0,77.0,242.0,BYU,2005,UD,75,,,,Active
Los Angeles Rams,C,Shawn,Regent,,77.0,280.0,Boston College,1986,UD,75,,,,Active
Los Angeles Rams,C,Jacob,Bobenmoyer,46.0,72.0,235.0,Northern Colorado,2019,UD,75,,,,Active
Los Angeles Rams,DT,Zach,Kerr,92.0,,,Delaware,2014,UD,75,,,,Active
Los Angeles Rams,DT,Mike,Pennel,64.0,,,CSU Pueblo,2014,UD,75,,,,Active
Los Angeles Rams,DT,Kelcy,Quarles,64.0,76.0,310.0,SC,2014,UD,75,,,,Active
Los Angeles Rams,DT,Kerry,Hyder Jr,,,,TTech,2014,UD,75,,,,Active
Los Angeles Rams,CB,Daryon,Brutley,31.0,72.0,185.0,Northern Iowa,2002,UD,75,,,,Active
Los Angeles Rams,CB,Bobby,McCain,28.0,69.0,196.0,Memphis,2015,145,75,0.0,0.0,False,Active
Los Angeles Rams,CB,Howard,Feggins,,70.0,190.0,North Carolina,1988,UD,75,,,,Active
Los Angeles Rams,CB,Brian,Allred,,70.0,175.0,Sacramento State,1992,UD,75,,,,Active
Los Angeles Rams,CB,Matthew,Dorsett,,71.0,190.0,Southern,1995,UD,75,,,,Active
Los Angeles Rams,K,Graham,Gano,9.0,74.0,202.0,FSU,2009,UD,75,,,,Active
Los Angeles Rams,P,Bryan,Wagner,,74.0,200.0,Cal State Northridge,1985,UD,75,,,,Active
Miami Dolphins,QB,Alex,Tanney,11.0,76.0,220.0,Monmouth (IL),2012,UD,75,,,,Active
Miami Dolphins,QB,Case,Keenum,7.0,,,Houston,2012,UD,75,,,,Active
Miami Dolphins,QB,Chad,Martin,,,,WVU,2009,UD,75,,,,Active
Miami Dolphins,RB,Tony,Fisher,40.0,,,Notre Dame,2002,UD,75,,,,Active
Miami Dolphins,RB,Maurice,Hicks,43.0,71.0,205.0,North Carolina A&T,2002,UD,75,,,,Active
Miami Dolphins,RB,Jarmar,Julien,27.0,70.0,240.0,San Jose State,2002,UD,75,,,,Active
Miami Dolphins,RB,Eric,McCoo,22.0,70.0,209.0,Penn State,2002,UD,75,,,,Active
Miami Dolphins,FB,Bobby,Holly,41.0,,,LA Tech,2020,UD,75,,,,Active
Miami Dolphins,WR,Cameron,Meredith,81.0,75.0,207.0,Illinois St.,2015,UD,75,,,,Active
Miami Dolphins,WR,Lucky,Whitehead,13.0,,,FAU,2015,UD,75,,,,Active
Miami Dolphins,WR,Byron,Pringle,13.0,73.0,203.0,Kansas St.,2018,UD,75,,,,Active
Miami Dolphins,WR,Trent,Sherfield,16.0,73.0,206.0,Vanderbilt,2018,UD,75,,,,Active
Miami Dolphins,WR,Micheal,Spurlock,15.0,71.0,210.0,Ole Miss,2006,UD,75,,,,Active
Miami Dolphins,WR,Glenn,Holt,16.0,73.0,193.0,Kentucky,2006,UD,75,,,,Active
Miami Dolphins,TE,Ed,West,,,,Auburn,1984,UD,75,,,,Active
Miami Dolphins,TE,J.J.,Jansen,44.0,,,ND,2008,UD,75,,,,Active
Miami Dolphins,TE,Joey,Haynos,81.0,,,Maryland,2008,UD,75,,,,Active
Miami Dolphins,C,Sam,Manos,,,,Marshall,1987,UD,75,,,,Active
Miami Dolphins,C,Jon,Dorenbos,46.0,,,UTEP,2003,UD,75,,,,Active
Miami Dolphins,DT,Bilal,Nichols,98.0,76.0,313.0,Delaware,2018,145,75,0.0,0.0,False,Active
Miami Dolphins,DT,Josh,Tupou,68.0,,,Colorado,2017,UD,75,,,,Active
Miami Dolphins,DT,Kellen,Heard,72.0,78.0,339.0,Memphis,2010,UD,75,,,,Active
Miami Dolphins,DT,Darrington,Sentimore,,,,Tennessee,2013,UD,75,,,,Active
Miami Dolphins,CB,Andrew,Davison,39.0,71.0,185.0,Kansas,2002,UD,75,,,,Active
Miami Dolphins,CB,Isiah,Swann,,,,Dartmouth,2020,UD,75,,,,Active
Miami Dolphins,CB,Delrick,Abrams Jr.,,,,Colorado,2020,UD,75,,,,Active
Miami Dolphins,CB,Marlon,Forbes,,73.0,215.0,PSU,1995,UD,75,,,,Active
Miami Dolphins,CB,Kwame,Ellis,,70.0,188.0,Stanford,1996,UD,75,,,,Active
Miami Dolphins,K,Al,Del Greco,3.0,,,Auburn,1984,UD,75,,,,Active
Miami Dolphins,P,John,Warren,,72.0,207.0,Tennessee,1983,UD,75,,,,Active
Minnesota Vikings,QB,Devin,Gardner,,,,Michigan,2015,UD,75,,,,Active
Minnesota Vikings,QB,Taylor,Heinicke,4.0,73.0,210.0,Old Dominion,2015,UD,75,,,,Active
Minnesota Vikings,QB,Trevone,Boykin,2.0,72.0,213.0,TCU,2016,UD,75,,,,Active
Minnesota Vikings,RB,James,Mungro,23.0,69.0,214.0,Syracuse,2002,UD,75,,,,Active
Minnesota Vikings,RB,John,Simon,51.0,71.0,202.0,Louisiana Tech,2002,UD,75,,,,Active
Minnesota Vikings,RB,Ed,Stansbury,,,,UCLA,2002,UD,75,,,,Active
Minnesota Vikings,RB,Erik,Bickerstaff,46.0,72.0,230.0,Wisconsin,2003,UD,75,,,,Active
Minnesota Vikings,FB,Josh,Hokit,40.0,73.0,225.0,Fresno,2020,UD,75,,,,Active
Minnesota Vikings,WR,Ahmad,Merritt,81.0,70.0,195.0,Wisconsin,2000,UD,75,,,,Active
Minnesota Vikings,WR,Leland,Douglas,,72.0,179.0,Baylor,1987,UD,75,,,,Active
Minnesota Vikings,WR,Dennis,Gadbois,,73.0,183.0,Boston University,1987,UD,75,,,,Active
Minnesota Vikings,WR,Tony,Gladney,,,,UNLV,1987,UD,75,,,,Active
Minnesota Vikings,WR,Sam,Graddy,,,,Tennessee,1987,UD,75,,,,Active
Minnesota Vikings,WR,Kwante,Hampton,,73.0,182.0,Long Beach State,1987,UD,75,,,,Active
Minnesota Vikings,TE,Mitchell,Wilcox,84.0,76.0,250.0,USF,2020,UD,75,,,,Active
Minnesota Vikings,TE,Jeron,Mastrud,88.0,77.0,255.0,Kansas St.,2010,UD,75,,,,Active
Minnesota Vikings,TE,Logan,Paulsen,82.0,,,UCLA,2010,UD,75,,,,Active
Minnesota Vikings,C,Rudy,Niswanger,64.0,,,LSU,2006,UD,75,,,,Active
Minnesota Vikings,C,Coleman,Shelton,65.0,77.0,285.0,Washington,2018,UD,75,,,,Active
Minnesota Vikings,DT,Eli,Ankou,51.0,75.0,325.0,UCLA,2017,UD,75,,,,Active
Minnesota Vikings,DT,Jamarkus,McFarland,,,,Oklahoma,2013,UD,75,,,,Active
Minnesota Vikings,DT,Andrew,Billings,99.0,73.0,340.0,Baylor,2016,122,75,0.0,0.0,False,Active
Minnesota Vikings,DT,Lance,Legree,70.0,73.0,300.0,Notre Dame,2001,UD,75,,,,Active
Minnesota Vikings,CB,Emmanuel,Moseley,4.0,71.0,195.0,Tennessee,2018,UD,75,,,,Active
Minnesota Vikings,CB,Briean,Boddy-Calhoun,20.0,69.0,193.0,Minnesota,2016,UD,75,,,,Active
Minnesota Vikings,CB,Todd,McMillon,26.0,71.0,188.0,Northern Arizona,1996,UD,75,,,,Active
Minnesota Vikings,CB,Kevin,Mathis,23.0,69.0,185.0,Texas A&M–Commerce,1997,UD,75,,,,Active
Minnesota Vikings,CB,Billy,Austin,47.0,,,New Mexico,1998,UD,75,,,,Active
Minnesota Vikings,K,Mike,Clendenen,,,,Houston,1985,UD,75,,,,Active
Minnesota Vikings,P,Don,Bracken,,,,Michigan,1984,UD,75,,,,Active
New England Patriots,QB,Joe,Callahan,6.0,,,Wesley,2016,UD,75,,,,Active
New England Patriots,QB,Jake,Coker,6.0,,,FSU,2016,UD,75,,,,Active
New England Patriots,QB,Travis,Partridge,,,,Missouri Western,2014,UD,75,,,,Active
New England Patriots,RB,Cecil,Sapp,37.0,71.0,236.0,Colorado State,2003,UD,75,,,,Active
New England Patriots,RB,Kory,Chapman,31.0,,,Jacksonville State,2004,UD,75,,,,Active
New England Patriots,RB,Keylon,Kincade,27.0,71.0,204.0,SMU,2004,UD,75,,,,Active
New England Patriots,RB,Ryan,Grant,25.0,73.0,222.0,Notre Dame,2005,UD,75,,,,Active
New England Patriots,FB,Alan,Cross,45.0,,,Memphis,2016,UD,75,,,,Active
New England Patriots,WR,Naaman,Roosevelt,18.0,72.0,200.0,Buffalo,2010,UD,75,,,,Active
New England Patriots,WR,Max,Komar,18.0,71.0,202.0,Idaho,2010,UD,75,,,,Active
New England Patriots,WR,Dontrelle,Inman,15.0,75.0,205.0,Virginia,2011,UD,75,,,,Active
New England Patriots,WR,Ricardo,Lockette,83.0,74.0,211.0,Fort Valley State,2011,UD,75,,,,Active
New England Patriots,WR,Bryan,Walters,19.0,72.0,195.0,Cornell,2010,UD,75,,,,Active
New England Patriots,WR,Chris,Hogan,15.0,,,Monmouth,2011,UD,75,,,,Active
New England Patriots,TE,Don,Kindt Jr.,,,,Wisconsin–La Crosse,1985,UD,75,,,,Active
New England Patriots,TE,Jonathan,Stupar,88.0,75.0,254.0,Virginia,2008,UD,75,,,,Active
New England Patriots,TE,Matthew,Mulligan,82.0,76.0,267.0,Maine,2008,UD,75,,,,Active
New England Patriots,C,Keith,Kartz,,76.0,270.0,California,1986,UD,75,,,,Active
New England Patriots,C,B.J.,Finney,67.0,,,Kansas St.,2015,UD,75,,,,Active
New England Patriots,DT,Brian,Schaefering,91.0,76.0,295.0,Lindenwood,2008,UD,75,,,,Active
New England Patriots,DT,Antonio,Dixon,90.0,75.0,322.0,Miami (FL),2009,UD,75,,,,Active
New England Patriots,DT,Martin,Tevaseu,96.0,74.0,325.0,UNLV,2010,UD,75,,,,Active
New England Patriots,DT,Andre,Neblett,68.0,72.0,310.0,Temple,2010,UD,75,,,,Active
New England Patriots,CB,Dee,Delaney,30.0,,,Miami (FL),2018,UD,75,,,,Active
New England Patriots,CB,Kemah,Siverand,8.0,,,OkSU,2020,UD,75,,,,Active
New England Patriots,CB,Ken,Crawley,20.0,,,Colorado,2016,UD,75,,,,Active
New England Patriots,CB,Tim,Denton,22.0,,,Sam Houston State,1998,UD,75,,,,Active
New England Patriots,CB,Zebbie,Lethridge,37.0,72.0,190.0,Texas Tech,1998,UD,75,,,,Active
New England Patriots,K,Joaquin,Zendejas,,71.0,176.0,La Verne,1983,UD,75,,,,Active
New England Patriots,P,Bill,Renner,,,,Virginia Tech,1983,UD,75,,,,Active
New Orleans Saints,QB,Matt,McGloin,14.0,,,PSU,2013,UD,75,,,,Active
New Orleans Saints,QB,Reid,Sinnett,7.0,76.0,220.0,San Diego,2020,UD,75,,,,Active
New Orleans Saints,QB,Scott,Milanovich,,75.0,220.0,Maryland,1996,UD,75,,,,Active
New Orleans Saints,RB,P.J.,Pope,28.0,,,Bowling Green,2006,UD,75,,,,Active
New Orleans Saints,RB,Jackie,Battle,26.0,,,Houston,2007,UD,75,,,,Active
New Orleans Saints,RB,Stefan,Logan,11.0,66.0,180.0,South Dakota,2007,UD,75,,,,Active
New Orleans Saints,RB,Gary,Russell,33.0,71.0,215.0,Minnesota,2007,UD,75,,,,Active
New Orleans Saints,FB,Nikita,Whitlock,49.0,70.0,250.0,Wake,2014,UD,75,,,,Active
New Orleans Saints,WR,Willie,Snead IV,,,,Ball St.,2014,UD,75,,,,Active
New Orleans Saints,WR,Allen,Hurns,88.0,75.0,195.0,Miami (FL),2014,UD,75,,,,Active
New Orleans Saints,WR,Taylor,Gabriel,18.0,67.0,168.0,Abilene Christian,2014,UD,75,,,,Active
New Orleans Saints,WR,Jake,Kumerow,84.0,76.0,209.0,Wisconsin–Whitewater,2015,UD,75,,,,Active
New Orleans Saints,WR,Kevin,Ogletree,85.0,73.0,195.0,Virginia,2009,UD,75,,,,Active
New Orleans Saints,WR,Mitch,Aslakson,,,,Minn,2012,UD,75,,,,Active
New Orleans Saints,TE,Jerry,Diorio,,,,Michigan,1984,UD,75,,,,Active
New Orleans Saints,TE,Bob,Hayes,,,,Toledo,1941,177,75,0.0,0.0,True,Active
New Orleans Saints,TE,Jon,Condo,59.0,,,Maryland,2005,UD,75,,,,Active
New Orleans Saints,C,Keith,Radecic,,,,Penn State,1987,UD,75,,,,Active
New Orleans Saints,C,Austin,Schlottmann,71.0,78.0,300.0,TCU,2018,UD,75,,,,Active
New Orleans Saints,DT,Cedric,Killings,91.0,75.0,310.0,Carson–Newman,2000,UD,75,,,,Active
New Orleans Saints,DT,Norris,McCleary,71.0,78.0,305.0,East Carolina,2000,UD,75,,,,Active
New Orleans Saints,DT,Giradie,Mercer,61.0,74.0,285.0,Marshall,2000,UD,75,,,,Active
New Orleans Saints,DT,Buck,Gurley,90.0,,,Florida,2001,UD,75,,,,Active
New Orleans Saints,CB,Curtis,Deloatch,39.0,74.0,217.0,North Carolina A&T,2004,UD,75,,,,Active
New Orleans Saints,CB,Antonio,Hamilton,33.0,72.0,188.0,SC St.,2016,UD,75,,,,Active
New Orleans Saints,CB,Kenny,Moore ll,,,,Valdosta State,2017,UD,75,,,,Active
New Orleans Saints,CB,Duane,Hawthorne,38.0,70.0,175.0,Northern Illinois,1999,UD,75,,,,Active
New Orleans Saints,CB,Corey,Ivy,35.0,69.0,190.0,Oklahoma,1999,UD,75,,,,Active
New Orleans Saints,K,Todd,Schlopy,,,,Michigan,1985,UD,75,,,,Active
New Orleans Saints,P,Scott,Fulhage,,71.0,185.0,Kansas State,1985,UD,75,,,,Active
New York Giants,QB,Connor,Shaw,9.0,73.0,210.0,SC,2014,UD,75,,,,Active
New York Giants,QB,Mike,Kerrigan,,,,Northwestern,1982,UD,75,,,,Active
New York Giants,QB,Doug,Pederson,18.0,,,Northeast Louisiana,1991,UD,75,,,,Active
New York Giants,RB,Danny,Ware,28.0,72.0,225.0,Georgia,2007,UD,75,,,,Active
New York Giants,RB,Lance,Ball,35.0,69.0,215.0,Maryland,2008,UD,75,,,,Active
New York Giants,RB,BenJarvus,Green-Ellis,42.0,71.0,220.0,Ole Miss,2008,UD,75,,,,Active
New York Giants,RB,Danny,Woodhead,39.0,68.0,204.0,Chadron State,2008,UD,75,,,,Active
New York Giants,FB,Roosevelt,Nix,45.0,78.0,292.0,Kent State,2014,UD,75,,,,Active
New York Giants,WR,Carl,Bland,,71.0,182.0,Virginia Union,1984,UD,75,,,,Active
New York Giants,WR,Perry,Kemp,,71.0,170.0,California (PA),1984,UD,75,,,,Active
New York Giants,WR,Phil,McConkey,,,,Navy,1984,UD,75,,,,Active
New York Giants,WR,Clay,Pickering,,77.0,215.0,Maine,1984,UD,75,,,,Active
New York Giants,WR,Bobby,Riley,,,,Oklahoma State,1987,UD,75,,,,Active
New York Giants,WR,Donald,Snell,,74.0,177.0,Virginia Tech,1987,UD,75,,,,Active
New York Giants,TE,Zeke,Mowatt,,,,Florida State,1983,UD,75,,,,Active
New York Giants,TE,Jeff,Cumberland,86.0,,,Illinois,2010,UD,75,,,,Active
New York Giants,TE,Tom,Crabtree,83.0,76.0,245.0,Miami (OH),2009,UD,75,,,,Active
New York Giants,C,L.P.,Ladouceur,91.0,,,Cal,2005,UD,75,,,,Active
New York Giants,C,Bradley,Bozeman,77.0,77.0,325.0,Alabama,2018,215,75,0.0,0.0,False,Active
New York Giants,DT,Robert,Newkirk,62.0,75.0,290.0,Michigan State,1999,UD,75,,,,Active
New York Giants,DT,Ma'ake,Kemoeatu,92.0,77.0,345.0,Utah,2002,UD,75,,,,Active
New York Giants,DT,Matt,Mitrione,98.0,,,Purdue,2002,UD,75,,,,Active
New York Giants,DT,Earl,Cochran,96.0,77.0,287.0,Alabama State,2003,UD,75,,,,Active
New York Giants,CB,Brandon,Browner,39.0,76.0,221.0,Oregon St.,2005,UD,75,,,,Active
New York Giants,CB,Eric,Glover-Williams,,,,Slippery Rock,2019,UD,75,,,,Active
New York Giants,CB,Nik,Needham,40.0,,,UTEP,2019,UD,75,,,,Active
New York Giants,CB,Bashir,Levingston,24.0,69.0,180.0,Eastern Washington,1999,UD,75,,,,Active
New York Giants,CB,Tod,McBride,27.0,73.0,208.0,UCLA,1999,UD,75,,,,Active
New York Giants,K,Eric,Schubert,,68.0,185.0,Pittsburgh,1984,UD,75,,,,Active
New York Giants,P,Dave,Finzer,,,,DePauw,1982,UD,75,,,,Active
New York Jets,QB,Nathan,Rourke,13.0,73.0,210.0,Ohio,2020,UD,75,,,,Active
New York Jets,QB,Brian,Lewerke,68.0,75.0,216.0,MSU,2020,UD,75,,,,Active
New York Jets,QB,Tyler,Huntley,2.0,73.0,204.0,Utah,2020,UD,75,,,,Active
New York Jets,RB,Chris,Pressley,36.0,71.0,260.0,Wisconsin,2009,UD,75,,,,Active
New York Jets,RB,Marcus,Thigpen,34.0,69.0,200.0,Indiana,2009,UD,75,,,,Active
New York Jets,RB,Josh,Vaughan,32.0,72.0,225.0,Richmond,2009,UD,75,,,,Active
New York Jets,RB,LeGarrette,Blount,29.0,72.0,247.0,Oregon,2010,UD,75,,,,Active
New York Jets,FB,Ryan,Mahaffey,47.0,74.0,255.0,Northern Iowa,2011,UD,75,,,,Active
New York Jets,WR,Darius,Reynaud,82.0,69.0,208.0,WVU,2008,UD,75,,,,Active
New York Jets,WR,Dane,Sanzenbacher,11.0,71.0,184.0,Bucks,2011,UD,75,,,,Active
New York Jets,WR,Terrelle,Pryor Sr.,,,,Bucks,2011,UD,75,,,,Active
New York Jets,WR,Quan,Bray,11.0,,,Auburn,2015,UD,75,,,,Active
New York Jets,WR,Adam,Humphries,10.0,71.0,195.0,Clemson,2015,UD,75,,,,Active
New York Jets,WR,Griff,Whalen,17.0,,,Stanford,2012,UD,75,,,,Active
New York Jets,TE,Veno,Belk,,75.0,233.0,Michigan State,1986,UD,75,,,,Active
New York Jets,TE,Darnell,Dinkins,87.0,76.0,260.0,Pittsburgh,2000,UD,75,,,,Active
New York Jets,TE,Chris,Eitzmann,46.0,76.0,250.0,Harvard,2000,UD,75,,,,Active
New York Jets,C,Matt,Skura,68.0,,,Duke,2016,UD,75,,,,Active
New York Jets,C,Patrick,Mekari,65.0,76.0,305.0,Cal,2019,UD,75,,,,Active
New York Jets,DT,Bryan,Mone,90.0,75.0,345.0,Michigan,2019,UD,75,,,,Active
New York Jets,DT,Steve,McLendon,90.0,,,Troy,2009,UD,75,,,,Active
New York Jets,DT,Alfred,Malone,97.0,77.0,308.0,Troy,2005,UD,75,,,,Active
New York Jets,DT,Remi,Ayodele,92.0,,,Oklahoma,2006,UD,75,,,,Active
New York Jets,CB,Leigh,Torrence,24.0,71.0,179.0,Stanford,2005,UD,75,,,,Active
New York Jets,CB,Keisean,Nixon,25.0,70.0,200.0,SC,2019,UD,75,,,,Active
New York Jets,CB,Kyle,Shurmur,9.0,76.0,225.0,Vanderbilt,2019,UD,75,,,,Active
New York Jets,CB,Earthwind,Moreland,38.0,71.0,186.0,Georgia Southern,2000,UD,75,,,,Active
New York Jets,CB,Chidi,Iwuoma,29.0,69.0,184.0,California,2001,UD,75,,,,Active
New York Jets,K,Raúl,Allegre,,,,Texas,1983,UD,75,,,,Active
New York Jets,P,Joe,Prokop,,,,Cal Poly Pomona,1984,UD,75,,,,Active
Philadelphia Eagles,QB,Brock,Berlin,3.0,73.0,215.0,Miami (FL),2005,UD,75,,,,Active
Philadelphia Eagles,QB,Justin,Zwick,,,,Bucks,2006,UD,75,,,,Active
Philadelphia Eagles,QB,Caleb,Hanie,12.0,74.0,222.0,Colorado St.,2008,UD,75,,,,Active
Philadelphia Eagles,RB,Chris,Ivory,33.0,,,Tiffin,2010,UD,75,,,,Active
Philadelphia Eagles,RB,Javarris,James,42.0,72.0,208.0,Miami (FL),2010,UD,75,,,,Active
Philadelphia Eagles,RB,Dimitri,Nance,23.0,70.0,219.0,Arizona State,2010,UD,75,,,,Active
Philadelphia Eagles,RB,Matt,Asiata,44.0,,,Utah,2011,UD,75,,,,Active
Philadelphia Eagles,FB,Jamize,Olawale,49.0,73.0,242.0,North Texas,2012,UD,75,,,,Active
Philadelphia Eagles,WR,Willie,Sydnor,,,,Syracuse,1982,UD,75,,,,Active
Philadelphia Eagles,WR,Eric,Truvillion,,76.0,205.0,Florida A&M,1982,UD,75,,,,Active
Philadelphia Eagles,WR,Rodney,Tweet,,73.0,195.0,South Dakota,1986,UD,75,,,,Active
Philadelphia Eagles,WR,Sanjay,Beach,,72.0,189.0,Colorado State,1988,UD,75,,,,Active
Philadelphia Eagles,WR,Lyneal,Alston,,73.0,205.0,Southern Miss,1987,UD,75,,,,Active
Philadelphia Eagles,WR,Nick,Bruckner,,,,Syracuse,1983,UD,75,,,,Active
Philadelphia Eagles,TE,Andy,Gibler,,,,Missouri,1983,UD,75,,,,Active
Philadelphia Eagles,TE,Justin,Drescher,47.0,73.0,235.0,Colorado,2010,UD,75,,,,Active
Philadelphia Eagles,TE,Colin,Cloherty,83.0,74.0,252.0,Brown,2009,UD,75,,,,Active
Philadelphia Eagles,C,Jamie,Dukes,,73.0,285.0,Florida State,1986,UD,75,,,,Active
Philadelphia Eagles,C,Jake,Brendel,64.0,,,UCLA,2016,UD,75,,,,Active
Philadelphia Eagles,DT,Justin,Zimmer,92.0,75.0,292.0,Ferris St.,2016,UD,75,,,,Active
Philadelphia Eagles,DT,Brandon,Noble,75.0,74.0,305.0,Penn State,1997,UD,75,,,,Active
Philadelphia Eagles,DT,Mike,Teeter,,,,Michigan,1990,UD,75,,,,Active
Philadelphia Eagles,DT,Tony,Siragusa,98.0,,,Pittsburgh,1990,UD,75,,,,Active
Philadelphia Eagles,CB,Dre,Kirkpatrick,27.0,74.0,190.0,Alabama,2012,17,75,0.0,0.0,False,Active
Philadelphia Eagles,CB,Eli,Apple,20.0,73.0,203.0,Ohio St.,2016,10,75,0.0,0.0,False,Active
Philadelphia Eagles,CB,Nickell,Robey-Coleman,23.0,68.0,180.0,USC,2013,UD,75,,,,Active
Philadelphia Eagles,CB,Brian,Leigeb,40.0,74.0,207.0,Central Michigan,2001,UD,75,,,,Active
Philadelphia Eagles,CB,James,Whitley,27.0,71.0,185.0,Michigan,2001,UD,75,,,,Active
Philadelphia Eagles,K,Charlie,Baumann,,,,West Virginia,1989,UD,75,,,,Active
Philadelphia Eagles,P,George,Winslow,,76.0,205.0,Villanova,1987,UD,75,,,,Active
Pittsburgh Steelers,QB,Paul,Krause,,75.0,200.0,Dubuque,1967,243,75,0.0,0.0,True,Active
Pittsburgh Steelers,QB,Tory,Woodbury,11.0,74.0,208.0,Winston-Salem State,2001,UD,75,,,,Active
Pittsburgh Steelers,QB,Vinny,Bredenburg,,,,ND,2002,UD,75,,,,Active
Pittsburgh Steelers,RB,Noel,Devine,,,,West Virginia,2011,UD,75,,,,Active
Pittsburgh Steelers,RB,Shaun,Draughn,20.0,,,NC,2011,UD,75,,,,Active
Pittsburgh Steelers,RB,Brandon,Bolden,38.0,71.0,220.0,Ole Miss,2012,UD,75,,,,Active
Pittsburgh Steelers,RB,Travaris,Cadet,39.0,73.0,210.0,Appalachian St.,2012,UD,75,,,,Active
Pittsburgh Steelers,FB,Zach,Line,48.0,,,SMU,2013,UD,75,,,,Active
Pittsburgh Steelers,WR,Conner,Vernon,,72.0,192.0,Duke,2013,UD,75,,,,Active
Pittsburgh Steelers,WR,Ryan,Spadola,18.0,73.0,205.0,Lehigh,2013,UD,75,,,,Active
Pittsburgh Steelers,WR,Lanear,Sampson,,,,Baylor,2013,UD,75,,,,Active
Pittsburgh Steelers,WR,T.J.,Moe,,72.0,200.0,Mizz,2013,UD,75,,,,Active
Pittsburgh Steelers,WR,Alec,Lemon,,74.0,207.0,Syracuse,2013,UD,75,,,,Active
Pittsburgh Steelers,WR,Chad,Bumphis,,70.0,202.0,Mississippi State,2013,UD,75,,,,Active
Pittsburgh Steelers,TE,Mike,Tice,,,,Maryland,1981,UD,75,,,,Active
Pittsburgh Steelers,TE,Brad,Cieslak,48.0,75.0,260.0,Northern Illinois,2005,UD,75,,,,Active
Pittsburgh Steelers,TE,Jeff,Samardzija,,,,ND,2006,UD,75,,,,Active
Pittsburgh Steelers,C,James,Campen,,75.0,260.0,Tulane,1986,UD,75,,,,Active
Pittsburgh Steelers,C,Cameron,Tom,63.0,76.0,300.0,Southern Miss,2017,UD,75,,,,Active
Pittsburgh Steelers,DT,Eugene,Rowell,,73.0,180.0,Dubuque,1981,UD,75,,,,Active
Pittsburgh Steelers,DT,Nate,Hobgood-Chittick,94.0,75.0,290.0,North Carolina,1998,UD,75,,,,Active
Pittsburgh Steelers,DT,Sam,Rayburn,91.0,75.0,303.0,Tulsa,2003,UD,75,,,,Active
Pittsburgh Steelers,DT,Mark,Roopenian,,77.0,254.0,Boston College,1981,UD,75,,,,Active
Pittsburgh Steelers,CB,Marquice,Cole,34.0,70.0,195.0,Northwestern,2007,UD,75,,,,Active
Pittsburgh Steelers,CB,Chris,Lammons,30.0,,,SC,2018,UD,75,,,,Active
Pittsburgh Steelers,CB,Shawn,Byrdsong,25.0,,,Mississippi State,2002,UD,75,,,,Active
Pittsburgh Steelers,CB,Marcus,Floyd,30.0,69.0,180.0,Indiana,2002,UD,75,,,,Active
Pittsburgh Steelers,CB,Erwin,Swiney,26.0,72.0,195.0,Nebraska,2002,UD,75,,,,Active
Pittsburgh Steelers,K,Massimo,Manca,,70.0,195.0,Penn State,1987,UD,75,,,,Active
Pittsburgh Steelers,P,Steve,Superick,,,,West Virginia,1986,UD,75,,,,Active
San Francisco 49ers,QB,Graham,Harrell,6.0,74.0,215.0,Texas Tech,2009,UD,75,,,,Active
San Francisco 49ers,QB,Tim,Hasselbeck,8.0,,,Boston College,2001,UD,75,,,,Active
San Francisco 49ers,QB,Chad,Hutchinson,7.0,77.0,237.0,Stanford,2002,UD,75,,,,Active
San Francisco 49ers,RB,Lance,Dunbar,25.0,68.0,187.0,North Texas,2012,UD,75,,,,Active
San Francisco 49ers,RB,Bobby,Rainey,43.0,68.0,212.0,Western Kentucky,2012,UD,75,,,,Active
San Francisco 49ers,RB,Fozzy,Whittaker,43.0,,,Texas,2012,UD,75,,,,Active
San Francisco 49ers,RB,Eric,Breitenstein,,,,Wofford,2013,UD,75,,,,Active
San Francisco 49ers,FB,Khari,Blasingame,41.0,72.0,233.0,Vanderbilt,2019,UD,75,,,,Active
San Francisco 49ers,WR,Josh,Bellamy,11.0,,,Louisville,2012,UD,75,,,,Active
San Francisco 49ers,WR,Jermaine,Kearse,15.0,73.0,209.0,Washington,2012,UD,75,,,,Active
San Francisco 49ers,WR,Wallace,Miles,,,,North Carolina A&T,2012,UD,75,,,,Active
San Francisco 49ers,WR,Cole,Beasley,11.0,68.0,174.0,SMU,2012,UD,75,,,,Active
San Francisco 49ers,WR,Kenbrell,Thompkins,85.0,72.0,195.0,Cincinnati,2013,UD,75,,,,Active
San Francisco 49ers,WR,Trevor,Insley,1.0,72.0,190.0,Nevada,2000,UD,75,,,,Active
San Francisco 49ers,TE,Mike,Landrum,,,,Southern Miss,1984,UD,75,,,,Active
San Francisco 49ers,TE,Ben,Utecht,86.0,,,Minnesota,2004,UD,75,,,,Active
San Francisco 49ers,TE,Adam,Bergen,89.0,76.0,267.0,Lehigh,2005,UD,75,,,,Active
San Francisco 49ers,C,Greg,Mancz,65.0,,,Toledo,2015,UD,75,,,,Active
San Francisco 49ers,C,Preston,Stockton,,,,Wisconsin,2013,UD,75,,,,Active
San Francisco 49ers,DT,John,Randle‡,,73.0,287.0,Texas A&I,1990,UD,75,,,,Active
San Francisco 49ers,DT,Garry,Howe,,73.0,298.0,Colorado,1991,UD,75,,,,Active
San Francisco 49ers,DT,Chuck,Klingbeil,,,,Northern Michigan,1991,UD,75,,,,Active
San Francisco 49ers,DT,Robert,Francois,,,,BC,2009,UD,75,,,,Active
San Francisco 49ers,CB,Steve,Peiro,,,,Arizona,2007,UD,75,,,,Active
San Francisco 49ers,CB,Rashaan,Melvin,29.0,74.0,194.0,Northern Illinois,2013,UD,75,,,,Active
San Francisco 49ers,CB,Jacoby,Glenn,39.0,72.0,185.0,UCF,2015,UD,75,,,,Active
San Francisco 49ers,CB,Bashaud,Breeland,26.0,71.0,195.0,Clemson,2014,102,75,0.0,0.0,False,Active
San Francisco 49ers,CB,Leigh,Bodden,28.0,73.0,193.0,Duquesne,2003,UD,75,,,,Active
San Francisco 49ers,K,Ian,Howfield,,74.0,185.0,Tennessee,1987,UD,75,,,,Active
San Francisco 49ers,P,Al,Herline,,,,Vanderbilt,1987,UD,75,,,,Active
Seattle Seahawks,QB,Jeff,Van Raaphorst,,,,Arizona State,1987,UD,75,,,,Active
Seattle Seahawks,QB,Clint,Stoerner,5.0,,,Arkansas,2000,UD,75,,,,Active
Seattle Seahawks,QB,Billy,Volek,7.0,,,Fresno State,2000,UD,75,,,,Active
Seattle Seahawks,RB,Miguel,Maysonet,,70.0,210.0,Stony Brook,2013,UD,75,,,,Active
Seattle Seahawks,RB,Onterio,McCalebb,39.0,70.0,175.0,Auburn,2013,UD,75,,,,Active
Seattle Seahawks,RB,Lonnie,Pryor,45.0,72.0,224.0,FSU,2013,UD,75,,,,Active
Seattle Seahawks,RB,Cierre,Wood,22.0,71.0,226.0,ND,2013,UD,75,,,,Active
Seattle Seahawks,FB,Luke,Sellers,,,,S Dakota St.,2020,UD,75,,,,Active
Seattle Seahawks,WR,Keith,Paskett,,71.0,180.0,Western Kentucky,1987,UD,75,,,,Active
Seattle Seahawks,WR,Carl,Aikens,,73.0,185.0,Northern Illinois,1985,UD,75,,,,Active
Seattle Seahawks,WR,Rod,Barksdale,,,,Arizona,1985,UD,75,,,,Active
Seattle Seahawks,WR,Ken,Knapczyk,,,,Northern Iowa,1985,UD,75,,,,Active
Seattle Seahawks,WR,Matt,Bouza,,,,California,1981,UD,75,,,,Active
Seattle Seahawks,WR,Paul,Johns,,71.0,173.0,Tulsa,1981,UD,75,,,,Active
Seattle Seahawks,TE,Jay,Repko,,75.0,240.0,Ursinus,1981,UD,75,,,,Active
Seattle Seahawks,TE,Brian,Leonhardt,87.0,77.0,255.0,Bemidji State,2013,UD,75,,,,Active
Seattle Seahawks,TE,Ross,Dwelley,82.0,77.0,235.0,San Diego,2018,UD,75,,,,Active
Seattle Seahawks,C,Jack,Peavey,,,,Troy State,1985,UD,75,,,,Active
Seattle Seahawks,C,Tyler,Ott,69.0,75.0,253.0,Harvard,2014,UD,75,,,,Active
Seattle Seahawks,DT,Brock,Lesnar,,,,Minnesota,2004,UD,75,,,,Active
Seattle Seahawks,DT,Tim,Bulman,93.0,,,Boston College,2005,UD,75,,,,Active
Seattle Seahawks,DT,Scott,Paxson,71.0,76.0,290.0,Penn State,2006,UD,75,,,,Active
Seattle Seahawks,DT,Leger,Douzable,78.0,76.0,284.0,UCF,2008,UD,75,,,,Active
Seattle Seahawks,CB,Kyle,Arrington,24.0,70.0,186.0,Hofstra,2008,UD,75,,,,Active
Seattle Seahawks,CB,A.J.,Bouye,21.0,,,UCF,2013,UD,75,,,,Active
Seattle Seahawks,CB,Chandon,Sullivan,39.0,71.0,189.0,Georgia State,2018,UD,75,,,,Active
Seattle Seahawks,CB,Joselio,Hanson,21.0,69.0,185.0,Texas Tech,2003,UD,75,,,,Active
Seattle Seahawks,CB,Roderick,Hood,29.0,71.0,201.0,Auburn,2003,UD,75,,,,Active
Seattle Seahawks,K,Dale,Dawson,,72.0,213.0,Eastern Kentucky,1987,UD,75,,,,Active
Seattle Seahawks,P,Vincent,Gamache,,71.0,174.0,Cal State Fullerton,1985,UD,75,,,,Active
Tampa Bay Buccaneers,QB,Jeff,Matthews,,,,Cornell,2014,UD,75,,,,Active
Tampa Bay Buccaneers,QB,Collin,Klein,,,,K St,2013,UD,75,,,,Active
Tampa Bay Buccaneers,QB,Alex,Carder,,,,W. Mich,2013,UD,75,,,,Active
Tampa Bay Buccaneers,RB,Kapri,Bibbs,35.0,70.0,203.0,Colorado St.,2014,UD,75,,,,Active
Tampa Bay Buccaneers,RB,Isaiah,Crowell,34.0,71.0,225.0,Georgia,2014,UD,75,,,,Active
Tampa Bay Buccaneers,RB,Orleans,Darkwa,26.0,71.0,219.0,Tulane,2014,UD,75,,,,Active
Tampa Bay Buccaneers,RB,David,Fluellen,32.0,71.0,224.0,Toledo,2014,UD,75,,,,Active
Tampa Bay Buccaneers,FB,Conner,Slomka,,,,Army,2020,UD,75,,,,Active
Tampa Bay Buccaneers,WR,Davone,Bess,15.0,70.0,195.0,Hawaii,2008,UD,75,,,,Active
Tampa Bay Buccaneers,WR,Rod,Streater,80.0,74.0,195.0,Temple,2012,UD,75,,,,Active
Tampa Bay Buccaneers,WR,Victor,Cruz,80.0,72.0,204.0,UMass,2010,UD,75,,,,Active
Tampa Bay Buccaneers,WR,Jeff,Maehl,88.0,,,Oregon,2011,UD,75,,,,Active
Tampa Bay Buccaneers,WR,Kelvin,Kight,13.0,72.0,213.0,Florida,2004,UD,75,,,,Active
Tampa Bay Buccaneers,WR,Terrance,Copper,18.0,72.0,207.0,East Carolina,2004,UD,75,,,,Active
Tampa Bay Buccaneers,TE,Chris,Myarick,85.0,,,Temple,2019,UD,75,,,,Active
Tampa Bay Buccaneers,TE,Antonio,Gates,85.0,76.0,255.0,Kent State,2003,UD,75,,,,Active
Tampa Bay Buccaneers,TE,Will,Heller,89.0,78.0,275.0,Georgia Tech,2003,UD,75,,,,Active
Tampa Bay Buccaneers,C,Alonzo,Ephraim,50.0,76.0,312.0,Alabama,2003,UD,75,,,,Active
Tampa Bay Buccaneers,C,Garrison,Sanborn,65.0,73.0,240.0,FSU,2009,UD,75,,,,Active
Tampa Bay Buccaneers,DT,Tim,Morabito,90.0,,,Boston College,1996,UD,75,,,,Active
Tampa Bay Buccaneers,DT,Larry,Chester,64.0,74.0,325.0,Temple,1998,UD,75,,,,Active
Tampa Bay Buccaneers,DT,Brad,Keeney,,75.0,294.0,The Citadel,1996,UD,75,,,,Active
Tampa Bay Buccaneers,DT,Chris,Hoke,76.0,,,BYU,2001,UD,75,,,,Active
Tampa Bay Buccaneers,CB,Josh,Gordy,27.0,,,Central Michigan,2010,UD,75,,,,Active
Tampa Bay Buccaneers,CB,Chris,Lewis-Harris,37.0,,,Chattanooga,2012,UD,75,,,,Active
Tampa Bay Buccaneers,CB,Jabari,Greer,33.0,71.0,180.0,Tennessee,2004,UD,75,,,,Active
Tampa Bay Buccaneers,CB,Michael,Harden,40.0,71.0,190.0,Missouri,2004,UD,75,,,,Active
Tampa Bay Buccaneers,CB,Patrick,Dendy,34.0,72.0,190.0,Rice,2005,UD,75,,,,Active
Tampa Bay Buccaneers,K,Jason,Staurovsky,,69.0,167.0,Tulsa,1986,UD,75,,,,Active
Tampa Bay Buccaneers,P,Tom,O'Connor,,,,South Carolina,1986,UD,75,,,,Active
Tennessee Titans,QB,Caleb,TerBush,,,,Purdue,2013,UD,75,,,,Active
Tennessee Titans,QB,Jeff,Tuel,7.0,,,Washington,2013,UD,75,,,,Active
Tennessee Titans,QB,James,Vandenberg,,,,Vandy,2013,UD,75,,,,Active
Tennessee Titans,RB,Fitzgerald,Toussaint,33.0,69.0,204.0,Michigan,2014,UD,75,,,,Active
Tennessee Titans,RB,James,Wilder Jr,,,,FSU,2014,UD,75,,,,Active
Tennessee Titans,RB,Raheem,Mostert,31.0,,,Purdue,2015,UD,75,,,,Active
Tennessee Titans,RB,Thomas,Rawls,34.0,69.0,215.0,Central Michigan,2015,UD,75,,,,Active
Tennessee Titans,FB,Joe,Kerridge,40.0,,,Michigan,2016,UD,75,,,,Active
Tennessee Titans,WR,Glenn,Martinez,17.0,73.0,185.0,Saginaw Valley State,2004,UD,75,,,,Active
Tennessee Titans,WR,Richard,Cerfoss,,,,Georgia,2004,UD,75,,,,Active
Tennessee Titans,WR,Kendrick,Starling,17.0,72.0,193.0,San Jose State,2004,UD,75,,,,Active
Tennessee Titans,WR,Josh,Cribbs,,,,Kent State,2005,UD,75,,,,Active
Tennessee Titans,WR,Brandon,Banks,16.0,67.0,153.0,Kansas St.,2010,UD,75,,,,Active
Tennessee Titans,WR,John,Standeford,16.0,76.0,200.0,Purdue,2004,UD,75,,,,Active
Tennessee Titans,TE,Ron,LaPointe,,,,Penn State,1980,UD,75,,,,Active
Tennessee Titans,TE,P.J.,Holtz,,,,Pittsburgh,2016,UD,75,,,,Active
Tennessee Titans,TE,Dallas,Goedert,88.0,77.0,256.0,South Dakota St.,2018,49,75,0.0,0.0,False,Active
Tennessee Titans,C,Josh,Warner,67.0,,,Brockport,2001,UD,75,,,,Active
Tennessee Titans,C,Matt,Katula,70.0,,,Wisconsin,2005,UD,75,,,,Active
Tennessee Titans,DT,Dan,Benish,,,,Clemson,1983,UD,75,,,,Active
Tennessee Titans,DT,Kevin,Kellin,,78.0,267.0,Minnesota,1983,UD,75,,,,Active
Tennessee Titans,DT,Rich,Stachowski,,,,California,1983,UD,75,,,,Active
Tennessee Titans,DT,Mark,Catano,,75.0,265.0,Valdosta State,1984,UD,75,,,,Active
Tennessee Titans,CB,Sam,Shields,37.0,,,Miami (FL),2010,UD,75,,,,Active
Tennessee Titans,CB,Marcus,Roberson,47.0,72.0,191.0,Florida,2014,UD,75,,,,Active
Tennessee Titans,CB,Ahmad,Treaudo,37.0,70.0,181.0,Southern,2005,UD,75,,,,Active
Tennessee Titans,CB,Jarrett,Bush,24.0,72.0,200.0,Utah St.,2006,UD,75,,,,Active
Tennessee Titans,CB,Brent,Grimes,20.0,70.0,185.0,Shippensburg,2006,UD,75,,,,Active
Tennessee Titans,K,Björn,Nittmo,,,,Appalachian State,1989,UD,75,,,,Active
Tennessee Titans,P,Rick,Donnelly,,,,Wyoming,1985,UD,75,,,,Active
Washington Commanders,QB,Timmy,Chang,,,,Hawaii,2005,UD,75,,,,Active
Washington Commanders,QB,Tony,Romo,9.0,,,Eastern Illinois,2003,UD,75,,,,Active
Washington Commanders,QB,Nick,Mullens,4.0,,,Southern Miss,2017,UD,75,,,,Active
Washington Commanders,RB,Robert,Kelley,,72.0,229.0,Tulane,2016,UD,75,,,,Active
Washington Commanders,RB,Elijhaa,Penny,39.0,73.0,250.0,Idaho,2016,UD,75,,,,Active
Washington Commanders,RB,Jalen,Richard,30.0,68.0,205.0,Southern Miss,2016,UD,75,,,,Active
Washington Commanders,RB,Matt,Breida,22.0,,,Georgia Southern,2017,UD,75,,,,Active
Washington Commanders,FB,Andrew,Beck,83.0,75.0,255.0,Texas,2019,UD,75,,,,Active
Washington Commanders,WR,Jimmy,Farris,87.0,,,Montana,2001,UD,75,,,,Active
Washington Commanders,WR,Derek,Dorris,85.0,73.0,195.0,Texas Tech,2001,UD,75,,,,Active
Washington Commanders,WR,Phil,McGeoghan,85.0,,,Maine,2001,UD,75,,,,Active
Washington Commanders,WR,J.J.,Moses,84.0,,,Iowa State,2001,UD,75,,,,Active
Washington Commanders,WR,Brian,Treggs,,69.0,161.0,California,1992,UD,75,,,,Active
Washington Commanders,WR,Justin,Skaggs,16.0,74.0,200.0,Evangel,2001,UD,75,,,,Active
Washington Commanders,TE,Ben,Braunecker,84.0,,,Harvard,2016,UD,75,,,,Active
Washington Commanders,TE,Dwayne,Blakley,85.0,77.0,261.0,Missouri,2002,UD,75,,,,Active
Washington Commanders,TE,Rashod,Kent,88.0,78.0,275.0,Rutgers,2002,UD,75,,,,Active
Washington Commanders,C,Doug,Legursky,64.0,73.0,323.0,Marshall,2008,UD,75,,,,Active
Washington Commanders,C,Ryan,Wendell,62.0,74.0,300.0,Fresno St.,2008,UD,75,,,,Active
Washington Commanders,DT,Ropati,Pitoitua,92.0,80.0,298.0,Washington St.,2008,UD,75,,,,Active
Washington Commanders,DT,Dino,Mangiero,,74.0,265.0,Rutgers,1980,UD,75,,,,Active
Washington Commanders,DT,Cleveland,Pinkney,61.0,72.0,305.0,South Carolina,2001,UD,75,,,,Active
Washington Commanders,DT,Jordan,Carstens,67.0,77.0,300.0,Iowa State,2004,UD,75,,,,Active
Washington Commanders,CB,Chris,Reis,39.0,,,Georgia Tech,2006,UD,75,,,,Active
Washington Commanders,CB,Danny,Gorrer,36.0,72.0,180.0,TA&M,2009,UD,75,,,,Active
Washington Commanders,CB,Tramaine,Brock,26.0,72.0,188.0,Belhaven,2010,UD,75,,,,Active
Washington Commanders,CB,Bryan,McCann,37.0,71.0,185.0,SMU,2010,UD,75,,,,Active
Washington Commanders,CB,Marcus,Sherels,35.0,70.0,175.0,Minnesota,2010,UD,75,,,,Active
Washington Commanders,K,Rich,Karlis,,,,Cincinnati,1981,UD,75,,,,Active
Washington Commanders,P,Dan,Stryzinski,4.0,,,Indiana,1988,UD,75,,,,Active
