Pick,Round,First Name,Last Name,Position,College,Height,Weight,Jersey,Draft Grade,Home State,Career Start,Career End,Pro Bowls,All-Pro,Seasons Started,Weighted AV,Hall of Fame
1,1,Joe,Burrow,QB,LSU,76.0,215.0,9.0,87,"Ames, Iowa",2020.0,2025.0,2.0,0.0,5.0,58.0,False
10,1,Jedrick Wills,Jr.,LT,Alabama,,,,79,,2020.0,2024.0,0.0,0.0,3.0,24.0,False
100,3,Tanner,Muse,SS,Clemson,74.0,227.0,55.0,71,"Belmont, North",2020.0,2024.0,0.0,0.0,0.0,2.0,False
101,3,Dalton,Keene,TE,Virginia Tech,76.0,251.0,44.0,70,"Louis, Missouri",2020.0,2023.0,0.0,0.0,0.0,0.0,False
102,3,Alex,Highsmith,MLB,Charlotte,76.0,242.0,56.0,76,"Wilmington, North",2020.0,2025.0,0.0,0.0,4.0,30.0,False
103,3,Davion,Taylor,MLB,Colorado,73.0,230.0,52.0,70,"Comb, Mississippi",2020.0,2021.0,0.0,0.0,0.0,3.0,False
104,3,Terrell,Burgess,SS,Utah,71.0,202.0,26.0,71,"Oceanside, California",2020.0,2025.0,0.0,0.0,0.0,3.0,False
105,3,Adam,Trautman,TE,Dayton,77.0,253.0,82.0,72,"Williamsburg, Michigan",2020.0,2025.0,0.0,0.0,3.0,9.0,False
106,3,Tyre,Phillips,LT,Mississippi St.,77.0,330.0,79.0,72,"Grenada, Mississippi",2020.0,2024.0,0.0,0.0,1.0,11.0,False
107,4,Akeem,Davis-Gaither,MLB,Appalachian St.,74.0,238.0,59.0,70,"Thomasville, North",2020.0,2025.0,0.0,0.0,0.0,9.0,False
108,4,Saahdiq,Charles,LT,LSU,76.0,321.0,77.0,70,"Jackson, Mississippi",2020.0,2023.0,0.0,0.0,1.0,8.0,False
109,4,John,Simpson,LG,Clemson,76.0,330.0,76.0,72,"Charleston, South",2020.0,2025.0,0.0,0.0,3.0,23.0,False
11,1,Mekhi,Becton,LT,Louisville,79.0,363.0,77.0,78,"Highland Springs, Virginia",2020.0,2025.0,0.0,0.0,3.0,15.0,False
110,4,Darnay,Holmes,CB,UCLA,70.0,198.0,30.0,70,"Pasadena, California",2020.0,2025.0,0.0,0.0,0.0,7.0,False
111,4,Solomon,Kindley,LG,Georgia,76.0,335.0,66.0,69,"Jacksonville, Florida",2020.0,2021.0,0.0,0.0,1.0,6.0,False
112,4,Joshua,Kelley,HB,UCLA,71.0,212.0,25.0,70,"Inglewood, California",2020.0,2024.0,0.0,0.0,0.0,9.0,False
113,4,Troy Pride,Jr.,CB,Notre Dame,,,,69,,2020.0,2024.0,0.0,0.0,0.0,3.0,False
114,4,Leki,Fotu,DT,Utah,77.0,317.0,95.0,71,"Oakland, California",2020.0,2025.0,0.0,0.0,2.0,10.0,False
115,4,Harrison,Bryant,TE,Florida Atlantic,77.0,243.0,88.0,70,"Macon, Georgia",2020.0,2025.0,0.0,0.0,3.0,7.0,False
116,4,Ben,Bartch,LG,Saint John's (MN),78.0,315.0,78.0,70,"Minnville, Oregon",2020.0,2025.0,0.0,0.0,1.0,8.0,False
117,4,D.J.,Wonnum,LE,South Carolina,,,98.0,72,,2020.0,2025.0,0.0,0.0,2.0,20.0,False
118,4,Albert,Okwuegbunam,TE,Missouri,77.0,258.0,85.0,70,"Springfield, Illinois",2020.0,2025.0,0.0,0.0,0.0,5.0,False
119,4,Mykal,Walker,MLB,Fresno St.,75.0,230.0,3.0,71,"Fresno, California",2020.0,2025.0,0.0,0.0,2.0,15.0,False
12,1,Henry Ruggs,III,WR,Alabama,,,,76,,2020.0,2021.0,0.0,0.0,1.0,8.0,False
120,4,La'Mical,Perine,HB,Florida,71.0,216.0,22.0,69,"Mobile, Alabama",2020.0,2023.0,0.0,0.0,0.0,3.0,False
121,4,Logan,Stenberg,LG,Kentucky,78.0,312.0,71.0,69,"Madison, Alabama",2020.0,2022.0,0.0,0.0,0.0,3.0,False
122,4,Jacob,Eason,QB,Washington,78.0,231.0,9.0,68,"Lake Stevens, Washington",2020.0,2022.0,0.0,0.0,0.0,0.0,False
123,4,Reggie Robinson,II,CB,Tulsa,,,,68,,2020.0,2020.0,0.0,0.0,0.0,0.0,False
124,4,Anthony McFarland,Jr.,HB,Maryland,,,,69,,2020.0,2023.0,0.0,0.0,0.0,1.0,False
125,4,James,Morgan,QB,Florida International,76.0,229.0,4.0,68,"Green Bay, Wisconsin",2020.0,,0.0,0.0,0.0,,False
126,4,Charlie,Heck,LT,North Carolina,80.0,311.0,67.0,71,"Evanston, Illinois",2020.0,2025.0,0.0,0.0,1.0,11.0,False
127,4,K'Von,Wallace,SS,Clemson,71.0,205.0,42.0,70,"Highland Springs, Virginia",2020.0,2024.0,0.0,0.0,0.0,9.0,False
128,4,Gabriel,Davis,WR,Central Florida,74.0,225.0,13.0,73,,2020.0,2024.0,0.0,0.0,4.0,27.0,False
129,4,Cameron,Clark,LT,Charlotte,76.0,308.0,72.0,68,"Greensboro, North",2020.0,,0.0,0.0,0.0,,False
13,1,Tristan,Wirfs,LT,Iowa,77.0,320.0,78.0,93,"Mount Vernon, Iowa",2020.0,2025.0,4.0,2.0,5.0,58.0,False
130,4,James,Lynch,DT,Baylor,76.0,295.0,92.0,70,"Round Rock, Texas",2020.0,2025.0,0.0,0.0,0.0,6.0,False
131,4,Rashard,Lawrence,DT,LSU,74.0,308.0,90.0,69,"Monroe, Louisiana",2020.0,2022.0,0.0,0.0,0.0,6.0,False
132,4,Troy,Dye,MLB,Oregon,75.0,225.0,45.0,71,"Norco, California",2020.0,2025.0,0.0,0.0,1.0,10.0,False
133,4,Colby,Parkinson,TE,Stanford,79.0,265.0,84.0,70,"San Ramon, California",2020.0,2025.0,0.0,0.0,1.0,8.0,False
134,4,Jaylinn,Hawkins,SS,California,73.0,208.0,32.0,71,"Panama City, Panama",2020.0,2025.0,0.0,0.0,1.0,11.0,False
135,4,Kevin,Dotson,LG,Louisiana,76.0,330.0,69.0,73,"West Point, Mississippi",2020.0,2025.0,0.0,0.0,3.0,24.0,False
136,4,Brycen,Hopkins,TE,Purdue,76.0,245.0,88.0,69,"Nashville, Tennessee",2020.0,2023.0,0.0,0.0,0.0,2.0,False
137,4,Josiah,Scott,CB,Michigan St.,69.0,185.0,33.0,69,"Hamilton, Ohio",2020.0,2023.0,0.0,0.0,0.0,3.0,False
138,4,L'Jarius,Sneed,SS,Louisiana Tech,73.0,192.0,38.0,72,"Minden, Louisiana",2020.0,2025.0,0.0,0.0,3.0,20.0,False
139,4,Amik,Robertson,CB,Louisiana Tech,69.0,183.0,21.0,71,"Thibodaux, Louisiana",2020.0,2025.0,0.0,0.0,1.0,11.0,False
14,1,Javon,Kinlaw,DT,South Carolina,77.0,319.0,99.0,79,"Spain, Trinidad",2020.0,2025.0,0.0,0.0,2.0,22.0,False
140,4,Shaquille,Quarterman,MLB,Miami (FL),72.0,234.0,50.0,69,"Orange Park, Florida",2020.0,2024.0,0.0,0.0,0.0,5.0,False
141,4,John,Reid,CB,Penn St.,70.0,187.0,34.0,68,"Mount Laurel, New",2020.0,2022.0,0.0,0.0,0.0,2.0,False
142,4,Antonio,Gandy-Golden,WR,Liberty,76.0,223.0,18.0,68,"Chicago, Illinois",2020.0,2021.0,0.0,0.0,0.0,0.0,False
143,4,Ben,Bredeson,LG,Michigan,77.0,315.0,68.0,72,"Hartland, Wisconsin",2020.0,2025.0,0.0,0.0,2.0,17.0,False
144,4,DeeJay,Dallas,HB,Miami (FL),70.0,217.0,31.0,70,"Brunswick, Georgia",2020.0,2025.0,0.0,0.0,0.0,7.0,False
145,4,Jack,Driscoll,LG,Auburn,77.0,312.0,63.0,71,"Madison, Connecticut",2020.0,2024.0,0.0,0.0,0.0,12.0,False
146,4,Tyler,Biadasz,C,Wisconsin,76.0,316.0,63.0,75,"Amherst, Wisconsin",2020.0,2025.0,1.0,0.0,4.0,31.0,False
147,5,Khalid,Kareem,LE,Notre Dame,76.0,255.0,90.0,69,"Detroit, Michigan",2020.0,2024.0,0.0,0.0,0.0,2.0,False
148,5,Alton,Robinson,LE,Syracuse,75.0,259.0,98.0,68,"San Antonio, Texas",2020.0,2021.0,0.0,0.0,0.0,4.0,False
149,5,Danny,Pinter,LG,Ball St.,76.0,301.0,63.0,70,"South Bend, Indiana",2020.0,2025.0,0.0,0.0,0.0,6.0,False
15,1,Jerry,Jeudy,WR,Alabama,73.0,195.0,10.0,81,"Deerfield Beach, Florida",2020.0,2025.0,1.0,0.0,4.0,28.0,False
150,5,Shane,Lemieux,LG,Oregon,76.0,306.0,66.0,69,"Yakima, Washington",2020.0,2024.0,0.0,0.0,1.0,5.0,False
151,5,Joe,Reed,WR,Virginia,72.0,224.0,12.0,68,"Charlotte Court House, Virginia",2020.0,2020.0,0.0,0.0,0.0,0.0,False
152,5,Kenny Robinson,Jr.,SS,West Virginia,,,,68,,2020.0,2021.0,0.0,0.0,0.0,1.0,False
153,5,Colton,McKivitz,LT,West Virginia,78.0,301.0,68.0,72,"Jacobsburg, Ohio",2020.0,2025.0,0.0,0.0,2.0,17.0,False
154,5,Jason,Strowbridge,LE,North Carolina,77.0,267.0,58.0,68,"Deerfield Beach, Florida",2020.0,2020.0,0.0,0.0,0.0,1.0,False
155,5,Trevis,Gipson,LE,Tulsa,76.0,263.0,99.0,71,"Cedar Hill, Texas",2020.0,2025.0,0.0,0.0,1.0,10.0,False
156,5,Keith,Ismael,C,San Diego St.,75.0,309.0,60.0,69,"Oakland, California",2020.0,2023.0,0.0,0.0,0.0,3.0,False
157,5,Daniel,Thomas,SS,Auburn,72.0,225.0,20.0,70,"Hilliard, Florida",2020.0,2025.0,0.0,0.0,0.0,5.0,False
158,5,Bryce,Hall,CB,Virginia,73.0,202.0,37.0,70,"Harrisburg, Pennsylvania",2020.0,2024.0,0.0,0.0,2.0,10.0,False
159,5,Justin,Rohrwasser,K,Marshall,75.0,230.0,5.0,68,"Clifton Park, New",2020.0,,0.0,0.0,0.0,,False
16,1,AJ,Terrell,CB,Clemson,,,,80,,2020.0,2025.0,0.0,0.0,5.0,28.0,False
160,5,Nick,Harris,C,Washington,74.0,218.0,2.0,69,"Avondale, Arizona",2020.0,2024.0,0.0,0.0,0.0,5.0,False
161,5,Tyler,Johnson,WR,Minnesota,73.0,208.0,18.0,70,"Minneapolis, Minnesota",2020.0,2025.0,0.0,0.0,0.0,8.0,False
162,5,Khaleke,Hudson,MLB,Michigan,72.0,220.0,47.0,70,"Keesport, Pennsylvania",2020.0,2024.0,0.0,0.0,0.0,7.0,False
163,5,Kindle,Vildor,CB,Georgia Southern,71.0,189.0,22.0,70,"Atlanta, Georgia",2020.0,2025.0,0.0,0.0,2.0,9.0,False
164,5,Curtis,Weaver,LE,Boise St.,74.0,265.0,61.0,68,"Long Beach, California",2020.0,2021.0,0.0,0.0,0.0,0.0,False
165,5,Collin,Johnson,WR,Texas,78.0,220.0,15.0,69,"Los Angeles, California",2020.0,2024.0,0.0,0.0,0.0,3.0,False
166,5,Quintez,Cephus,WR,Wisconsin,73.0,208.0,87.0,69,"Macon, Georgia",2020.0,2022.0,0.0,0.0,0.0,5.0,False
167,5,Jake,Fromm,QB,Georgia,74.0,215.0,17.0,68,"Warner Robins, Georgia",2020.0,2021.0,0.0,0.0,0.0,1.0,False
168,5,John,Hightower,WR,Boise St.,74.0,190.0,82.0,68,"Landover, Maryland",2020.0,2021.0,0.0,0.0,0.0,1.0,False
169,5,Harrison,Hand,CB,Temple,71.0,185.0,38.0,68,"Cherry Hill, New",2020.0,2022.0,0.0,0.0,0.0,2.0,False
17,1,CeeDee,Lamb,WR,Oklahoma,74.0,200.0,88.0,91,"Opelousas, Louisiana",2020.0,2025.0,4.0,1.0,5.0,57.0,False
170,5,Broderick Washington,Jr.,DT,Texas Tech,,,,71,,2020.0,2025.0,0.0,0.0,1.0,14.0,False
171,5,Isaiah,Coulter,WR,Rhode Island,74.0,198.0,82.0,68,"Columbia, Maryland",2020.0,2021.0,0.0,0.0,0.0,0.0,False
172,5,Jason,Huntley,HB,New Mexico St.,69.0,195.0,32.0,68,"Toledo, Ohio",2020.0,2021.0,0.0,0.0,0.0,0.0,False
173,5,Darnell,Mooney,WR,Tulane,71.0,180.0,11.0,74,"Gadsden, Alabama",2020.0,2025.0,0.0,0.0,4.0,30.0,False
174,5,Larrell,Murchison,DT,North Carolina St.,74.0,285.0,52.0,70,"Elizabethtown, North",2020.0,2025.0,0.0,0.0,0.0,6.0,False
175,5,Kamal,Martin,MLB,Minnesota,75.0,240.0,47.0,68,"Burnsville, Minnesota",2020.0,2021.0,0.0,0.0,0.0,4.0,False
176,5,K.J.,Osborn,WR,Miami (FL),72.0,200.0,17.0,71,,2020.0,2024.0,0.0,0.0,2.0,13.0,False
177,5,Michael,Danna,LE,Michigan,74.0,257.0,51.0,72,,2020.0,2025.0,0.0,0.0,2.0,17.0,False
178,5,Justin,Strnad,MLB,Wake Forest,75.0,235.0,40.0,71,"Palm Harbor, Florida",2020.0,2025.0,0.0,0.0,0.0,10.0,False
179,5,Bradlee,Anae,LE,Utah,75.0,260.0,56.0,68,"Laie, Hawaii",2020.0,2021.0,0.0,0.0,0.0,1.0,False
18,1,Austin,Jackson,LT,USC,77.0,310.0,73.0,79,"Sacramento, California",2020.0,2025.0,0.0,0.0,4.0,23.0,False
180,6,Hakeem,Adeniji,LT,Kansas,76.0,302.0,77.0,67,"Garland, Texas",2020.0,2025.0,0.0,0.0,0.0,9.0,False
181,6,Netane,Muti,LG,Fresno St.,75.0,325.0,52.0,66,,2020.0,2023.0,0.0,0.0,0.0,3.0,False
182,6,Michael,Onwenu,LG,Michigan,75.0,350.0,71.0,70,"Detroit, Michigan",2020.0,2025.0,0.0,0.0,4.0,26.0,False
183,6,Cam,Brown,MLB,Penn St.,77.0,230.0,47.0,66,"Silver Spring, Maryland",2020.0,2023.0,0.0,0.0,0.0,4.0,False
184,6,Bravvion,Roy,DT,Baylor,73.0,330.0,93.0,66,"Houston, Texas",2020.0,2022.0,0.0,0.0,1.0,9.0,False
185,6,Blake,Ferguson,LS,LSU,75.0,230.0,44.0,66,"Smyrna, Georgia",2020.0,2024.0,0.0,0.0,0.0,4.0,False
186,6,Alohi,Gilman,SS,Notre Dame,70.0,201.0,32.0,68,"Laie, Hawaii",2020.0,2025.0,0.0,0.0,2.0,13.0,False
187,6,Donovan,Peoples-Jones,WR,Michigan,74.0,204.0,11.0,68,"Detroit, Michigan",2020.0,2023.0,0.0,0.0,1.0,18.0,False
188,6,Tyler,Bass,K,Georgia Southern,70.0,183.0,2.0,68,"Columbia, South",2020.0,2024.0,0.0,0.0,2.0,13.0,False
189,6,Jake,Luton,QB,Oregon St.,78.0,224.0,16.0,65,"Marysville, Washington",2020.0,2020.0,0.0,0.0,0.0,2.0,False
19,1,Damon,Arnette,CB,Ohio St.,72.0,195.0,20.0,76,"Dallas, Texas",2020.0,2025.0,0.0,0.0,0.0,2.0,False
190,6,Charlie,Woerner,TE,Georgia,77.0,250.0,89.0,66,"Tiger, Georgia",2020.0,2025.0,0.0,0.0,0.0,0.0,False
191,6,Braden,Mann,P,Texas A&M,71.0,198.0,7.0,68,"Houston, Texas",2020.0,2025.0,0.0,0.0,2.0,11.0,False
192,6,Jon Runyan,Jr.,LT,Michigan,,,,70,,2020.0,2025.0,0.0,0.0,4.0,29.0,False
193,6,Robert,Windsor,DT,Penn St.,76.0,290.0,93.0,65,"Lac, Wisconsin",2020.0,2020.0,0.0,0.0,0.0,0.0,False
194,6,Khalil,Davis,DT,Nebraska,73.0,308.0,94.0,66,"Blue Springs, Missouri",2020.0,2024.0,0.0,0.0,0.0,3.0,False
195,6,Justin,Herron,LT,Wake Forest,77.0,305.0,75.0,66,"Silver Spring, Maryland",2020.0,2023.0,0.0,0.0,0.0,7.0,False
196,6,Shaun,Bradley,MLB,Temple,73.0,240.0,54.0,66,"Mount Holly, New",2020.0,2022.0,0.0,0.0,0.0,3.0,False
197,6,John,Penisini,DT,Utah,74.0,335.0,98.0,66,"California, U",2020.0,2021.0,0.0,0.0,1.0,6.0,False
198,6,Antoine Brooks,Jr.,SS,Maryland,,,,65,,2020.0,2021.0,0.0,0.0,0.0,1.0,False
199,6,Jordan,Fuller,SS,Ohio St.,74.0,203.0,4.0,69,"Newark, New",2020.0,2025.0,0.0,0.0,3.0,17.0,False
2,1,Chase,Young,LE,Ohio St.,77.0,264.0,99.0,80,"Upper Marlboro, Maryland",2020.0,2025.0,1.0,0.0,1.0,23.0,False
20,1,K'Lavon,Chaisson,LE,LSU,75.0,255.0,45.0,78,"Houston, Texas",2020.0,2025.0,0.0,0.0,0.0,10.0,False
200,6,Quez,Watkins,WR,Southern Miss,72.0,193.0,16.0,67,"Athens, Alabama",2020.0,2023.0,0.0,0.0,1.0,13.0,False
201,6,James,Proche,WR,SMU,71.0,193.0,11.0,66,"Dallas, Texas",2020.0,2024.0,0.0,0.0,0.0,3.0,False
202,6,Evan,Weaver,MLB,California,75.0,235.0,50.0,65,"Spokane, Washington",2020.0,,0.0,0.0,0.0,,False
203,6,Blake,Brandel,LT,Oregon St.,78.0,315.0,64.0,68,"Milwaukie, Oregon",2020.0,2025.0,0.0,0.0,1.0,12.0,False
204,6,Cassh,Maluia,MLB,Wyoming,72.0,248.0,46.0,65,"Compton, California",2020.0,2020.0,0.0,0.0,0.0,1.0,False
205,6,Josh,Metellus,SS,Michigan,71.0,208.0,44.0,68,"North Miami Beach, Florida",2020.0,2025.0,0.0,0.0,1.0,13.0,False
206,6,Tyler,Davis,TE,Georgia Tech,76.0,252.0,84.0,65,"North Bellmore, New",2020.0,2022.0,0.0,0.0,0.0,0.0,False
207,6,Isaiah,Hodgins,WR,Oregon St.,76.0,201.0,18.0,66,"San Jose, California",2020.0,2024.0,0.0,0.0,1.0,5.0,False
208,6,Jake,Hanson,C,Oregon,76.0,296.0,67.0,66,"Santa Clarita, California",2020.0,2024.0,0.0,0.0,0.0,4.0,False
209,6,Simon,Stepaniak,LT,Indiana,76.0,316.0,72.0,65,"Hamilton, Ohio",2020.0,,0.0,0.0,0.0,,False
21,1,Jalen,Reagor,WR,TCU,71.0,197.0,18.0,77,"Waxahachie, Texas",2020.0,2024.0,0.0,0.0,2.0,10.0,False
210,6,Prince Tega,Wanogho,LT,Auburn,,,70.0,66,,2020.0,2023.0,0.0,0.0,0.0,1.0,False
211,6,Isaiah,Rodgers,CB,Massachusetts,70.0,180.0,34.0,67,"Tampa, Florida",2020.0,2025.0,0.0,0.0,1.0,9.0,False
212,6,Dezmon,Patmon,WR,Washington St.,76.0,225.0,10.0,65,"San Diego, California",2020.0,2022.0,0.0,0.0,0.0,0.0,False
213,6,Jordan,Glasgow,MLB,Michigan,72.0,225.0,59.0,65,"Kalb, Illinois",2020.0,2021.0,0.0,0.0,0.0,2.0,False
214,6,Freddie,Swain,WR,Florida,72.0,199.0,18.0,66,"Ocala, Florida",2020.0,2022.0,0.0,0.0,0.0,5.0,False
215,7,Markus,Bailey,MLB,Purdue,73.0,235.0,51.0,67,"Columbus, Ohio",2020.0,2024.0,0.0,0.0,0.0,7.0,False
216,7,Kamren,Curl,SS,Arkansas,74.0,205.0,31.0,69,"San Diego, California",2020.0,2025.0,0.0,0.0,5.0,23.0,False
217,7,Jauan,Jennings,WR,Tennessee,75.0,212.0,15.0,68,"Cowan, Tennessee",2020.0,2025.0,0.0,0.0,0.0,16.0,False
218,7,Carter,Coughlin,MLB,Minnesota,75.0,240.0,52.0,66,"Eden Prairie, Minnesota",2020.0,2024.0,0.0,0.0,0.0,5.0,False
219,7,Geno,Stone,SS,Iowa,71.0,210.0,26.0,69,"New Castle, Pennsylvania",2020.0,2025.0,0.0,0.0,2.0,17.0,False
22,1,Justin,Jefferson,WR,LSU,73.0,195.0,18.0,93,"Rose, Louisiana",2020.0,2025.0,4.0,2.0,5.0,57.0,False
220,7,K.J.,Hill,WR,Ohio St.,72.0,195.0,84.0,65,,2020.0,2021.0,0.0,0.0,0.0,1.0,False
221,7,Stantley,Thomas-Oliver,CB,Florida International,72.0,194.0,23.0,66,"Tallahassee, Florida",2020.0,2024.0,0.0,0.0,0.0,2.0,False
222,7,Eno,Benjamin,HB,Arizona St.,69.0,207.0,26.0,66,"Dallas, Texas",2020.0,2022.0,0.0,0.0,0.0,4.0,False
223,7,Chris,Claybrooks,CB,Memphis,69.0,180.0,27.0,66,"Nashville, Tennessee",2020.0,2022.0,0.0,0.0,0.0,5.0,False
224,7,Cole,McDonald,QB,Hawaii,76.0,220.0,,65,"La Mirada, California",2020.0,,0.0,0.0,0.0,,False
225,7,Kenny,Willekes,LE,Michigan St.,75.0,264.0,79.0,65,"Rockford, Michigan",2020.0,2021.0,0.0,0.0,0.0,1.0,False
226,7,Arlington,Hambright,LT,Colorado,77.0,300.0,64.0,66,"Ypsilanti, Michigan",2020.0,2024.0,0.0,0.0,0.0,1.0,False
227,7,Lachavious,Simmons,LG,Tennessee St.,77.0,315.0,73.0,65,"Selma, Alabama",2020.0,2021.0,0.0,0.0,0.0,0.0,False
228,7,Sterling,Hofrichter,P,Syracuse,70.0,196.0,4.0,65,"Jacksonville, Florida",2020.0,2021.0,0.0,0.0,0.0,1.0,False
229,7,James,Smith-Williams,LE,North Carolina St.,76.0,265.0,96.0,68,"Raleigh, North",2020.0,2024.0,0.0,0.0,1.0,15.0,False
23,1,Kenneth,Murray,MLB,Oklahoma,74.0,241.0,9.0,80,"Missouri City, Texas",2020.0,2025.0,0.0,0.0,4.0,28.0,False
230,7,Dustin,Woodard,C,Memphis,74.0,291.0,0.0,65,"Chandler, Arizona",2020.0,,0.0,0.0,0.0,,False
231,7,Ben,DiNucci,QB,James Madison,74.0,215.0,7.0,65,"Atlanta, Georgia",2020.0,2020.0,0.0,0.0,0.0,1.0,False
232,7,Carlos,Davis,DT,Nebraska,74.0,312.0,73.0,65,"Blue Springs, Missouri",2020.0,2022.0,0.0,0.0,0.0,1.0,False
233,7,Casey,Toohill,LE,Stanford,77.0,254.0,95.0,67,"San Diego, California",2020.0,2024.0,0.0,0.0,0.0,11.0,False
234,7,Clay,Johnston,MLB,Baylor,73.0,232.0,44.0,65,"Green Bay, Wisconsin",2020.0,2022.0,0.0,0.0,0.0,2.0,False
235,7,Jashon,Cornell,DT,Ohio St.,75.0,290.0,96.0,65,"Saint Paul, Minnesota",2020.0,2021.0,0.0,0.0,0.0,0.0,False
236,7,Vernon,Scott,SS,TCU,74.0,202.0,36.0,65,"Dallas, Texas",2020.0,2021.0,0.0,0.0,0.0,1.0,False
237,7,Thakarius,Keyes,CB,Tulane,73.0,200.0,29.0,65,,2020.0,2021.0,0.0,0.0,0.0,1.0,False
238,7,T.J.,Brunson,MLB,South Carolina,,,35.0,65,,2020.0,2020.0,0.0,0.0,0.0,0.0,False
239,7,Dane,Jackson,CB,Pittsburgh,72.0,180.0,30.0,68,"Coraopolis, Pennsylvania",2020.0,2024.0,0.0,0.0,1.0,12.0,False
24,1,Cesar,Ruiz,C,Michigan,76.0,316.0,51.0,80,"Camden, New",2020.0,2025.0,0.0,0.0,5.0,26.0,False
240,7,Tommy,Stevens,QB,Mississippi St.,77.0,237.0,15.0,65,"Indianapolis, Indiana",2020.0,2020.0,0.0,0.0,0.0,0.0,False
241,7,Chapelle,Russell,MLB,Temple,74.0,236.0,49.0,65,"Lakewood Township, New",2020.0,2021.0,0.0,0.0,0.0,2.0,False
242,7,Jonathan,Garvin,LE,Miami (FL),76.0,257.0,53.0,66,"Lake Worth Beach, Florida",2020.0,2022.0,0.0,0.0,0.0,3.0,False
243,7,Chris,Jackson,SS,Marshall,70.0,193.0,35.0,65,"Minneapolis, Minnesota",2020.0,2022.0,0.0,0.0,0.0,2.0,False
244,7,Nate,Stanley,QB,Iowa,76.0,235.0,14.0,65,"Menomonie, Wisconsin",2020.0,,0.0,0.0,0.0,,False
245,7,Raymond,Calais,HB,Louisiana,69.0,188.0,30.0,65,"Breaux Bridge, Louisiana",2020.0,2020.0,0.0,0.0,0.0,0.0,False
246,7,Malcolm,Perry,HB,Navy,70.0,190.0,19.0,65,"Hopkinsville, Kentucky",2020.0,2020.0,0.0,0.0,0.0,1.0,False
247,7,Chris,Williamson,CB,Minnesota,72.0,205.0,29.0,65,"Atlanta, Georgia",2020.0,2021.0,0.0,0.0,0.0,0.0,False
248,7,Sam,Sloman,K,Miami (OH),68.0,205.0,16.0,65,"Roswell, Georgia",2020.0,2020.0,0.0,0.0,0.0,0.0,False
249,7,Brian Cole,II,SS,Mississippi St.,,,,65,,2020.0,,0.0,0.0,0.0,,False
25,1,Brandon,Aiyuk,WR,Arizona St.,72.0,200.0,11.0,82,"Rocklin, California",2020.0,2024.0,0.0,0.0,5.0,39.0,False
250,7,Tremayne,Anchrum,LG,Clemson,74.0,314.0,72.0,66,"Powder Springs, Georgia",2020.0,2023.0,0.0,0.0,0.0,2.0,False
251,7,Stephen,Sullivan,TE,LSU,77.0,245.0,84.0,66,"Donaldsonville, Louisiana",2020.0,2024.0,0.0,0.0,0.0,1.0,False
252,7,Tyrie,Cleveland,WR,Florida,74.0,205.0,16.0,65,"Jacksonville, Florida",2020.0,2022.0,0.0,0.0,0.0,0.0,False
253,7,Kyle,Hinton,LG,Washburn,74.0,315.0,68.0,66,"Peoria, Arizona",2020.0,2025.0,0.0,0.0,0.0,2.0,False
254,7,Derrek,Tuszka,MLB,North Dakota St.,76.0,246.0,48.0,66,"Warner, South",2020.0,2022.0,0.0,0.0,0.0,3.0,False
255,7,Tae,Crowder,MLB,Georgia,73.0,236.0,48.0,68,"Pine Mountain, Georgia",2020.0,2023.0,0.0,0.0,2.0,16.0,False
26,1,Jordan,Love,QB,Utah St.,76.0,219.0,10.0,80,"Bakersfield, California",2020.0,2025.0,0.0,0.0,2.0,29.0,False
27,1,Jordyn,Brooks,MLB,Texas Tech,72.0,240.0,56.0,81,"Dallas, Texas",2020.0,2025.0,0.0,0.0,4.0,30.0,False
28,1,Patrick,Queen,MLB,LSU,72.0,232.0,6.0,85,"Ventress, Louisiana",2020.0,2025.0,2.0,0.0,5.0,48.0,False
29,1,Isaiah,Wilson,LT,Georgia,78.0,350.0,79.0,75,"Brooklyn, New",2020.0,2020.0,0.0,0.0,0.0,0.0,False
3,1,Jeff,Okudah,CB,Ohio St.,73.0,205.0,1.0,78,"Grand Prairie, Texas",2020.0,2025.0,0.0,0.0,2.0,10.0,False
30,1,Noah,Igbinoghene,CB,Auburn,71.0,197.0,9.0,77,"Trussville, Alabama",2020.0,2025.0,0.0,0.0,1.0,7.0,False
31,1,Jeff,Gladney,CB,TCU,70.0,199.0,20.0,75,"New Boston, Texas",2020.0,2020.0,0.0,0.0,1.0,5.0,False
32,1,Clyde,Edwards-Helaire,HB,LSU,67.0,207.0,25.0,78,"Baton Rouge, Louisiana",2020.0,2024.0,0.0,0.0,1.0,18.0,False
33,2,Tee,Higgins,WR,Clemson,76.0,220.0,85.0,79,"Oak Ridge, Tennessee",2020.0,2025.0,0.0,0.0,4.0,37.0,False
34,2,Michael Pittman,Jr.,WR,USC,,,,79,,2020.0,2025.0,0.0,0.0,5.0,38.0,False
35,2,D'Andre,Swift,HB,Georgia,68.0,204.0,32.0,79,"Philadelphia, Pennsylvania",2020.0,2025.0,1.0,0.0,2.0,36.0,False
36,2,Xavier,McKinney,SS,Alabama,72.0,201.0,29.0,81,"Roswell, Georgia",2020.0,2025.0,1.0,1.0,4.0,31.0,False
37,2,Kyle,Dugger,SS,Lenoir-Rhyne,73.0,216.0,23.0,76,"Decatur, Georgia",2020.0,2025.0,0.0,0.0,4.0,23.0,False
38,2,Yetur,Gross-Matos,LE,Penn St.,77.0,265.0,97.0,76,"Atlantic City, New",2020.0,2025.0,0.0,0.0,1.0,17.0,False
39,2,Robert,Hunt,LG,Louisiana,74.0,290.0,68.0,78,"Hampton, Virginia",2020.0,2025.0,1.0,0.0,5.0,29.0,False
4,1,Andrew,Thomas,LT,Georgia,77.0,315.0,78.0,80,"Lithonia, Georgia",2020.0,2025.0,0.0,0.0,5.0,27.0,False
40,2,Ross,Blacklock,DT,TCU,75.0,290.0,90.0,73,"Missouri City, Texas",2020.0,2023.0,0.0,0.0,0.0,4.0,False
41,2,Jonathan,Taylor,HB,Wisconsin,70.0,226.0,28.0,84,"Salem, New",2020.0,2025.0,2.0,1.0,4.0,45.0,False
42,2,Laviska Shenault,Jr.,WR,Colorado,,,86.0,75,,2020.0,2024.0,0.0,0.0,1.0,13.0,False
43,2,Cole,Kmet,TE,Notre Dame,78.0,257.0,85.0,76,"Lake Barrington, Illinois",2020.0,2025.0,0.0,0.0,5.0,23.0,False
44,2,Grant,Delpit,SS,LSU,75.0,208.0,22.0,76,"New Orleans, Louisiana",2020.0,2025.0,0.0,0.0,3.0,20.0,False
45,2,Antoine Winfield,Jr.,SS,Minnesota,,,31.0,81,,2020.0,2025.0,1.0,1.0,5.0,36.0,False
46,2,KJ,Hamler,WR,Penn St.,,,19.0,73,,2020.0,2022.0,0.0,0.0,0.0,5.0,False
47,2,Marlon,Davidson,LE,Auburn,75.0,303.0,90.0,73,"Greenville, Alabama",2020.0,2023.0,0.0,0.0,0.0,5.0,False
48,2,Darrell,Taylor,LE,Tennessee,76.0,267.0,52.0,75,"Hopewell, Virginia",2020.0,2025.0,0.0,0.0,0.0,10.0,False
49,2,Chase,Claypool,WR,Notre Dame,76.0,238.0,11.0,75,"Abbotsford, British",2020.0,2023.0,0.0,0.0,1.0,19.0,False
5,1,Tua,Tagovailoa,QB,Alabama,73.0,225.0,1.0,84,"Ewa Beach, Hawaii",2020.0,2025.0,1.0,0.0,5.0,45.0,False
50,2,Jaylon,Johnson,CB,Utah,72.0,195.0,33.0,79,"Fresno, California",2020.0,2025.0,2.0,0.0,5.0,29.0,False
51,2,Trevon,Diggs,CB,Alabama,74.0,195.0,7.0,82,"Gaithersburg, Maryland",2020.0,2025.0,2.0,1.0,4.0,31.0,False
52,2,Cam,Akers,HB,Florida St.,70.0,217.0,23.0,75,"Jackson, Mississippi",2020.0,2025.0,0.0,0.0,1.0,13.0,False
53,2,Jalen,Hurts,QB,Oklahoma,73.0,223.0,1.0,85,"Houston, Texas",2020.0,2025.0,2.0,0.0,4.0,69.0,False
54,2,A.J.,Epenesa,LE,Iowa,,,57.0,75,,2020.0,2025.0,0.0,0.0,1.0,16.0,False
55,2,J.K.,Dobbins,HB,Ohio St.,70.0,212.0,27.0,76,,2020.0,2025.0,0.0,0.0,1.0,17.0,False
56,2,Raekwon,Davis,DT,Alabama,79.0,325.0,98.0,76,"Meridian, Mississippi",2020.0,2024.0,0.0,0.0,3.0,23.0,False
57,2,Van,Jefferson,WR,Florida,73.0,200.0,12.0,76,"Brentwood, Tennessee",2020.0,2025.0,0.0,0.0,3.0,17.0,False
58,2,Ezra,Cleveland,LT,Boise St.,78.0,312.0,72.0,77,"Spanaway, Washington",2020.0,2025.0,0.0,0.0,4.0,26.0,False
59,2,Denzel,Mims,WR,Baylor,75.0,207.0,11.0,73,"Daingerfield, Texas",2020.0,2022.0,0.0,0.0,1.0,5.0,False
6,1,Justin,Herbert,QB,Oregon,78.0,236.0,10.0,87,"Eugene, Oregon",2020.0,2025.0,1.0,0.0,5.0,64.0,False
60,2,Joshua,Uche,MLB,Michigan,75.0,226.0,55.0,74,,2020.0,2025.0,0.0,0.0,0.0,8.0,False
61,2,Kristian,Fulton,CB,LSU,72.0,197.0,26.0,76,"New Orleans, Louisiana",2020.0,2025.0,0.0,0.0,4.0,18.0,False
62,2,AJ,Dillon,HB,Boston Col.,,,28.0,76,,2020.0,2025.0,0.0,0.0,0.0,23.0,False
63,2,Willie Gay,Jr.,MLB,Mississippi St.,,,50.0,77,,2020.0,2025.0,0.0,0.0,5.0,26.0,False
64,2,Jeremy,Chinn,SS,Southern Illinois,75.0,220.0,21.0,79,"Fishers, Indiana",2020.0,2025.0,0.0,0.0,4.0,38.0,False
65,3,Logan,Wilson,MLB,Wyoming,74.0,245.0,55.0,75,"Casper, Wyoming",2020.0,2025.0,0.0,0.0,4.0,29.0,False
66,3,Antonio,Gibson,HB,Memphis,72.0,228.0,24.0,75,"Stockbridge, Georgia",2020.0,2025.0,0.0,0.0,2.0,27.0,False
67,3,Julian,Okwara,LE,Notre Dame,76.0,250.0,99.0,71,"London, England",2020.0,2024.0,0.0,0.0,0.0,5.0,False
68,3,Ashtyn,Davis,SS,California,73.0,205.0,21.0,73,"Santa Cruz, California",2020.0,2025.0,0.0,0.0,1.0,10.0,False
69,3,Damien,Lewis,LG,LSU,74.0,327.0,68.0,76,"Canton, Mississippi",2020.0,2025.0,0.0,0.0,5.0,31.0,False
7,1,Derrick,Brown,DT,Auburn,77.0,320.0,95.0,81,"Sugar Hill, Georgia",2020.0,2025.0,1.0,0.0,4.0,28.0,False
70,3,Brandon,Jones,SS,Texas,73.0,212.0,81.0,74,"Texarkana, Texas",2020.0,2025.0,0.0,0.0,2.0,17.0,False
71,3,Nnamdi,Madubuike,DT,Texas A&M,75.0,305.0,92.0,79,"Dallas, Texas",2020.0,2025.0,2.0,0.0,4.0,38.0,False
72,3,Josh,Jones,LT,Houston,74.0,220.0,79.0,73,"Chicago, Illinois",2020.0,2025.0,0.0,0.0,2.0,15.0,False
73,3,DaVon,Hamilton,DT,Ohio St.,76.0,335.0,52.0,74,"Pickerington, Ohio",2020.0,2025.0,0.0,0.0,2.0,18.0,False
74,3,Zack,Baun,MLB,Wisconsin,75.0,225.0,53.0,78,"Milwaukee, Wisconsin",2020.0,2025.0,1.0,1.0,1.0,28.0,False
75,3,Jonah,Jackson,LG,Ohio St.,75.0,319.0,73.0,76,"Media, Pennsylvania",2020.0,2025.0,1.0,0.0,4.0,27.0,False
76,3,Ke'Shawn,Vaughn,HB,Illinois,70.0,214.0,21.0,71,"Nashville, Tennessee",2020.0,2024.0,0.0,0.0,0.0,2.0,False
77,3,Michael,Ojemudia,CB,Iowa,73.0,200.0,23.0,71,"Detroit, Michigan",2020.0,2022.0,0.0,0.0,0.0,4.0,False
78,3,Matt,Hennessy,C,Temple,76.0,315.0,61.0,73,"Nyack, New",2020.0,2025.0,0.0,0.0,1.0,10.0,False
79,3,Jabari,Zuniga,LE,Florida,75.0,264.0,92.0,70,"Marietta, Georgia",2020.0,2022.0,0.0,0.0,0.0,1.0,False
8,1,Isaiah,Simmons,MLB,Clemson,76.0,238.0,9.0,79,"Omaha, Nebraska",2020.0,2024.0,0.0,0.0,2.0,20.0,False
80,3,Lynn Bowden,Jr.,WR,Kentucky,,,,71,,2020.0,2023.0,0.0,0.0,0.0,3.0,False
81,3,Bryan,Edwards,WR,South Carolina,75.0,215.0,89.0,71,"Conway, South",2020.0,2022.0,0.0,0.0,1.0,6.0,False
82,3,Neville,Gallimore,DT,Oklahoma,74.0,307.0,96.0,73,"Ottawa, Ontario",2020.0,2025.0,0.0,0.0,1.0,10.0,False
83,3,Lloyd Cushenberry,III,C,LSU,,,79.0,74,,2020.0,2025.0,0.0,0.0,4.0,23.0,False
84,3,Terrell,Lewis,MLB,Alabama,77.0,262.0,52.0,71,"Washington, D",2020.0,2022.0,0.0,0.0,0.0,5.0,False
85,3,Julian,Blackmon,SS,Utah,72.0,187.0,32.0,74,"Layton, Utah",2020.0,2025.0,0.0,0.0,4.0,20.0,False
86,3,Zack,Moss,HB,Utah,70.0,220.0,20.0,73,"Hialeah Gardens, Florida",2020.0,2024.0,0.0,0.0,1.0,18.0,False
87,3,Anfernee,Jennings,MLB,Alabama,74.0,255.0,58.0,74,"Dadeville, Alabama",2020.0,2025.0,0.0,0.0,2.0,20.0,False
88,3,Jordan,Elliott,DT,Texas,76.0,303.0,96.0,74,"Missouri City, Texas",2020.0,2025.0,0.0,0.0,3.0,21.0,False
89,3,Cameron,Dantzler,CB,Mississippi St.,74.0,190.0,27.0,72,"Hammond, Louisiana",2020.0,2023.0,0.0,0.0,2.0,10.0,False
9,1,C.J.,Henderson,CB,Florida,,,23.0,77,,2020.0,2023.0,0.0,0.0,2.0,12.0,False
90,3,Jonathan,Greenard,LE,Florida,75.0,259.0,52.0,76,"Hiram, Georgia",2020.0,2025.0,1.0,0.0,3.0,27.0,False
91,3,Devin,Asiasi,TE,UCLA,75.0,260.0,86.0,70,"San Mateo, California",2020.0,2022.0,0.0,0.0,0.0,0.0,False
92,3,Devin,Duvernay,WR,Texas,71.0,202.0,13.0,77,"Sachse, Texas",2020.0,2025.0,2.0,1.0,1.0,12.0,False
93,3,Darrynton,Evans,HB,Appalachian St.,70.0,203.0,32.0,71,"Daytona Beach, Florida",2020.0,2024.0,0.0,0.0,0.0,3.0,False
94,3,Josiah,Deguara,TE,Cincinnati,74.0,240.0,81.0,72,"Santa Rosa, California",2020.0,2025.0,0.0,0.0,0.0,4.0,False
95,3,McTelvin,Agim,DT,Arkansas,75.0,300.0,95.0,71,"Texarkana, Texas",2020.0,2023.0,0.0,0.0,0.0,2.0,False
96,3,Lucas,Niang,LT,TCU,78.0,315.0,67.0,72,"New York, New",2020.0,2023.0,0.0,0.0,0.0,8.0,False
97,3,Jacob,Phillips,MLB,LSU,75.0,229.0,50.0,71,"Nashville, Tennessee",2020.0,2022.0,0.0,0.0,0.0,5.0,False
98,3,Malik,Harrison,MLB,Ohio St.,75.0,247.0,40.0,73,"Columbus, Ohio",2020.0,2025.0,0.0,0.0,0.0,16.0,False
99,3,Matt,Peart,LT,Connecticut,79.0,318.0,74.0,72,"Kingston, Jamaica",2020.0,2025.0,0.0,0.0,0.0,6.0,False
UD,UD,Dominique,Ross,MLB,NC,72.0,203.0,,73,,2020.0,,,,,,
UD,UD,Josh,Nurse,CB,Utah,,,38.0,73,,2020.0,,,,,,
UD,UD,Carter,O'Donnell,LG,Alberta,77.0,305.0,61.0,73,,2020.0,,,,,,
UD,UD,George,Obinna,LE,Sac St.,75.0,240.0,60.0,73,,2020.0,,,,,,
UD,UD,Dante,Olson,LOLB,Montana,75.0,240.0,0.0,73,,2020.0,,,,,,
UD,UD,Chris,Orr,ROLB,Wisconsin,72.0,224.0,45.0,73,,2020.0,,,,,,
UD,UD,Shea,Patterson,QB,Michigan,,,,73,,2020.0,,,,,,
UD,UD,Darrin,Paulo,LT,Utah,75.0,320.0,66.0,73,,2020.0,,,,,,
UD,UD,Bryce,Perkins,QB,Virginia,75.0,215.0,16.0,73,,2020.0,,,,,,
UD,UD,Ronnell,Perkins,FS,Missou,,,,73,,2020.0,,,,,,
UD,UD,Jeremiah,Pharms Jr,DT,Friends,,,,73,,2020.0,,,,,,
UD,UD,James,Pierre,CB,FAU,74.0,185.0,42.0,73,,2020.0,,,,,,
UD,UD,Austen,Pleasants,LT,Ohio,79.0,330.0,74.0,73,,2020.0,,,,,,
UD,UD,Sean,Pollard,C,Clemson,,,69.0,73,,2020.0,,,,,,
UD,UD,Benning,Potoa'e,DT,Washington,75.0,290.0,79.0,73,,2020.0,,,,,,
UD,UD,J.R.,Reed,FS,Georgia,,,30.0,73,,2020.0,,,,,,
UD,UD,David,Reese,ROLB,California,,,,73,,2020.0,,,,,,
UD,UD,Tyshun,Render,RE,M Tenn St.,76.0,248.0,52.0,73,,2020.0,,,,,,
UD,UD,Giovanni,Ricci,FB,Western Michigan,75.0,240.0,45.0,73,,2020.0,,,,,,
UD,UD,Elijah,Riley,CB,Army,72.0,205.0,37.0,73,,2020.0,,,,,,
UD,UD,Chauncey,Rivers,RE,Mississippi St.,74.0,259.0,97.0,73,,2020.0,,,,,,
UD,UD,Malcolm,Roach,DT,Texas,75.0,290.0,97.0,73,,2020.0,,,,,,
UD,UD,James,Robinson,RB,Illinois St.,75.0,200.0,26.0,73,,2020.0,,,,,,
UD,UD,Josh,Norwood,SS,WVU,,,,73,,2020.0,,,,,,
UD,UD,Adam,Lamb,C,Bucks,,,,73,,2020.0,,,,,,
UD,UD,Spencer,Nigh,FB,Auburn,,,,73,,2020.0,,,,,,
UD,UD,Lorenzo,Neal Jr,DT,Purdue,,,,73,,2020.0,,,,,,
UD,UD,LaCale,Landon,ROLB,W. Illi,,,,73,,2020.0,,,,,,
UD,UD,Cedric,Lattimore,DT,Iowa,,,,73,,2020.0,,,,,,
UD,UD,Jesse,Lemonier,LE,Liberty,,,,73,,2020.0,,,,,,
UD,UD,Nick,Leverett,LG,Rice,,,60.0,73,,2020.0,,,,,,
UD,UD,Dana,Levine,LE,Temple,,,,73,,2020.0,,,,,,
UD,UD,Brian,Lewerke,QB,MSU,75.0,216.0,68.0,73,,2020.0,,,,,,
UD,UD,Rayshad,Lewis,WR,Kentucky,,,,73,,2020.0,,,,,,
UD,UD,LaCale,London,,Western Illinois,75.0,297.0,94.0,73,,2020.0,,,,,,
UD,UD,Kyle,Love,DT,Purdue,,,74.0,73,,2020.0,,,,,,
UD,UD,Blake,Lynch,ROLB,Baylor,75.0,225.0,48.0,73,,2020.0,,,,,,
UD,UD,Ledarius,Mack,MLB,Buffalo,73.0,237.0,57.0,73,,2020.0,,,,,,
UD,UD,Dom,Maggio,P,,75.0,190.0,9.0,73,,2020.0,,,,,,
UD,UD,John,Malchon,RT,Boise St.,,,,73,,2020.0,,,,,,
UD,UD,Garrett,Marino,RE,UAB,,,,73,,2020.0,,,,,,
UD,UD,Ross,Matiscik,C,Baylor,72.0,240.0,46.0,73,,2020.0,,,,,,
UD,UD,Napoleon,Maxwell,RB,FIU,,,,73,,2020.0,,,,,,
UD,UD,Tucker,McCann,K,Mizzou,72.0,218.0,8.0,73,,2020.0,,,,,,
UD,UD,Liam,McCullough,LS,Bucks,74.0,245.0,49.0,73,,2020.0,,,,,,
UD,UD,Chris,Miller,FS,Baylor,72.0,191.0,38.0,73,,2020.0,,,,,,
UD,UD,Jaylon,Moore,WR,Tenn-Martin,71.0,191.0,76.0,73,,2020.0,,,,,,
UD,UD,Thaddeus,Moss,TE,LSU,75.0,249.0,81.0,73,,2020.0,,,,,,
UD,UD,Kyle,Murphy,RG,RI,78.0,305.0,68.0,73,,2020.0,,,,,,
UD,UD,Gabe,Nabers,FB,FSU,75.0,235.0,40.0,73,,2020.0,,,,,,
UD,UD,Steven,Nielsen,LT,E Mich,,,,73,,2020.0,,,,,,
UD,UD,Nathan,Rourke,QB,Ohio,73.0,210.0,13.0,73,,2020.0,,,,,,
UD,UD,Marcus,Willoughby,RE,Elon,75.0,253.0,91.0,73,,2020.0,,,,,,
UD,UD,Donald,Rutledge Jr.,SS,Savannah St.,,,,73,,2020.0,,,,,,
UD,UD,Brandon,Walton,LT,FAU,77.0,300.0,73.0,73,,2020.0,,,,,,
UD,UD,Jonathan,Ward,RB,Central Michigan,72.0,202.0,38.0,73,,2020.0,,,,,,
UD,UD,Michael,Warren,RB,Cincinnatti,71.0,222.0,40.0,73,,2020.0,,,,,,
UD,UD,Marcus,Webb,LE,Troy,75.0,279.0,48.0,73,,2020.0,,,,,,
UD,UD,Kristian,Welch,ROLB,Iowa,75.0,240.0,57.0,73,,2020.0,,,,,,
UD,UD,Brandon,Wellington,MLB,Washington,,,,73,,2020.0,,,,,,
UD,UD,Nick,Westrbook-Ikhine,WR,Indiana,,,,73,,2020.0,,,,,,
UD,UD,Tershawn,Wharton,DT,Missouri S&T,73.0,280.0,98.0,73,,2020.0,,,,,,
UD,UD,Tyrone,Wheatley Jr.,RT,Stony Brook,,,74.0,73,,2020.0,,,,,,
UD,UD,Cody,White,WR,MSU,75.0,303.0,82.0,73,,2020.0,,,,,,
UD,UD,Jace,Whittaker,CB,Arizona,71.0,185.0,39.0,73,,2020.0,,,,,,
UD,UD,Rayshawn,Wilborn,ROLB,Ball,76.0,224.0,,73,,2020.0,,,,,,
UD,UD,Mitchell,Wilcox,TE,USF,76.0,250.0,84.0,73,,2020.0,,,,,,
UD,UD,Kristian,Wilkerson,WR,SE Miss St.,73.0,214.0,17.0,73,,2020.0,,,,,,
UD,UD,Antonio,Williams,RB,North Carolina,71.0,215.0,35.0,73,,2020.0,,,,,,
UD,UD,Ben,Williams,MLB,Monmouth,,,,73,,2020.0,,,,,,
UD,UD,Darryl,Williams,C,Mississippi St.,72.0,205.0,60.0,73,,2020.0,,,,,,
UD,UD,Jarren,Williams,CB,Albany,71.0,190.0,38.0,73,,2020.0,,,,,,
UD,UD,Ty'Son,Williams,RB,BYU,72.0,220.0,34.0,73,,2020.0,,,,,,
UD,UD,Niko,Lalos,LOLB,Dartmouth,,,57.0,73,,2020.0,,,,,,
UD,UD,Kobe,Wilson,CB,Tulsa,,,,73,,2020.0,,,,,,
UD,UD,Eli,Wolf,TE,Georgia,,,87.0,73,,2020.0,,,,,,
UD,UD,Dominick,Wood-Anderson,TE,Tennessee,,,,73,,2020.0,,,,,,
UD,UD,Tre'Vour,Wallace-Simms,RT,Missou,77.0,330.0,77.0,73,,2020.0,,,,,,
UD,UD,Reggie,Walker,MLB,Kansas St.,72.0,244.0,56.0,73,,2020.0,,,,,,
UD,UD,Corliss,Waitman,P,South Alabama,74.0,210.0,8.0,73,,2020.0,,,,,,
UD,UD,Badara,Traore,C,LSU,79.0,327.0,76.0,73,,2020.0,,,,,,
UD,UD,Cameron,Scarlett,RB,Stanford,,,38.0,73,,2020.0,,,,,,
UD,UD,Luke,Sellers,FB,S Dakota St.,,,,73,,2020.0,,,,,,
UD,UD,Reid,Sinnett,QB,San Diego,76.0,220.0,7.0,73,,2020.0,,,,,,
UD,UD,Arryn,Siposs,P,Auburn,74.0,212.0,8.0,73,,2020.0,,,,,,
UD,UD,Kemah,Siverand,CB,OkSU,,,8.0,73,,2020.0,,,,,,
UD,UD,Conner,Slomka,FB,Army,,,,73,,2020.0,,,,,,
UD,UD,Marcel,Spears Jr.,MLB,ISU,,,52.0,73,,2020.0,,,,,,
UD,UD,Donnell,Stanley,RT,SC,,,,73,,2020.0,,,,,,
UD,UD,Jordan,Steckler,LG,NIU,77.0,305.0,70.0,73,,2020.0,,,,,,
UD,UD,Terence,Steele,RT,TTech,78.0,310.0,78.0,73,,2020.0,,,,,,
UD,UD,Bryce,Sterk,TE,Montana St.,,,71.0,73,,2020.0,,,,,,
UD,UD,Christian,Rozeboom,MLB,South Dakota St.,74.0,230.0,56.0,73,,2020.0,,,,,,
UD,UD,Isiah,Swann,CB,Dartmouth,,,,73,,2020.0,,,,,,
UD,UD,Khalil,Tate,QB,Arizona,,,,73,,2020.0,,,,,,
UD,UD,Charlie,Taumoepeau,TE,Portland St.,,,47.0,73,,2020.0,,,,,,
UD,UD,Alex,Taylor,LT,SC St.,,,60.0,73,,2020.0,,,,,,
UD,UD,Calvin,Taylor,RE,Kentucky,81.0,310.0,67.0,73,,2020.0,,,,,,
UD,UD,Garrett,Taylor,FS,Penn St.,,,,73,,2020.0,,,,,,
UD,UD,JJ,Taylor,HB,Arizona,66.0,185.0,,73,,2020.0,,,,,,
UD,UD,Patrick,Taylor,RB,Memphis,73.0,217.0,27.0,73,,2020.0,,,,,,
UD,UD,Sam,Tecklenburg,RG,Baylor,76.0,310.0,68.0,73,,2020.0,,,,,,
UD,UD,Calvin,Throckmorton,RT,Oregon,77.0,311.0,76.0,73,,2020.0,,,,,,
UD,UD,Noah,Togiai,TE,Oregon St.,76.0,244.0,83.0,73,,2020.0,,,,,,
UD,UD,Tommy,Townsend,P,Florida,73.0,191.0,5.0,73,,2020.0,,,,,,
UD,UD,Teair,Tart,DT,FIU,74.0,315.0,93.0,73,,2020.0,,,,,,
UD,UD,Evin,Ksiezarczyk,LT,Buffalo,78.0,310.0,72.0,73,,2020.0,,,,,,
UD,UD,Tipa,Galeai,LE,Utah St.,77.0,229.0,40.0,73,,2020.0,,,,,,
UD,UD,Mason,Kinsey,WR,Berry,71.0,200.0,12.0,73,,2020.0,,,,,,
UD,UD,Ike,Brown,CB,FIU,,,,73,,2020.0,,,,,,
UD,UD,Travis,Bruffy,RG,Texas Tech,,,,73,,2020.0,,,,,,
UD,UD,Myles,Bryant,CB,Washington,69.0,192.0,27.0,73,,2020.0,,,,,,
UD,UD,Cohl,Cabral,RG,ASU,77.0,304.0,68.0,73,,2020.0,,,,,,
UD,UD,Lawrence,Cager,TE,Georgia,77.0,220.0,83.0,73,,2020.0,,,,,,
UD,UD,Marquez,Callaway,WR,Tennessee,74.0,204.0,1.0,73,,2020.0,,,,,,
UD,UD,Austin,Capps,LT,Arkansas,,,,73,,2020.0,,,,,,
UD,UD,Joseph,Charlton,P,SC,77.0,190.0,3.0,73,,2020.0,,,,,,
UD,UD,Dan,Chisena,WR,PSU,,,85.0,73,,2020.0,,,,,,
UD,UD,Cole,Christiansen,MLB,Army,73.0,230.0,48.0,73,,2020.0,,,,,,
UD,UD,Josiah,Coatney,RE,Ole Miss,76.0,309.0,77.0,73,,2020.0,,,,,,
UD,UD,Kendall,Coleman,LE,Syracuse,,,,73,,2020.0,,,,,,
UD,UD,Douglas,Coleman III,FS,Texas Tech,,,35.0,73,,2020.0,,,,,,
UD,UD,Trystan,Colon,C,Mizzou,75.0,317.0,63.0,73,,2020.0,,,,,,
UD,UD,Clay,Cordasco,LT,OrSU,,,63.0,73,,2020.0,,,,,,
UD,UD,Doug,Costin,RT,Miami (OH),,,58.0,73,,2020.0,,,,,,
UD,UD,Nathan,Cottrell,RB,GTech,71.0,193.0,31.0,73,,2020.0,,,,,,
UD,UD,John,Daka,RE,JMU,74.0,227.0,56.0,73,,2020.0,,,,,,
UD,UD,Jackson,Dennis,RG,Holy Cross,,,,73,,2020.0,,,,,,
UD,UD,Drew,Dickenson,LG,Findlay,,,,73,,2020.0,,,,,,
UD,UD,Scottie,Dill,LT,Memphis,,,,73,,2020.0,,,,,,
UD,UD,Daishawn,Dixon,LT,SDSt,,,,73,,2020.0,,,,,,
UD,UD,Drake,Dorbeck,LG,S Miss,79.0,317.0,68.0,73,,2020.0,,,,,,
UD,UD,Aaron,Brewer,C,Texas St.,77.0,232.0,46.0,73,,2020.0,,,,,,
UD,UD,Khalil,Dorsey,CB,N. Ari.,68.0,188.0,31.0,73,,2020.0,,,,,,
UD,UD,Brandon,Bowen,RT,Bucks,,,,73,,2020.0,,,,,,
UD,UD,Asmar,Bilal,ROLB,ND,74.0,230.0,57.0,73,,2020.0,,,,,,
UD,UD,Isaiah,Wright,WR,Temple,74.0,220.0,83.0,73,,2020.0,,,,,,
UD,UD,Delrick,Abrams Jr.,CB,Colorado,,,,73,,2020.0,,,,,,
UD,UD,Evan,Adams,RG,Syracuse,,,,73,,2020.0,,,,,,
UD,UD,Myles,Adams,DT,Rice,74.0,290.0,95.0,73,,2020.0,,,,,,
UD,UD,Salvon,Ahmed,RB,Washington,71.0,197.0,26.0,73,,2020.0,,,,,,
UD,UD,Brady,Aiello,RT,Oregon,,,,73,,2020.0,,,,,,
UD,UD,Maurice,Alexander,WR,FIU,74.0,220.0,31.0,73,,2020.0,,,,,,
UD,UD,Dee,Alford,CB,Tusculum,,,20.0,73,,2020.0,,,,,,
UD,UD,Darius,Anderson,RB,TCU,71.0,212.0,40.0,73,,2020.0,,,,,,
UD,UD,Grayland,Arnold,CB,Baylor,70.0,187.0,35.0,73,,2020.0,,,,,,
UD,UD,Lee,Autry,DT,Miss St.,74.0,305.0,63.0,73,,2020.0,,,,,,
UD,UD,Josh,Avery,DT,SE Miss St.,76.0,320.0,63.0,73,,2020.0,,,,,,
UD,UD,Joe,Bachie,LOLB,MSU,74.0,235.0,49.0,73,,2020.0,,,,,,
UD,UD,Michael,Bandy,WR,San Diego,70.0,190.0,83.0,73,,2020.0,,,,,,
UD,UD,Eric,Banks,LE,UTSA,77.0,274.0,93.0,73,,2020.0,,,,,,
UD,UD,Kendall,Barnes,LE,Sam Houston,,,,73,,2020.0,,,,,,
UD,UD,Krys,Barnes,ROLB,UCLA,,,51.0,73,,2020.0,,,,,,
UD,UD,Essang,Bassey,CB,Wake,70.0,190.0,34.0,73,,2020.0,,,,,,
UD,UD,Ryan,Becker,TE,SMU,77.0,248.0,80.0,73,,2020.0,,,,,,
UD,UD,Elijah,Benton,FS,Liberty,73.0,205.0,48.0,73,,2020.0,,,,,,
UD,UD,Jake,Benzinger,LT,Wake Forest,,,77.0,73,,2020.0,,,,,,
UD,UD,Francis,Bernard,MLB,Utah,73.0,230.0,44.0,73,,2020.0,,,,,,
UD,UD,Oluwole,Betiku,LE,Illinois,,,,73,,2020.0,,,,,,
UD,UD,Rodrigo,Blankenship,K,Georgia,73.0,184.0,3.0,73,,2020.0,,,,,,
UD,UD,Rico,Dowdle,RB,SC,72.0,215.0,23.0,73,,2020.0,,,,,,
UD,UD,Yasir,Durant,LG,Mizzou,78.0,330.0,79.0,73,,2020.0,,,,,,
UD,UD,Austin,Edwards,LE,Ferris St.,77.0,280.0,95.0,73,,2020.0,,,,,,
UD,UD,Michael,Hoecht,DT,Brown,76.0,267.0,97.0,73,,2020.0,,,,,,
UD,UD,Josh,Hokit,FB,Fresno,73.0,225.0,40.0,73,,2020.0,,,,,,
UD,UD,Bobby,Holly,FB,LA Tech,,,41.0,73,,2020.0,,,,,,
UD,UD,Mike,Horton,LG,Auburn,76.0,325.0,66.0,73,,2020.0,,,,,,
UD,UD,John,Houston,ROLB,USC,,,,73,,2020.0,,,,,,
UD,UD,Parker,Houston,TE,SDSt,,,,73,,2020.0,,,,,,
UD,UD,Tommy,Hudson,TE,ASU,75.0,255.0,89.0,73,,2020.0,,,,,,
UD,UD,Bryce,Huff,MLB,Memphis,75.0,255.0,47.0,73,,2020.0,,,,,,
UD,UD,Tyler,Huntley,QB,Utah,73.0,204.0,2.0,73,,2020.0,,,,,,
UD,UD,John,Hurst,WR,West Georgia,74.0,190.0,6.0,73,,2020.0,,,,,,
UD,UD,Cordel,Iwuagwu,RG,TCU,75.0,309.0,67.0,73,,2020.0,,,,,,
UD,UD,Trishton,Jackson,WR,Syracuse,73.0,191.0,83.0,73,,2020.0,,,,,,
UD,UD,Michael,Jaquet,CB,UL Mon.,,,,73,,2020.0,,,,,,
UD,UD,Juwan,Johnson,WR,Oregon,76.0,231.0,83.0,73,,2020.0,,,,,,
UD,UD,Kylan,Johnson,LOLB,Pitt,74.0,230.0,59.0,73,,2020.0,,,,,,
UD,UD,Benito,Jones,DT,Ole Miss,73.0,335.0,95.0,73,,2020.0,,,,,,
UD,UD,Jamir,Jones,MLB,ND,75.0,255.0,40.0,73,,2020.0,,,,,,
UD,UD,Jeff,Jones,RE,Idaho,,,,73,,2020.0,,,,,,
UD,UD,Tony,Jones Jr.,RB,ND,,,,73,,2020.0,,,,,,
UD,UD,Jalen,Julius,SS,Ole Miss,70.0,192.0,35.0,73,,2020.0,,,,,,
UD,UD,Khaylan,Kearse-Thomas,MLB,ASU,,,56.0,73,,2020.0,,,,,,
UD,UD,Brandon,Kemp,LG,Valdosta,78.0,317.0,66.0,73,,2020.0,,,,,,
UD,UD,Adrian,Killins,RB,UCF,68.0,177.0,46.0,73,,2020.0,,,,,,
UD,UD,Kendall,Hinton,WR,Wake,72.0,195.0,9.0,73,,2020.0,,,,,,
UD,UD,Lavert,Hill,CB,Michigan,70.0,190.0,39.0,73,,2020.0,,,,,,
UD,UD,Jared,Hilbers,RT,Washington,79.0,316.0,79.0,73,,2020.0,,,,,,
UD,UD,Tyler,Higby,LG,MSU,,,,73,,2020.0,,,,,,
UD,UD,Breiden,Fehoko,DT,LSU,75.0,300.0,96.0,73,,2020.0,,,,,,
UD,UD,Sam,Franklin,FS,Temple,,,42.0,73,,2020.0,,,,,,
UD,UD,Aaron,Fuller,WR,Washington,71.0,188.0,13.0,73,,2020.0,,,,,,
UD,UD,Cale,Garrett,LOLB,Mizzou,75.0,230.0,47.0,73,,2020.0,,,,,,
UD,UD,Joe,Gaziano,LE,Northwestern,,,92.0,73,,2020.0,,,,,,
UD,UD,Cam,Gill,MLB,Wagner,,,49.0,73,,2020.0,,,,,,
UD,UD,Reggie,Gilliam,FB,Toledo,72.0,244.0,41.0,73,,2020.0,,,,,,
UD,UD,Blake,Gillikin,P,PSU,74.0,196.0,4.0,73,,2020.0,,,,,,
UD,UD,Steven,Gonzalez,LT,PSU,,,61.0,73,,2020.0,,,,,,
UD,UD,Julian,Good-Jones,RG,ISU,77.0,313.0,61.0,73,,2020.0,,,,,,
UD,UD,Anthony,Gordon,QB,Washington St.,74.0,199.0,6.0,73,,2020.0,,,,,,
UD,UD,Josh,Knipfel,LG,ISU,77.0,305.0,75.0,73,,2020.0,,,,,,
UD,UD,AJ,Green,CB,OSU,,,,73,,2020.0,,,,,,
UD,UD,Frankie,Griffin,SS,Texas St.,,,,73,,2020.0,,,,,,
UD,UD,Nakia,Griffin-Stewart,TE,Pitt,77.0,260.0,87.0,73,,2020.0,,,,,,
UD,UD,Jonas,Griffith,LOLB,Indiana State,76.0,250.0,50.0,73,,2020.0,,,,,,
UD,UD,Javelin,Guidry Jr.,CB,Utah,,,,73,,2020.0,,,,,,
UD,UD,Tyler,Hall,CB,Wyoming,70.0,190.0,37.0,73,,2020.0,,,,,,
UD,UD,Ladarius,Hamilton,LE,North Texas,74.0,261.0,54.0,73,,2020.0,,,,,,
UD,UD,Marquel,Harrell,LT,Auburn,75.0,309.0,68.0,73,,2020.0,,,,,,
UD,UD,Myles,Hartsfield,FS,Ole Miss,71.0,210.0,38.0,73,,2020.0,,,,,,
UD,UD,JaMycal,Hasty,RB,Baylor,68.0,205.0,39.0,73,,2020.0,,,,,,
UD,UD,Tyler,Haycraft,RT,Louisville,75.0,293.0,61.0,73,,2020.0,,,,,,
UD,UD,Gavin,Heslop,CB,Stony Brook,72.0,197.0,38.0,73,,2020.0,,,,,,
UD,UD,Farrod,Green,TE,Miss St.,75.0,245.0,41.0,73,,2020.0,,,,,,
UD,UD,Shane,Zylstra,TE,Minnesota St.,76.0,244.0,84.0,73,,2020.0,,,,,,
