PID,FaceName,Race,Gender
39,Coachhead_2_m_wht_h_003,White,M
150,Coachhead_1_B_N_01,Black,M
151,Coachhead_1_B_N_20,Black,M
153,Coachhead_1_H_B_009,Hispanic,M
154,Coachhead_1_H_BD_01,Hispanic,M
155,Coachhead_1_H_N_01,Hispanic,M
157,Coachhead_1_H_N_20,Hispanic,M
158,Coachhead_1_M_BD_01,White,M
159,Coachhead_1_M_N_30,White,M
160,Coachhead_1_M_S_011,White,M
161,Coachhead_2_B_M_20,Black,M
162,Coachhead_2_B_N_20,Black,M
164,Coachhead_2_H_M_11,Hispanic,M
165,Coachhead_2_H_M_20,Hispanic,M
166,Coachhead_2_H_N_03,Hispanic,M
167,Coachhead_2_M_N_20,White,M
169,Coachhead_2_M_N_22,White,M
170,Coachhead_2_M_N_30,White,M
172,Coachhead_3_B_S_20,Black,M
173,Coachhead_3_H_B_20,Hispanic,M
174,Coachhead_3_H_BD_01,Hispanic,M
175,Coachhead_3_H_G_20,Hispanic,M
176,Coachhead_3_H_N_20,Hispanic,M
178,Coachhead_3_H_S_001,Hispanic,M
179,Coachhead_3_M_N_20,White,M
181,Coachhead_3_M_N_22,White,M
182,Coachhead_4_B_G_01,Black,M
183,Coachhead_4_B_MS_01,Black,M
184,Coachhead_4_H_BD_01,Hispanic,M
185,Coachhead_4_H_G_01,Hispanic,M
186,Coachhead_4_H_MS_01,Hispanic,M
187,Coachhead_4_H_N_30,Hispanic,M
189,Coachhead_4_M_BD_01,White,M
191,Coachhead_4_T_N_006,White,M
193,Coachhead_5_B_N_20,Black,M
194,Coachhead_5_B_N_21,Black,M
195,Coachhead_5_H_B_20,Hispanic,M
196,Coachhead_5_H_N_20,Hispanic,M
197,Coachhead_5_H_N_21,Hispanic,M
199,Coachhead_5_M_N_02,White,M
200,Coachhead_5_M_N_20,White,M
201,Coachhead_6_B_M_20,Black,M
202,Coachhead_6_B_N_03,Black,M
203,Coachhead_6_B_N_20,Black,M
204,Coachhead_6_H_B_30,Hispanic,M
205,Coachhead_6_H_G_20,Hispanic,M
207,Coachhead_6_H_N_21,Hispanic,M
209,Coachhead_6_M_N_21,White,M
210,Coachhead_6_M_N_22,White,M
212,Coachhead_7_B_BD_01,Black,M
215,Coachhead_7_B_N_01,Black,M
218,Coachhead_7_H_BD_01,Hispanic,M
221,Coachhead_7_H_N_01,Hispanic,M
222,Coachhead_7_H_N_30,Hispanic,M
223,Coachhead_7_M_B_20,White,M
224,Coachhead_7_M_BD_02,White,M
226,Coachhead_7_M_N_30,White,M
227,Coachhead_2_f_whi_d_001,White,F
228,Coachhead_2_f_whi_d_002,White,F
229,Coachhead_2_f_whi_d_003,White,F
230,Coachhead_2_m_asn_d_001,Asian,M
231,Coachhead_2_m_asn_t_001,Asian,M
232,Coachhead_2_m_wht_d_001,White,M
233,Coachhead_2_m_wht_d_002,White,M
234,Coachhead_2_m_wht_d_003,White,M
235,Coachhead_2_m_wht_d_004,White,M
236,Coachhead_2_m_wht_d_005,White,M
237,Coachhead_2_m_wht_d_006,White,M
238,Coachhead_2_m_wht_h_001,White,M
239,Coachhead_2_m_wht_h_002,White,M
240,Coachhead_2_m_wht_h_003,White,M
241,Coachhead_2_m_wht_h_005,White,M
242,Coachhead_3_m_wht_d_001,White,M
243,Coachhead_3_m_wht_t_001,White,M
244,Coachhead_4_f_asn_d_001,Asian,F
245,Coachhead_4_f_asn_d_002,Asian,F
246,Coachhead_4_f_hsp_d_001,Hispanic,F
247,Coachhead_4_f_hsp_d_002,Hispanic,F
248,Coachhead_5_f_asn_h_001,Asian,F
249,Coachhead_5_m_blk_d_001,Black,M
250,Coachhead_6_f_blk_d_001,Black,F
251,Coachhead_6_f_blk_d_002,Black,F
252,Coachhead_6_m_blk_d_001,Black,M
253,Coachhead_7_m_blk_d_001,Black,M
254,Coachhead_7_m_blk_d_002,Black,M
255,Coachhead_7_m_blk_d_004,Black,M
256,Coachhead_8_m_blk_d_001,Black,M
257,coachhead_6_F_BLK_D_003_item,Unknown,F
258,Coachhead_M26_Agent_01,Unknown,M
259,Coachhead_M26_FemaleReporter_01,Unknown,M
260,Coachhead_M26_FemaleReporter_02,Unknown,M
261,Coachhead_M26_FemaleReporter_03,Unknown,M
262,Coachhead_M26_FemaleReporter_04,Unknown,M
263,Coachhead_M26_FemaleReporter_05,Unknown,M
264,Coachhead_M26_FemaleTrainer_01,Unknown,M
265,Coachhead_M26_Scout_01,Unknown,M
266,Coachhead_M26_Scout_02,Unknown,M
267,Coachhead_M26_Scout_03,Unknown,M
268,Coachhead_M26_Scout_04,Unknown,M
269,Coachhead_M26_Scout_05,Unknown,M
270,Coachhead_M26_Scout_06,Unknown,M
271,Coachhead_M26_Scout_07,Unknown,M
272,Coachhead_M26_Scout_08,Unknown,M
273,Coachhead_M26_Scout_09,Unknown,M
274,Coachhead_M26_Scout_10,Unknown,M
275,Coachhead_M26_Scout_11,Unknown,M
276,Coachhead_M26_Scout_12,Unknown,M
278,Coachhead_HS_Generic_F_Scan_0010,Unknown,F
279,Coachhead_HS_Generic_F_Scan_0011,Unknown,F
280,Coachhead_HS_Generic_F_Scan_0012,Unknown,F
281,Coachhead_HS_Generic_F_Scan_0013,Unknown,F
282,Coachhead_HS_Generic_F_Scan_0014,Unknown,F
283,Coachhead_HS_Generic_F_Scan_0015,Unknown,F
284,Coachhead_HS_Generic_F_Scan_0016,Unknown,F
285,Coachhead_HS_Generic_F_Scan_0017,Unknown,F
286,Coachhead_HS_Generic_F_Scan_0018,Unknown,F
287,Coachhead_HS_Generic_F_Scan_0019,Unknown,F
288,Coachhead_HS_Generic_F_Scan_0020,Unknown,F
289,Coachhead_HS_Generic_F_Scan_0021,Unknown,F
290,Coachhead_HS_Generic_F_Scan_0023,Unknown,F
291,Coachhead_HS_Generic_F_Scan_0024,Unknown,F
292,Coachhead_HS_Generic_F_Scan_0025,Unknown,F
293,Coachhead_HS_Generic_F_Scan_0026,Unknown,F
294,Coachhead_HS_Generic_F_Scan_0028,Unknown,F
295,Coachhead_HS_Generic_F_Scan_0030,Unknown,F
296,Coachhead_HS_Generic_F_Scan_0032,Unknown,F
297,Coachhead_HS_Generic_F_Scan_0033,Unknown,F
298,Coachhead_HS_Generic_F_Scan_0034,Unknown,F
299,Coachhead_HS_Generic_F_Scan_0035,Unknown,F
300,Coachhead_HS_Generic_F_Scan_0036,Unknown,F
301,Coachhead_HS_Generic_F_Scan_0037,Unknown,F
302,Coachhead_HS_Generic_F_Scan_0039,Unknown,F
303,Coachhead_HS_Generic_F_Scan_0040,Unknown,F
304,Coachhead_HS_Generic_F_Scan_0041,Unknown,F
305,Coachhead_HS_Generic_F_Scan_0042,Unknown,F
306,Coachhead_HS_Generic_F_Scan_0043,Unknown,F
307,Coachhead_HS_Generic_F_Scan_0045,Unknown,F
308,Coachhead_HS_Generic_F_Scan_0046,Unknown,F
309,Coachhead_HS_Generic_F_Scan_0047,Unknown,F
310,Coachhead_HS_Generic_F_Scan_0048,Unknown,F
311,Coachhead_HS_Generic_F_Scan_0049,Unknown,F
312,Coachhead_HS_Generic_F_Scan_0050,Unknown,F
313,Coachhead_HS_Generic_F_Scan_0052,Unknown,F
314,Coachhead_HS_Generic_F_Scan_0053,Unknown,F
315,Coachhead_HS_Generic_F_Scan_0054,Unknown,F
316,Coachhead_HS_Generic_F_Scan_0055,Unknown,F
317,Coachhead_HS_Generic_F_Scan_0056,Unknown,F
318,Coachhead_HS_Generic_F_Scan_0057,Unknown,F
319,Coachhead_HS_Generic_F_Scan_0059,Unknown,F
320,Coachhead_HS_Generic_F_Scan_0060,Unknown,F
321,Coachhead_HS_Generic_M_Scan_0013,Unknown,M
322,Coachhead_HS_Generic_M_Scan_0014,Unknown,M
323,Coachhead_HS_Generic_M_Scan_0015,Unknown,M
324,Coachhead_HS_Generic_M_Scan_0016,Unknown,M
325,Coachhead_HS_Generic_M_Scan_0017,Unknown,M
326,Coachhead_HS_Generic_M_Scan_0018,Unknown,M
327,Coachhead_HS_Generic_M_Scan_0019,Unknown,M
328,Coachhead_HS_Generic_M_Scan_0020,Unknown,M
329,Coachhead_HS_Generic_M_Scan_0021,Unknown,M
330,Coachhead_HS_Generic_M_Scan_0022,Unknown,M
331,Coachhead_HS_Generic_M_Scan_0023,Unknown,M
332,Coachhead_HS_Generic_M_Scan_0024,Unknown,M
333,Coachhead_HS_Generic_M_Scan_0025,Unknown,M
334,Coachhead_HS_Generic_M_Scan_0026,Unknown,M
335,Coachhead_HS_Generic_M_Scan_0027,Unknown,M
336,Coachhead_HS_Generic_M_Scan_0028,Unknown,M
337,Coachhead_HS_Generic_M_Scan_0029,Unknown,M
338,Coachhead_HS_Generic_M_Scan_0030,Unknown,M
339,Coachhead_HS_Generic_M_Scan_0031,Unknown,M
340,Coachhead_HS_Generic_M_Scan_0032,Unknown,M
341,Coachhead_HS_Generic_M_Scan_0033,Unknown,M
342,Coachhead_HS_Generic_M_Scan_0034,Unknown,M
343,Coachhead_HS_Generic_M_Scan_0035,Unknown,M
344,Coachhead_HS_Generic_M_Scan_0036,Unknown,M
345,Coachhead_HS_Generic_M_Scan_0037,Unknown,M
346,Coachhead_HS_Generic_M_Scan_0038,Unknown,M
347,Coachhead_HS_Generic_M_Scan_0039,Unknown,M
348,Coachhead_HS_Generic_M_Scan_0040,Unknown,M
349,Coachhead_HS_Generic_M_Scan_0041,Unknown,M
350,Coachhead_HS_Generic_M_Scan_0042,Unknown,M
351,Coachhead_HS_Generic_M_Scan_0043,Unknown,M
352,Coachhead_HS_Generic_M_Scan_0044,Unknown,M
353,Coachhead_HS_Generic_M_Scan_0045,Unknown,M
354,Coachhead_HS_Generic_M_Scan_0046,Unknown,M
355,Coachhead_HS_Generic_M_Scan_0047,Unknown,M
356,Coachhead_HS_Generic_M_Scan_0048,Unknown,M
357,Coachhead_HS_Generic_M_Scan_0049,Unknown,M
358,Coachhead_HS_Generic_M_Scan_0050,Unknown,M
359,Coachhead_HS_Generic_M_Scan_0051,Unknown,M
360,Coachhead_HS_Generic_M_Scan_0052,Unknown,M
361,Coachhead_HS_Generic_M_Scan_0053,Unknown,M
362,Coachhead_HS_Generic_M_Scan_0054,Unknown,M
363,Coachhead_HS_Generic_M_Scan_0055,Unknown,M
364,Coachhead_HS_Generic_M_Scan_0056,Unknown,M
365,Coachhead_HS_Generic_M_Scan_0057,Unknown,M
366,Coachhead_HS_Generic_M_Scan_0058,Unknown,M
367,Coachhead_HS_Generic_M_Scan_0059,Unknown,M
368,Coachhead_HS_Generic_M_Scan_0060,Unknown,M
369,Coachhead_HS_Generic_M_Scan_0061,Unknown,M
370,Coachhead_HS_Generic_M_Scan_0062,Unknown,M
371,Coachhead_HS_Generic_M_Scan_0063,Unknown,M
372,Coachhead_HS_Generic_M_Scan_0064,Unknown,M
373,Coachhead_HS_Generic_M_Scan_0065,Unknown,M
374,Coachhead_HS_Generic_M_Scan_0066,Unknown,M
375,Coachhead_HS_Generic_M_Scan_0067,Unknown,M
376,Coachhead_HS_Generic_M_Scan_0068,Unknown,M
377,Coachhead_HS_Generic_M_Scan_0069,Unknown,M
378,Coachhead_HS_Generic_M_Scan_0070,Unknown,M
379,Coachhead_HS_Generic_M_Scan_0071,Unknown,M
380,Coachhead_HS_Generic_M_Scan_0072,Unknown,M
381,Coachhead_HS_Generic_M_Scan_0073,Unknown,M
382,Coachhead_HS_Generic_M_Scan_0074,Unknown,M
383,Coachhead_HS_Generic_M_Scan_0075,Unknown,M
384,Coachhead_HS_Generic_M_Scan_0076,Unknown,M
385,Coachhead_HS_Generic_M_Scan_0077,Unknown,M
386,Coachhead_HS_Generic_M_Scan_0078,Unknown,M
387,Coachhead_HS_Generic_M_Scan_0079,Unknown,M
388,Coachhead_HS_Generic_M_Scan_0080,Unknown,M
389,Coachhead_HS_Generic_M_Scan_0081,Unknown,M
390,Coachhead_HS_Generic_M_Scan_0082,Unknown,M
391,Coachhead_HS_Generic_M_Scan_0083,Unknown,M
392,Coachhead_HS_Generic_M_Scan_0084,Unknown,M
393,Coachhead_HS_Generic_M_Scan_0085,Unknown,M
394,Coachhead_HS_Generic_M_Scan_0086,Unknown,M
395,Coachhead_HS_Generic_M_Scan_0087,Unknown,M
396,Coachhead_HS_Generic_M_Scan_0088,Unknown,M
397,Coachhead_HS_Generic_M_Scan_0089,Unknown,M
398,Coachhead_HS_Generic_M_Scan_0090,Unknown,M
399,Coachhead_HS_Generic_M_Scan_0091,Unknown,M
400,Coachhead_HS_Generic_M_Scan_0092,Unknown,M
401,Coachhead_HS_Generic_M_Scan_0093,Unknown,M
402,Coachhead_HS_Generic_M_Scan_0094,Unknown,M
403,Coachhead_HS_Generic_M_Scan_0095,Unknown,M
404,Coachhead_HS_Generic_M_Scan_0096,Unknown,M
405,Coachhead_HS_Generic_M_Scan_0097,Unknown,M
406,Coachhead_HS_Generic_M_Scan_0098,Unknown,M
407,Coachhead_HS_Generic_M_Scan_0099,Unknown,M
408,Coachhead_HS_Generic_M_Scan_0100,Unknown,M
409,Coachhead_HS_Generic_M_Scan_0101,Unknown,M
410,Coachhead_HS_Generic_M_Scan_0102,Unknown,M
411,Coachhead_HS_Generic_M_Scan_0103,Unknown,M
412,Coachhead_HS_Generic_M_Scan_0104,Unknown,M
413,Coachhead_HS_Generic_M_Scan_0105,Unknown,M
414,Coachhead_HS_Generic_M_Scan_0106,Unknown,M
415,Coachhead_HS_Generic_M_Scan_0107,Unknown,M
416,Coachhead_HS_Generic_M_Scan_0108,Unknown,M
417,Coachhead_HS_Generic_M_Scan_0109,Unknown,M
418,Coachhead_HS_Generic_M_Scan_0110,Unknown,M
419,Coachhead_HS_Generic_M_Scan_0111,Unknown,M
420,Coachhead_HS_Generic_M_Scan_0112,Unknown,M
421,Coachhead_HS_Generic_M_Scan_0113,Unknown,M
422,Coachhead_HS_Generic_M_Scan_0114,Unknown,M
423,Coachhead_HS_Generic_M_Scan_0115,Unknown,M
424,Coachhead_HS_Generic_M_Scan_0116,Unknown,M
425,Coachhead_HS_Generic_M_Scan_0117,Unknown,M
426,Coachhead_HS_Generic_M_Scan_0118,Unknown,M
427,Coachhead_HS_Generic_M_Scan_0119,Unknown,M
428,Coachhead_HS_Generic_M_Scan_0120,Unknown,M
429,Coachhead_HS_Generic_M_Scan_0121,Unknown,M
430,Coachhead_HS_Generic_M_Scan_0122,Unknown,M
431,Coachhead_HS_Generic_M_Scan_0123,Unknown,M
432,Coachhead_HS_Generic_M_Scan_0124,Unknown,M
433,Coachhead_HS_Generic_M_Scan_0125,Unknown,M
434,Coachhead_HS_Generic_M_Scan_0126,Unknown,M
435,Coachhead_HS_Generic_M_Scan_0127,Unknown,M
436,Coachhead_HS_Generic_M_Scan_0128,Unknown,M
437,Coachhead_HS_Generic_M_Scan_0129,Unknown,M
438,Coachhead_HS_Generic_M_Scan_0130,Unknown,M
439,Coachhead_HS_Generic_M_Scan_0131,Unknown,M
440,Coachhead_HS_Generic_M_Scan_0132,Unknown,M
441,Coachhead_HS_Generic_M_Scan_0133,Unknown,M
442,Coachhead_HS_Generic_M_Scan_0134,Unknown,M
443,Coachhead_HS_Generic_M_Scan_0135,Unknown,M
444,Coachhead_HS_Generic_M_Scan_0136,Unknown,M
445,Coachhead_HS_Generic_M_Scan_0137,Unknown,M
446,Coachhead_HS_Generic_M_Scan_0138,Unknown,M
447,Coachhead_HS_Generic_M_Scan_0139,Unknown,M
448,Coachhead_HS_Generic_M_Scan_0140,Unknown,M
449,Coachhead_HS_Generic_M_Scan_0141,Unknown,M
450,Coachhead_HS_Generic_M_Scan_0142,Unknown,M
451,Coachhead_HS_Generic_M_Scan_0143,Unknown,M
452,Coachhead_HS_Generic_M_Scan_0144,Unknown,M
453,Coachhead_HS_Generic_M_Scan_0145,Unknown,M
454,Coachhead_HS_Generic_M_Scan_0146,Unknown,M
455,Coachhead_HS_Generic_M_Scan_0147,Unknown,M
456,Coachhead_HS_Generic_M_Scan_0148,Unknown,M
457,Coachhead_HS_Generic_M_Scan_0149,Unknown,M
458,Coachhead_HS_Generic_M_Scan_0150,Unknown,M
459,Coachhead_HS_Generic_M_Scan_0151,Unknown,M
460,Coachhead_HS_Generic_M_Scan_0152,Unknown,M
461,Coachhead_HS_Generic_M_Scan_0153,Unknown,M
462,Coachhead_HS_Generic_M_Scan_0154,Unknown,M
463,Coachhead_HS_Generic_M_Scan_0155,Unknown,M
464,Coachhead_HS_Generic_M_Scan_0156,Unknown,M
465,Coachhead_HS_Generic_M_Scan_0157,Unknown,M
466,Coachhead_HS_Generic_M_Scan_0158,Unknown,M
467,Coachhead_HS_Generic_M_Scan_0159,Unknown,M
468,Coachhead_HS_Generic_M_Scan_0160,Unknown,M
469,Coachhead_HS_Generic_M_Scan_0161,Unknown,M
470,Coachhead_HS_Generic_M_Scan_0162,Unknown,M
471,Coachhead_HS_Generic_M_Scan_0163,Unknown,M
472,Coachhead_HS_Generic_M_Scan_0164,Unknown,M
473,Coachhead_HS_Generic_M_Scan_0165,Unknown,M
474,Coachhead_HS_Generic_M_Scan_0166,Unknown,M
475,Coachhead_HS_Generic_M_Scan_0167,Unknown,M
476,Coachhead_HS_Generic_M_Scan_0168,Unknown,M
477,Coachhead_HS_Generic_M_Scan_0169,Unknown,M
478,Coachhead_HS_Generic_M_Scan_0170,Unknown,M
479,Coachhead_HS_Generic_M_Scan_0171,Unknown,M
480,Coachhead_HS_Generic_M_Scan_0172,Unknown,M
481,Coachhead_HS_Generic_M_Scan_0173,Unknown,M
482,Coachhead_HS_Generic_M_Scan_0174,Unknown,M
483,Coachhead_HS_Generic_M_Scan_0175,Unknown,M
484,Coachhead_HS_Generic_M_Scan_0176,Unknown,M
485,Coachhead_HS_Generic_M_Scan_0177,Unknown,M
486,Coachhead_HS_Generic_M_Scan_0178,Unknown,M
487,Coachhead_HS_Generic_M_Scan_0179,Unknown,M
488,Coachhead_HS_Generic_M_Scan_0180,Unknown,M
489,Coachhead_HS_Generic_M_Scan_0181,Unknown,M
490,Coachhead_HS_Generic_M_Scan_0182,Unknown,M
491,Coachhead_HS_Generic_M_Scan_0183,Unknown,M
492,Coachhead_HS_Generic_M_Scan_0184,Unknown,M
493,Coachhead_HS_Generic_M_Scan_0185,Unknown,M
494,Coachhead_HS_Generic_M_Scan_0186,Unknown,M
495,Coachhead_HS_Generic_M_Scan_0187,Unknown,M
496,Coachhead_HS_Generic_M_Scan_0188,Unknown,M
497,Coachhead_HS_Generic_M_Scan_0189,Unknown,M
498,Coachhead_HS_Generic_M_Scan_0190,Unknown,M
499,Coachhead_HS_Generic_M_Scan_0191,Unknown,M
500,Coachhead_HS_Generic_M_Scan_0192,Unknown,M
501,Coachhead_HS_Generic_M_Scan_0193,Unknown,M
502,Coachhead_HS_Generic_M_Scan_0194,Unknown,M
503,Coachhead_HS_Generic_M_Scan_0195,Unknown,M
504,Coachhead_HS_Generic_M_Scan_0196,Unknown,M
505,Coachhead_HS_Generic_M_Scan_0197,Unknown,M
506,Coachhead_HS_Generic_M_Scan_0198,Unknown,M
507,Coachhead_HS_Generic_M_Scan_0199,Unknown,M
508,Coachhead_HS_Generic_M_Scan_0200,Unknown,M