Eberflus,Matt,EberflusMatt_C_PRO,0
Taylor,Zac,,1
McDermott,Sean,McDermottSean_C_PRO,2
Gaffney,Peter,GaffneyPeter_C_PRO,3
Stefanski,Kevin,StefanskiKevin_C_PRO,4
Bowles,Todd,BowlesTodd_C_PRO,5
Gannon,Jonathan,GannonJonathan_C_PRO,6
Harbaugh,Jim,HarbaughJim_C_PRO,7
Reid,Andy,ReidAndy_C_PRO,8
Steichen,Shane, SteichenShane_C_PRO,9
McCarthy,Mike,McCarthyMike_C_PRO,10
McDaniel,Mike,_C_PRO,11
Sirianni,Nick,_C_PRO,12
Morris,Raheem,_C_PRO,13
Shanahan,Kyle,_C_PRO,14
Daboll,Brian,DabollBrian_C_PRO,15
Campbell,Dan,CampbellDan_C_PRO,18
LaFleur,Matt,_C_PRO,19
Canales,Dave,CanalesDave_C_PRO,20
McVay,Sean,_C_PRO,23
Harbaugh,John,_C_PRO,24
Quinn,Dan,_C_PRO,25
Moore,Kellen,,26
Macdonald,Mike,,27
Tomlin,Mike,TomlinMike_C_PRO,28
Ryans,Demeco,_C_PRO,29
Callahan,Brian,CallhanBrian_C_PRO,30
O'Connell,Kevin,_C_PRO,31
Ulbrich,Jeff,_C_PRO,32
Coen,Liam,,33
Glenn,Aaron,,34
Johnson,Ben,,35
Schottenheimer,Brian,,36
Carroll,Pete,,37
Vrabel,Mike,,38
Madden,John,,44
Cohwer,BIll,CowherBill_C_PRO,50
Johnson,Jimmy,,92
McCaskey,Virgina,,100
Blank,,,101
Pegula,Terry,,102
Bowlen,Pat,,103
Glazer,Joe,,105
Bidwill,Bill,,106
Spanos,Dean,,107
Hunt,Clark,,108
Irsay,Jim,,109
Jones,Jerry,,110
Ross,Stephen,,111
Lurie,Jeff,,112
Blank,Authur,,113
York,Jed,,114
Tisch,Steve,,115
Khan,Shahid,,116
Murphy,Mark,,119
Kraft,Robert,,121
Benson,Gayle,,126
Allen,Paul,,127
Rooney,Art,,128
Strunk,Amy,,129
McNair,Robert,,131
Cam,Weber,,149
White ,Young,,150
White ,Middle,,151
White ,OL Coach,,153
White,Foreign ,,154
White ,Mean,,155
White,Old,,157
White ,Blonde,,158
White,Hat,,159
White,Child,,160
White,ButtChin,,161
White ,Brown,,162
White ,Downs,,164
White ,ThickChin,,165
White ,Grizzly,,166
White ,Ginger,,167
White,Hat Ears,,169
White,Ghost Hair,,170
Mixed,Light Skin,,172
Mixed,Big Eye,,173
Asian,No Brows,,174
White,Stoned,,175
Hawaiian,Bald,,176
Hawaiian ,Mixed,,178
White ,Dorky,,179
Asian ,Dorky,,181
Black ,Bald,,182
Black ,Fade,,183
White,Tan,,184
White,Handlebar,,185
Asian ,Bald,,186
Tan,Hat,,187
Black,Ponytail,,189
Black,Dungy,,191
Black,Small Head,,193
Black,Round Head,,194
Black ,Adams Apple,,195
Black,Gray Hair,,196
Black,Asian ,,197
Black,Bowles,,199
Black,Nose,,200
Black,Long Head,,201
Black,Beard,,202
Black,Long Neck,,203
Black,Freckles,,204
Black,Patch Beard,,205
Black,Lazy Eye,,207
Black,Young,,209
Black,Lips,,210
Black,Reed,,212
Black,Lopside,,215
Black ,Jeter,,218
Black,Snot,,221
Black,Upper,,222
Black,Full Beard,,223
Black,DB Coach,,224
Black,No Ears,,226
Female,Freckles,,227
Female,Fro,,228
Female,White,,229
Asian,Hat,,230
Aisian,Ears,,231
Aisian,Mixed,,232
White,Chunky,,233
White,Frown,,234
White,Old Coach,,235
White,Skinny Coach,,236
White,Stallone,,237
White,FatFat ,,238
White,Dark Hat,,239
White,Harbaugh,,240
Asian,Kinda White,,241
White,Bellicek,,242
Indian ,American,,243
Asian,Lady,,244
Female,Curly,,245
Female,Ponytail,,246
Female,Light Skin,,247
Female,Hawaiian,,248
Black,Wrinkles,,249
Female,Black,,250
Female,Braids,,251
Black,Grizzly,,252
Black ,Bump Chin,,253
Black ,Tiny Ears,,254
Black,Dark,,255
Black,Midnight,,256