id,name
5657,Aaitui
7553,Aaron
8677,Abanikanda
6693,Abbot
5788,Abbrederis
6356,Abdesmad
5,Abdul-Quddus
4,Abdullah
7554,Abel
7,Abernathy
8,Abiamiri
5543,Aboushi
9,Abraham
7281,Abram
11,Abrams
9044,Abrams-Draine
7555,Abreu
8665,Achane
15,Acho
5789,Acker
16,Ackerman
44,Ackers
7105,Acklin
5619,Acosta
32,Acy
7556,Adair
8006,Adam
19,Adams
7557,Adamson
20,Adcock
6257,Addae
21,Addai
7280,Adderley
8663,Addington
23,Addison
8732,Adebawore
8307,Adebo
6636,Adeboyejo
5620,Adeniji
6933,Adeniyi
25,Adeyanju
6406,Adeyemi
26,Adibi
6113,Adjei-Barimah
27,Adkins
28,Adkisson
7558,Adler
8536,Adomitis
5784,Adongo
29,Afalava
7860,Afriyie
8198,Agasiva
5790,Agholor
34,Agim
31,Agnew
6170,Aguayo
8512,Agude
6864,Agudosi
6694,Aguilar
7385,Aguilera
6695,Aguirre
6025,Agurs
35,Ah You
36,Ahanotu
8796,Ahlers
7559,Ahmad
6408,Ahmed
38,Aiken
5791,Aikens
39,Aikman
40,Ainge
37,Aiyuk
5621,Ajala
5792,Ajayi
41,Ajirotutu
42,Akbar
44,Akers
8223,Akindele
9170,Akingbesote
1,Akinmoladun
45,Akins
63,al-Jabbar
7327,Al-Shaair
47,Alabi
7277,Alaka
48,Alama-Francis
8031,Alba
50,Albert
7560,Albrecht
52,Albright
6026,Albury
8110,Alcantara
6027,Alden
7561,Aldrich
55,Aldridge
56,Alecxih
7486,Aleman
59,Alexander
60,Alexis
7310,Alfieri
8141,Alfonso
61,Alford
62,Ali
8190,Alicea
7809,Alie-Cox
9045,All
64,Allan
8886,Allar
7325,Allegretti
65,Alleman
64,Allen
7326,Allen-Williams
7937,Alley
8549,Allgeier
5622,Alli
68,Allison
70,Allotey
71,Allred
8159,Almonte
5582,Alonso
73,Alridge
7092,Alsadek
75,Alston
76,Alstott
9046,Alt
7562,Altman
8923,Altmyer
79,Alualu
43,Alufohai
6696,Alvarado
6708,Alvarez
7972,Alves
8297,Alworth
7320,Amadi
7487,Amador
8966,Amalfi
85,Amano
5694,Amaro
86,Amato
8844,Amatova
87,Amaya
89,Ambrose
9047,Amegadjie
90,Amendola
5594,Amerson
7488,Ames
93,Amey
6681,Amichia
5793,Amos
96,Amukamara
97,Amundson
46,Anae
49,Anchrum
101,Anderle
102,Anders
103,Andersen
103,Anderson
9139,Andreessen
8089,Andres
106,Andrew
107,Andrews
8548,Andries
108,Andrus
110,Anelli
8308,Anenih
7386,Angel
8309,Angeline
112,Anger
113,Angerer
116,Angulo
6834,Ankou
5794,Ankrah
118,Annand
5795,Annen
5570,Ansah
8281,Antetokounmpo
119,Anthony
6331,Anthrop
7563,Antonio
120,Antrim
8634,Antwine
8727,Anudike-Uzomah
6108,Anunike
122,Anunoby
9165,Anusiem
123,Anzalone
6954,Apke
6256,Apple
126,Applewhite
7387,Aquino
7388,Aragon
127,Araguz
8550,Araiza
7421,Arce
7240,Arcega-Whiteside
129,Arceneaux
130,Archambeau
5695,Archer
132,Archibald
8454,Archibong
133,Archuleta
8613,Arcuri
135,Arellanes
137,Arenas
140,Arians
7819,Arias
143,Arisman
145,Arkin
6677,Armah
6139,Armbrister
146,Armour
8610,Armour-Davis
147,Armstead
148,Armstrong
149,Arnaud
7962,Arndt
7564,Arnett
5796,Arnfelt
150,Arnold
151,Arnoux
153,Aromashodu
8811,Arora
155,Arrington
7820,Arrollo
8944,Arroyo
7212,Arthur
5797,Artis-Payne
158,Artmore
6943,Aruna
7812,Asafo-Adjei
160,Asamoah
161,Asante
162,Ash
7565,Ashby
163,Asher
6029,Ashley
165,Ashmore
8138,Ashton
51,Asiasi
166,Asiata
167,Asiodu
168,Askew
7322,Askew-Henry
170,Asomugha
172,Asper
8200,Aston
175,Atchison
6879,Ateman
176,Atkins
5798,Atkinson
5798,Atkinson III
179,Atogwe
5696,Attaochu
182,Atwater
8310,Atwell
7566,Atwood
5731,Aubrey
6827,Auclair
7940,Augustine
8715,Aumavae-Laulu
186,Ausberry
8311,Ausbon
6655,Austell
187,Austin
8492,Autman-Bell
188,Autry
189,Avant
8220,Average
6918,Averett
190,Avery
8706,Avila
7389,Aviles
191,Avril
192,Awasom
6350,Awe
8825,Awesome
8312,Awosika
6579,Awuzie
8977,Ayala
194,Ayanbadejo
195,Ayers
196,Ayi
197,Ayodele
8890,Ayomanor
198,Azumah
5623,Azur
199,Baadknews
200,Baas
8092,Babb
7489,Babcock
202,Baber
203,Babers
204,Babin
205,Babineaux
5691,Baca
8641,Baccellia
8171,Bach
53,Bachie
8060,Bachman
9014,Bachmeier
6205,Backman
207,Backus
208,Bacon
8480,Bada
209,Bademosi
7107,Badet
8891,Badger
6955,Badgley
8487,Badie
5800,Baer
8719,Bagent
7097,Baggett
211,Baggs
7567,Bagley
7874,Bail
212,Bailey
213,Bain
8718,Bainivalu
215,Bair
7167,Baird
7315,Baity
218,Bajema
219,Baker
220,Bakhtiari
8459,Bakstran
8733,Baldonado
222,Baldridge
6550,Balducci
223,Baldwin
8035,Bales
8826,Balkissoon
226,Ball
6900,Ballage
227,Ballantyne
228,Ballard
5799,Ballentine
230,Balmer
231,Balogh
232,Balogun
7865,Banda
54,Bandy
237,Baniewicz
5763,Banjo
238,Banks
239,Bankston
240,Bannan
6584,Banner
241,Bannister
242,Bannon
7269,Banogu
243,Banta
244,Banta-Cain
5690,Banyard
245,Baptiste
246,Barber
247,Barbieri
7568,Barbosa
246,Barbour
250,Barbre
251,Barclay
57,Barcoo
252,Barden
9011,Bardroff
8048,Barfield
7936,Barger
8763,Baringer
253,Barker
255,Barkley
8822,Barkow
256,Barksdale
258,Barlow
8313,Barmore
260,Barnard
5508,Barner
261,Barnes
262,Barnett
6401,Barney
264,Barnhardt
7422,Barnhart
266,Barnidge
8513,Barno
7569,Baron
8095,Barone
5697,Barr
270,Barret
270,Barrett
5687,Barrington
274,Barron
275,Barrow
276,Barry
6030,Bars
58,Bartch
278,Bartee
279,Bartel
280,Bartell
281,Barth
283,Bartholomew
6697,Bartlett
7570,Bartley
285,Barton
286,Bartrum
5733,Bartu
289,Barwin
290,Basanez
8476,Bascom
292,Basham
291,Bashir
8749,Baskerville
294,Baskett
295,Basnight
297,Bass
9207,Bassa
7423,Bassett
298,Bassey
299,Batch
7571,Bateman
301,Bates
7572,Batista
302,Batiste
7122,Batson
303,Battaglia
304,Batten
305,Battle
306,Battles
8991,Batty
6670,Bauer
307,Baugh
308,Baugher
7573,Baum
309,Bauman
7902,Baumann
66,Baun
6541,Bausby
5624,Bautista
8442,Bavaro
6975,Bawden
311,Baxter
5800,Bayer
312,Baylark
67,Bayless
313,Baylis
9029,Bazelak
314,Bazuin
315,Beach
316,Beachum
317,Beadles
318,Beal
7967,Beam
320,Bean
6698,Beard
8015,Bearden
323,Beasley
324,Beason
6375,Beathard
325,Beatty
325,Beaty
5585,Beauharnais
8748,Beauplan
7490,Beaver
6306,Beavers
328,Bech
329,Becht
330,Beck
6699,Becker
332,Beckett
333,Beckham
7868,Beckman
7304,Beckner
334,Beckum
335,Beckwith
5776,Becton
337,Bedell
7150,Bednarick
7150,Bednarik
8224,Bee
7108,Beebe
340,Beede
341,Beekman
342,Beeler
7574,Begay
8274,Begelton
346,Beisel
8080,Belanger
348,Belcher
350,Bell
351,Bellamy
352,Bellanca
8493,Bellinger
353,Bellisari
6847,Bello
354,Bellore
358,Belser
360,Belton
6700,Beltran
362,Benard
8107,Benavidez
363,Bender
364,Benedict
6172,Benenoch
365,Benford
7822,Benitez
366,Benjamin
6956,Benkert
367,Benn
368,Bennett
370,Benoit
8225,Benshaw
371,Benson
372,Bentley
6760,Benton
5801,Benwikere
69,Benzinger
7253,Benzschawel
373,Bequette
6329,Bercovici
6701,Berg
8737,Bergan
376,Bergen
5693,Berger
7424,Bergeron
7575,Bergman
7853,Bergstrand
380,Bergstrom
5802,Berhe
381,Beriault
382,Berlin
7576,Berman
7390,Bermudez
384,Bernadeau
8895,Bernadel
385,Bernard
8757,Bernard-Converse
8645,Bernhardt
7577,Bernstein
386,Bernstine
387,Berrian
6957,Berrios
388,Berry
8957,Berry-Johnson
8551,Berryhill
8201,Berryman
5803,Bersin
6353,Bertolet
389,Berton
8123,Bertrand
391,Bess
393,Best
7491,Betancourt
395,Bethea
396,Bethel
397,Bethel-Thompson
8202,Bethune
30,Betiku
400,Bettis
401,Betts
402,Beuerlein
403,Beverly
5800,Beyer
8814,Bhargava
72,Biadasz
404,Biakabutuka
406,Bialosuknia
407,Bias
5804,Bibbs
409,Bibla
412,Bickerstaff
8843,Bickley
8226,Bicknell
413,Biddle
404,Bidwell
6614,Biegel
415,Biekert
416,Bienemann
417,Bieniemy
418,Biermann
419,Bierria
420,Bigby
421,Biggers
7492,Biggs
8227,Biggums
6848,Bighill
8675,Bigsby
8289,Bilal
422,Bilbo
423,Biletnikoff
6299,Billings
424,Billingsley
9131,Bills
425,Billups
427,Bilukidi
428,Bing
429,Bingham
430,Binn
431,Binns
8158,Birch
432,Bird
433,Birdine
434,Birk
436,Birmingham
437,Bironas
438,Bishop
6592,Bisnowaty
440,Bissinger
5698,Bitonio
74,Bituli
7130,Bivens
443,Bjornson
444,Black
445,Blackburn
77,Blacklock
447,Blackman
447,Blackmon
7110,Blacknall
448,Blackshear
5805,Blackson
449,Blackstock
450,Blackwell
451,Blade
452,Blades
6031,Blair
453,Blaise
454,Blake
456,Blakley
457,Blalock
5676,Blanchard
5806,Blanchflower
8193,Blanco
7374,Bland
460,Blanda
6899,Blanding
9007,Blane
8061,Blank
461,Blankenship
8193,Blanko
463,Blanton
5527,Blasingame
466,Blaylock
9129,Blazek
469,Bledsoe
470,Blevins
7804,Blewitt
8189,Bliss
473,Blizzard
7493,Block
7180,Blonko
475,Bloom
7856,Blough
476,Blount
477,Blue
7578,Blum
1188,Blumberg
8203,Blunt
479,Bly
6206,Blythe
7138,Board
6032,Boatwright
8880,Bobby
405,Bobenmoyer
483,Bober
484,Bobo
485,Bock
486,Bodden
6986,Boddy-Calhoun
489,Bodiford
5737,Bodine
492,Body
6179,Boehm
6307,Boehringer
9008,Boelens
5625,Boenzi
493,Boerigter
7013,Boesen
7075,Boettger
5807,Boffeli
495,Bogan
496,Boger
497,Boggs
498,Bogle
8444,Bohanna
5518,Bohanon
501,Boiman
502,Boireau
503,Bojicic
7080,Bojorquez
504,Bolden
6667,Bolden Jr.
504,Boldin
505,Bolen
7879,Boles
506,Boley
8073,Bolin
507,Boling
509,Boller
6562,Bolles
508,Bollinger
5808,Bolser
510,Bolston
7174,Bolton
512,Bomar
5738,Bonani
513,Bond
8000,Bonds
7823,Bonea
515,Bonham
8514,Bonitto
7087,Bonnafon
517,Bonner
518,Bono
467,Book
519,Booker
520,Bookman
521,Boone
522,Booth
522,Boothe
8314,Bootle
523,Booty
7069,Boozer
524,Bordano
525,Bordelon
7579,Borden
6858,Borders
526,Borel
527,Boren
8552,Borghi
5699,Borland
8315,Borom
8316,Borregales
5700,Bortles
9048,Bortolini
530,Borum
6117,Bosa
7042,Bosch
531,Boschetti
532,Boselli
533,Bosher
534,Boss
535,Bostic
535,Bostick
537,Boston
5809,Boswell
539,Bosworth
8050,Bouchard
7425,Boucher
7580,Boudreaux
542,Boulware
543,Bouman
8036,Bourgeois
6831,Bourne
8720,Boutte
5752,Bouye
5810,Bowanko
546,Bowden
547,Bowe
548,Bowen
549,Bowens
6656,Bower
550,Bowers
551,Bowie
6033,Bowles
507,Bowling
553,Bowman
554,Bowser
555,Boyce
556,Boyd
8854,Boye-Doe
557,Boyer
558,Boyett
7022,Boyette
559,Boykin
6802,Boykins
6874,Boyko
5811,Boyle
561,Bozeman
562,Brace
564,Brackenridge
565,Brackens
566,Brackett
567,Brackins
6270,Bradberry
6270,Bradbury
9118,Brade
6660,Braden
569,Bradfield
570,Bradford
571,Bradham
572,Bradley
8317,Bradley-King
573,Bradshaw
8276,Bradwell
574,Brady
575,Bragg
576,Braham
8515,Brahms
7307,Brailford
578,Brake
579,Braman
580,Bramlet
581,Branch
7581,Brand
394,Brandel
583,Brandenburg
584,Brandon
585,Brandstater
586,Brandt
7975,Branham
7582,Brannon
587,Branson
588,Brant
6563,Brantley
7979,Braswell
5812,Brate
592,Bratzke
7168,Braun
6357,Braunecker
6116,Braverman
7821,Bravo
593,Braxton
594,Bray
9182,Brayboy
595,Brayton
596,Brazell
298,Brazill
599,Brazzell
600,Breaston
6219,Breaux
5813,Breckner
78,Bredeson
5701,Breeland
7947,Breen
604,Brees
8318,Breeze
6822,Breida
6386,Brendel
6940,Breneman
605,Brennan
5779,Brenner
606,Brent
8754,Brents
8726,Bresee
608,Brewer
609,Brewster
6349,Brice
5814,Bridge
610,Bridges
5702,Bridgewater
612,Brien
613,Brigance
614,Briggs
615,Bright
616,Brightful
8319,Brightwell
6168,Brindza
8755,Brini
8906,Briningstool
617,Brink
618,Brinker
619,Brinkley
9221,Brinkman
8136,Brinson
621,Brisby
622,Briscoe
623,Brisiel
8320,Brisker
6148,Brissett
624,Brister
7426,Brito
625,Britt
626,Britton
6402,Britz
8553,Brkic
629,Brock
630,Brockel
631,Brockermeyer
632,Brockers
455,Brocklin
435,Brodie
633,Brodine
8707,Broeker
634,Brohm
635,Bromell
636,Bromley
637,Bronson
638,Brooking
639,Brookins
640,Brooks
5573,Brooks-James
7672,Brooner
8925,Brosmer
7328,Brossette
6304,Brothers
642,Broughton
643,Broussard
7876,Brower
644,Brown
646,Browner
647,Browning
8765,Brownlee
649,Broyles
8145,Brubaker
650,Bruce
652,Bruener
654,Bruggeman
7250,Brumfield
655,Brunell
7672,Bruner
7583,Brunner
7187,Bruno
6634,Brunskill
7801,Brunson
657,Bruschi
8600,Bruss
658,Brutley
659,Bruton
6325,Brutus
660,Bryan
661,Bryant
662,Bryson
664,Brzezinski
665,Bua
666,Bubin
668,Bucannon
668,Buchanan
668,Buchanon
669,Buck
670,Buckey
671,Buckhalter
672,Buckley
673,Buckner
8321,Buechele
674,Buehler
675,Buenning
7584,Bueno
7222,Buesing
676,Buggs
678,Buhl
682,Bulaga
683,Bulger
6682,Bull
684,Bullard
685,Bullitt
686,Bullock
687,Bullocks
5815,Bullough
688,Bulluck
689,Bulman
7494,Bunch
691,Bundren
6547,Bundy
693,Bunkley
7313,Bunting
694,Burbank
6287,Burbridge
6034,Burch
432,Burd
8065,Burden
7955,Burdick
699,Burfict
700,Burford
701,Burge
702,Burgess
7391,Burgos
7585,Burk
703,Burke
7427,Burkett
8969,Burkhardt
7586,Burkhart
5509,Burkhead
704,Burks
705,Burleson
706,Burley
8792,Burmeister
6673,Burnely
708,Burnett
7587,Burnette
709,Burney
7588,Burnham
9241,Burnip
710,Burns
711,Burr
7309,Burr-Kirven
6035,Burrell
713,Burress
714,Burris
715,Burrough
716,Burroughs
715,Burrow
716,Burrows
5816,Burse
718,Burt
719,Burton
6115,Burwell
7589,Busby
721,Bush
9032,Busha
488,Bushell-Beatty
8322,Bushman
722,Bushrod
723,Busing
724,Bussey
7495,Butcher
6689,Butker
725,Butkus
726,Butler
729,Butrym
6568,Butt
9036,Butterfield
6568,Butts
731,Buzbee
6302,Byard
733,Byars
734,Byers
735,Byham
8043,Byler
5817,Byndom
738,Bynes
7590,Bynum
739,Byrd
740,Byrne
741,Byrum
742,C
9240,Cabeldue
6904,Cabinda
80,Cabral
5626,Cabrera
745,Cadet
746,Cadogan
8794,Caesar
6397,Cage
81,Cager
7591,Cagle
7428,Cahill
748,Cain
6387,Cajuste
82,Calais
8494,Calcaterra
749,Caldwell
750,Calhoun
751,Calico
8640,Caliendo
7139,Calitro
6174,Callahan
753,Callaway
8836,Callow
755,Calloway
756,Calmelat
757,Calmus
6679,Calvert
758,Calvin
7824,Camacho
8537,Camarda
759,Camarillo
761,Cameron
7201,Camp
5818,Campanaro
762,Campbell
7616,Camper
764,Campion
7072,Campos
6358,Canaday
6282,Canady
767,Canfield
768,Canidate
5819,Cann
771,Cannida
772,Cannon
8812,Cano
773,Canonico
774,Cantelupe
6761,Cantrell
775,Cantu
776,Cantwell
777,Canty
779,Capel
780,Capers
6856,Capi
6939,Cappa
7592,Capps
8636,Capra
8900,Card
5820,Carden
785,Carder
5821,Cardona
8088,Cardoza
6958,Carew
786,Carey
787,Cargile
790,Carimi
9049,Carlies
8167,Carlin
791,Carlisle
7593,Carlos
792,Carlson
7429,Carlton
793,Carlyle
794,Carman
795,Carmazzi
796,Carmichael
797,Carmon
7373,Carmona
798,Carnahan
7922,Carnes
800,Carney
802,Carpenter
804,Carr
5571,Carradine
6593,Carraway
7216,Carrell
8078,Carreon
7594,Carrera
5822,Carrethers
5823,Carrie
805,Carrier
806,Carriker
8979,Carrillo
807,Carrington
7078,Carrizosa
808,Carroll
6129,Carroo
811,Carson
812,Carstens
813,Carswell
814,Carter
815,Carthon
816,Cartwright
817,Carty
7430,Caruso
819,Carvalho
7176,Carver
5627,Casas
821,Cascadden
6762,Case
822,Casey
823,Cash
6817,Casher
7329,Cashman
825,Casillas
826,Cason
827,Casper
828,Cassel
7376,Cassidy
829,Castaneda
8912,Castell
7188,Castellanos
830,Castille
831,Castillo
7431,Castle
832,Castonzo
6702,Castro
8538,Castro-Fields
6842,Catalina
5824,Catanzaro
5732,Catapano
6036,Cates
835,Cattouse
7595,Caudill
836,Caulcrick
5583,Causey
838,Caussin
7596,Cavanaugh
8816,Cavazos
5679,Cave
839,Caver
840,Cavil
841,Cavka
842,Caylor
843,CB
9125,Ceaser
7597,Ceballos
844,Cecil
845,Celek
846,Celestin
8468,Cendan
8669,Centeio
7917,Centeno
8876,Cephas
18,Cephus
8971,Cervantes
83,Cervenka
849,Cesaire
850,Cesario
8817,Chabera
6959,Chachere
7392,Chacon
7851,Chadsworth
7598,Chadwick
24,Chaisson
851,Chamberlain
852,Chamberlin
853,Chambers
854,Chamblin
9238,Chambliss
7599,Champion
7943,Chance
858,Chancellor
860,Chancey
861,Chandler
862,Chaney
6703,Chang
863,Chanoine
864,Chapas
865,Chapman
7496,Chappell
8674,Charbonnet
6923,Chark
868,Charles
869,Charleston
870,Charlton
872,Chase
7995,Chastain
874,Chatham
875,Chatman
7600,Chau
876,Chavez
7021,Chavis
878,Chavous
8085,Cheatham
880,Cheek
8323,Cheeseman
7316,Cheevers
883,Chekwa
6704,Chen
8601,Chenal
8007,Cheney
8807,Cherelus
7016,Cheridor
885,Cherilus
887,Cherry
8483,Chesley
6600,Chesson
888,Chester
6361,Chestnut
889,Chiaverini
5678,Chibane
890,Chick
5825,Chickillo
8554,Chigoziem
6037,Childers
893,Childress
894,Childs
6244,Chiles
896,Chillar
897,Chin
898,Chinasa
9247,Chinn
8282,Chisena
6038,Chisholm
900,Chism
8047,Chiu
902,Chmura
7171,Cho
903,Chocolatey
7825,Choi
904,Choice
7601,Chong
8801,Chosen
7602,Chow
7825,Choy
906,Chrebet
907,Chris
8324,Chrisman
6705,Christensen
909,Christian
7854,Christiansen
8176,Christianson
911,Christie
8172,Christman
7286,Christmas
7206,Christopher
913,Christy
914,Chryplewicz
7209,Chu
6362,Chubb
915,Chukwuma
916,Chukwurah
917,Chung
7086,Chunn
918,Church
8143,Churchill
919,Chustz
6941,Cichy
921,Cieslak
8555,Cine
8132,Cintron
6816,Cioffi
8325,Cisco
924,Ciurciu
925,Clabo
926,Clady
927,Claiborne
928,Clancy
929,Clapp
930,Clare
931,Clarett
932,Claridge
933,Clark
934,Clarke
6987,ClarkeI
935,Clary
6544,Clausell
937,Clausen
938,Clauss
939,Claxton
940,Clay
941,Clayborn
942,Claybrooks
84,Claypool
943,Clayton
5826,Clear
6137,Cleary
945,Cleeland
946,Clemens
947,Clement
8228,Clementine
948,Clements
5827,Clemmings
950,Clemons
5828,Cleveland
8125,Clevenger
6235,Cliett
7497,Clifford
952,Clifton
953,Cline
954,Clinkscale
955,Clinton
5739,Clinton-Dix
957,Cloherty
958,Cloud
959,Clowney
960,Clutts
962,Coady
963,Coakley
964,Coale
8488,Coan
966,Coat
966,Coates
88,Coatney
966,Coats
967,Cobb
968,Cobbs
970,Cobourne
7991,Coburn
971,Cochart
972,Cochran
972,Cochrane
973,Cockerham
5829,Cockrell
8612,Cockrill
8630,Coco
9138,Codrington
974,Cody
975,Coe
977,Coffee
977,Coffey
978,Coffman
979,Cofield
980,Coghill
981,Cohen
982,Cohens
6039,Coker
8959,Colandrea
984,Colbert
7239,Colburn
9006,Colby
985,Colclough
986,Cole
988,Coleman
989,Coles
990,Coley
991,Colinet
992,Colledge
993,Collie
994,Collier
995,Collins
996,Colman
997,Colmer
7826,Cologne
998,Colombo
999,Colon
91,Colon-Castillo
1000,Colquitt
9050,Colson
1002,Colston
7802,Colter
1003,Colvin
1005,Combs
1006,Comella
7271,Cominsky
5600,Commings
1009,Compas
1010,Compton
1014,Conaty
8133,Concepcion
1015,Condo
8054,Condon
1016,Condren
1017,Cone
8913,Conerly
7275,Coney
5674,Conheeney
6300,Conklin
1019,Conley
1020,Connell
7311,Connelly
1021,Conner
1022,Connolly
1023,Connor
7432,Connors
1024,Conover
6797,Conque
1025,Conrad
1026,Conrath
7603,Conroy
1027,Considine
1028,Conte
6706,Contreras
1029,Conway
1030,Conwell
9176,Conyers
1032,Cook
1032,Cooke
5703,Cooks
478,Cookus
1035,Cooley
8625,Cooney
5830,Coons
1036,Cooper
7604,Cope
1037,Copeland
1038,Coples
1039,Copper
6364,Coprich
6040,Corbett
7371,Corbin
7605,Corcoran
7193,Cordero
1041,Cordle
1042,Cordova
6126,Core
7606,Corey
8539,Corker
8885,Corleone
7607,Corley
1044,Corliss
7608,Cormier
1045,Cornelius
7498,Cornell
1047,Corner
7609,Cornett
5831,Cornick
8156,Cornwell
6763,Corona
7363,Coronado
1049,Corp
8452,Corral
6283,Correa
9228,Correll
1050,Cortez
1051,Corto
9051,Corum
1055,Cosby
8326,Cosmi
1058,Costa
1059,Costanzo
7177,Costello
8287,Costin
1060,Coston
1061,Cota
1062,Cotchery
966,Cote
7029,Cothran
7029,Cothren
1063,Cottam
8183,Cotter
1064,Cotton
1065,Cottrell
1066,Couch
7930,Coughlin
7802,Coulter
1068,Council
6233,Countess
5832,Couplin
7367,Courtney
1070,Cousins
6935,Coutee
7433,Coutler
1071,Coutu
8271,Covert
8616,Covey
1072,Covington
1073,Cowan
6871,Coward
1074,Cowart
9052,Cowing
6323,Cowser
1075,Cox
6597,Cox Jr.
8327,Coxie
7974,Coy
5833,Coyle
1079,Crable
1080,Crabtree
7135,Cracraft
1082,Craft
1083,Craig
7610,Crain
1084,Cramer
7611,Crandall
6764,Crane
7612,Craven
6284,Cravens
1086,Craver
1087,Crawford
6527,Crawley
9197,Crawshaw
1088,Crayton
7044,Crecelius
1089,Crecion
7942,Creech
8229,Creed
1092,Creer
1093,Creese
7613,Crenshaw
7614,Crespo
1123,Crews
1095,Cribbs
5742,Crichton
1096,Crick
8328,Crider
1097,Criner
6041,Crisp
8951,Criswell
1099,Crittenden
1101,Crocker
1102,Crockett
8062,Croft
1103,Cromartie
1104,Cromartie-Smith
1105,Crompton
8653,Cromwell
7615,Cronin
8644,Cronk
7913,Crook
1107,Croom
9171,Cropper
1108,Crosby
9192,Croskey-Merritt
1109,Cross
6820,Crossan
6983,Crossen
8329,Crosswell
6838,Croston
7393,Crouch
8003,Crouse
7852,Crow
1112,Crowder
7195,Crowe
1113,Crowell
7185,Crowley
1115,Croyle
8204,Crozier
6929,Cruikshank
1123,Cruise
8330,Crum
9053,Crumedy
1118,Crummey
7434,Crump
1120,Crumpler
1122,Crutchfield
1123,Cruz
8915,Cryer
8478,Csonka
1125,Cudjo
6234,Cudjoe-Virgil
7499,Cuellar
7827,Cuevas
1126,Culberson
1127,Culbreath
6829,Culkin
7796,Cullen
1129,Culliver
8056,Culp
1130,Culpepper
1131,Culver
1132,Cumberland
1133,Cumbie
1134,Cummings
1135,Cummins
1136,Cundiff
1137,Cunningham
8331,Curhan
92,Curl
1140,Curley
1141,Curran
1142,Currie
1142,Curry
1143,Curtin
1144,Curtis
94,Cushenberry
1145,Cushing
7330,Custis
1147,Cutler
1148,Cutrera
8863,Cutter
7818,Cutting
5609,Cyprien
1267,D-Garrido
1293,D'Imperio
1152,Dach
1153,Dacus
1154,Dada
8299,Dafney
1155,Dahl
7954,Daigle
1156,Dailey
1156,Daily
8960,Dakin
7200,Dale
7262,Daley
6,Dallas
1159,Dalman
1160,Dalton
1161,Daluiso
7262,Daly
8053,Damico
9035,Dampier
8922,Damuni
1164,Danahy
6393,Dangerfield
1167,Daniel
1168,Daniels
8087,Danielson
95,Danna
1169,Dansby
1172,Dantzler
6594,Darboh
1173,Darby
1174,Darche
1175,Darden
1177,Dareus
1179,Darilek
1180,Darius
5834,Darkwa
1181,Darling
6042,Darman
7617,Darnell
6880,Darnold
6124,Darr
8332,Darrisaw
8910,Dart
7435,DaSilva
1183,Datish
1184,Datko
6765,Daugherty
1186,Davenport
1187,Davey
1188,David
6707,Davidson
1190,Davie
7394,Davies
1191,Davis
98,Davis-Gaither
8556,Davis-Price
1192,Davison
1193,Dawkins
1195,Dawsey
1196,Dawson
1197,Day
6589,Dayes
1198,Dayne
7064,De Beer
1199,De La Puente
6766,De La Rosa
8333,Deablo
1201,Deaderick
7436,Deal
1203,Dean
8472,Dear
9009,DeArmas
1204,Dearth
7958,Deaton
6857,Deayon
8760,DeBerry
6396,DeBord
5835,Debose
1208,DeCastro
1210,DeChristopher
1211,DeCicco
1212,Decker
9150,Deckers
1213,DeCoud
9222,Deculus
8708,Dedich
1215,Deese
1216,DeGeare
1217,DeGraffenreid
1218,DeGrate
99,Deguara
7251,Deiter
9054,DeJean
1220,Dekker
1221,Del Greco
6146,Delaire
8557,Delance
8998,Delane
6960,Delaney
8981,DeLeon
5628,Delgado
1227,Delhomme
1228,Dell
1229,Dellenbach
9258,Dellinger
1230,Delmas
1231,DeLoach
1231,Deloatch
1232,DeLong
7618,DeLosSantos
8993,Delp
7228,Delpit
6961,DeLuca
1234,DeMar
1235,DeMarco
8687,Demas
6962,Demby
5836,Demens
8805,Demercado
8673,DeMorat
1238,Demps
7372,Dempsey
1239,DeMulling
8495,Demus
8628,Denbow
8334,Deng
1244,Denis
8335,Denley
1240,Denman
7805,Denmark
1242,Dennard
1243,Denney
1244,Dennis
8992,Dennis-Sutton
7906,Dennison
7619,Denny
8126,Denson
1245,Dent
1246,Denton
1248,DeOssie
6359,DePalma
5837,DePaola
100,Dequoy
5838,Derby
1251,Dercher
1253,Derr
8558,Derrick
5704,Desir
1254,Detmer
6158,DeValve
1255,DeVan
1257,Develin
1258,Dever
5839,Devey
1259,Devine
1260,Devito
1261,Devlin
1262,Devoe
9055,Devonshire
1263,DeVree
1264,DeVries
8639,Dew-Treadway
1265,Dewalt
8140,Dewey
7379,DeWitt
1266,Dexter
8813,Dhamania
8738,Diabate
8735,Diaby
5673,Dial
1269,Diamond
7102,Diarse
6043,Diaz
7620,Dickens
8559,Dicker
1272,Dickerson
7500,Dickey
7375,Dickinson
1274,Dickson
1275,Diedreck
1277,Diehl
1278,Dielman
1279,Diem
1280,Dierdorf
8496,Diesch
7136,Dieter
7621,Dietrich
1281,Dietrich-Smith
7622,Dietz
1282,Diggs
1283,DiGiorgio
9224,Dike
7067,DiLauro
1284,Dildine
1285,Dile
1287,Diles
1288,Dilger
7623,Dill
1289,Dillard
1291,Dillon
5728,DiManche
5668,DiMarco
1292,DiMento
5840,Dimke
8336,Dimukeje
1294,DiNapoli
8205,Dineen
1295,Dingle
1297,Dinkins
104,Dinson
392,DiNucci
9244,Dippre
1298,Dishman
5841,Dismukes
6963,Dissly
1299,Ditka
1301,Divens
105,Divinity
1302,Dixon
1303,Dizon
7015,Djeri
8337,Doaks
7437,Doan
1305,Dobbins
1306,Dobbs
1307,Dobson
1308,Dockery
1309,Dockett
6151,Doctson
6301,Dodd
1311,Dodge
6767,Dodson
1312,Doering
7324,Dogbe
8230,Dogg
1313,Dogins
7395,Doherty
9254,Dolac
7364,Dolan
5528,Dolegala
1315,Doman
1316,Dombrowski
1317,Dominguez
1318,Donahue
5705,Donald
1320,Donaldson
4113,Donker
5842,Donnal
1322,Donnalley
5761,Donnell
6044,Donnelly
6984,Donnerson
7969,Donohue
6768,Donovan
6964,Dooley
6045,Doolittle
6335,Dora
7624,Doran
1329,Dorenbos
6367,Dorleant
9056,Dorlus
109,Dorn
1330,Dorris
1331,Dorsett
1332,Dorsey
7306,Dortch
1334,Doss
1336,Dotson
8497,Doubs
1337,Doucet
8470,Dougan
6765,Dougherty
1338,Doughty
1339,Douglas
7889,Douglass
1340,Douzable
7908,Dove
7625,Dow
8004,Dowd
111,Dowdell
111,Dowdle
8022,Dowdy
7626,Dowell
1342,Dowling
1344,Downey
1345,Downing
1346,Downs
5658,Dowtin
6046,Doyle
6260,Dozier
1349,Draft
1350,Dragos
1351,Dragosavich
8338,Draguicevich
1352,Drake
1353,Drakeford
6156,Drango
1355,Draper
1356,Draughn
1357,Dray
8622,Drayden
1358,Drayton
1359,Dreessen
1360,Dreisbach
1361,Drescher
5843,Dressler
1362,Drew
7501,Driscoll
6135,Driskel
9208,Driskell
1364,Driver
1365,Droege
8921,Drones
1366,Dronett
8206,Droogsma
1367,Droughns
1369,Druckenmiller
1370,Drummond
1371,DT
6224,Duarte
7502,Dubois
5844,Dubose
1374,Ducasse
7317,Duck
1375,Duckett
1376,Duckworth
6242,Ducre
1378,Dudley
1380,Duff
6769,Duffy
1383,Dugan
1384,Dugans
5547,Dugas
8142,Duggan
114,Dugger
6991,Duke
1387,Dukes
8560,Dulcich
7331,Dulin
8827,Dull
1388,Dumas
9002,Dumas-Johnson
1389,Dumervil
1391,Dunbar
1392,Duncan
7241,Dungey
7503,Dunham
6648,Dunker
8561,Dunkle
1394,Dunlap
1395,Dunn
1396,Dunsmore
5845,Dupre
5845,Dupree
6607,Dural
8980,Duran
1401,Durand
1402,Durant
1402,Durante
7901,Durbin
6385,Durden
1404,Durham
8469,Durning
7006,Durr
1405,Dutka
7627,Dutton
7438,Duvall
115,Duvernay
5846,Duvernay-Tardif
1406,Dvoracek
7096,Dwelley
1407,Dwight
8633,Dwumfour
1408,Dwyer
5778,Dye
1409,Dyer
1410,Dykes
5502,Dysert
1413,Dyson
6185,Dzubnar
1414,Eachus
6542,Eagan
8339,Eagles
1415,Eakin
1416,Ealy
1417,Earl
7964,Early
1419,Easley
1420,Easlick
1421,Eason
7153,East
8064,Easter
7628,Eastman
6047,Easton
1425,Easy
1427,Eaton
7332,Eberle
1429,Ebert
8516,Ebiketie
1430,Ebner
9057,Eboigbe
5740,Ebron
6671,Ebukam
1432,Eby
1434,Echols
1435,Eckel
1436,Ecker
7629,Eckert
1437,Economos
7439,Eddie
1440,Eddins
1441,Edds
7439,Eddy
5847,Edebali
1442,Edelman
8186,Edgar
1444,Edison
6812,Edlrenkamp
7005,Edmond
1445,Edmonds
8014,Edmondson
1445,Edmunds
7249,Edoga
1446,Edwards
117,Edwards-Helaire
1447,Efaw
8919,Efford
7504,Egan
1450,Egboh
8892,Egbuka
7333,Egbule
1454,Egnew
9121,Eguakun
5540,Eguavoen
6199,Ehinger
7226,Ehlinger
8340,Eichenberg
5530,Eifert
8302,Eifler
8638,Eiland
8650,Eiselen
6897,Ejiofor
7312,Ejiya
6610,Ekanem
1456,Ekejiuba
6830,Ekeler
8711,Ekiyor
5848,Ekpre-Olomu
7019,Ekuale
1457,Ekuban
1458,Ekwerekwu
8562,Ekwonu
1459,Elam
6617,Elder
6995,Eldrenkamp
1460,Eldridge
8563,Eleby
6340,Elenz
6570,Elflein
1461,Elgin
1463,Elias
6657,Eligwe
1464,Elimimian
7356,Elkins
121,Ellefson
1466,Ellerbe
1466,Ellerbee
1467,Elling
1468,Ellingson
1469,Ellington
1471,Elliott
1472,Ellis
1473,Ellison
1472,Elliss
1474,Ellsworth
1475,Elmore
1476,Eloms
6327,Elston
6575,Eluemunor
1477,Elway
8051,Ely
1478,Emanuel
1479,Emanuel II
7189,Emerson
7384,Emery
8564,Emezie
8994,Emmanwori
8018,Emmons
8517,Empey
1483,Ena
8341,Enagbare
1484,Enderle
8734,Enechukwu
5849,Enemkpali
7505,Engel
1485,Engelberger
7197,England
7630,Engle
1486,Engler
1487,English
1488,Engram
1489,Enis
7631,Ennis
8208,Ento
5850,Enunwa
1490,Enzor
124,Epenesa
1492,Ephraim
8083,Epperson
1494,Epps
8076,Epsteen
1495,Epstein
1497,Erbach
1499,Erickson
6965,Ernsberger
7632,Ernst
1501,Ernster
9223,Ersery
5532,Ertz
6310,Ervin
6147,Erving
7506,Erwin
7797,Escalante
5531,Escobar
458,Esiason
8342,Eskridge
5629,Espinosa
8973,Espinoza
1505,Esponda
1506,Esposito
1507,Espy
1508,Essex
1509,Estandia
7961,Estep
1510,Estes
9058,Estime
7162,Estrada
7986,Estrella
491,Etheridge
8343,Etienne
6966,Etling
6591,Etta-Tawo
1512,Eubanks
1513,Eugene
1514,Euhus
6152,Eulls
1516,Evans
8835,Evensen
1518,Everett
1518,Everitt
8933,Ewers
1519,Ewing
7128,Exum
5851,Exum Jr.
7220,Eze
7034,Ezeala
8798,Ezeike
9172,Ezeiruaku
1520,Ezekiel
8565,Ezeudu
9059,Ezirim
8566,Ezukanma
8498,Faalele
8049,Fabian
6537,Fabiano
1521,Fabini
5852,Fabuluje
6309,Fackrell
6951,Facyson
7633,Fagan
1523,Faggins
9019,Fagnano
8567,Fagot
1524,Faine
1525,Fair
6372,Fairbairn
7965,Fairchild
1528,Fairley
8936,Fairweather
5853,Fajardo
7113,Falah
5706,Fales
6946,Falk
6360,Fallin
8174,Fallon
7230,Fallow
1532,Fanaika
9023,Fancher
1534,Faneca
1535,Fanene
1536,Fangupo
1537,Fannin
6534,Fant
1539,Fantuz
8344,Faoliu
1540,Fargas
6529,Farley
1542,Farmer
8345,Farniok
8148,Farnsworth
1543,Farquhar
1544,Farr
7886,Farrar
5854,Farrell
1545,Farrior
1546,Farris
6363,Farrow
1548,Farwell
1549,Fasani
1550,Fasano
9060,Fashanu
1552,Fassitt
1553,Fatafehi
5855,Fatinikun
5630,Fatu
6938,Fatukasi
1554,Faulk
6770,Faulkner
5534,Fauria
7634,Faust
9061,Fautanu
1556,Favorite
1557,Favors
1558,Favre
7891,Fay
8346,Fayad
1559,Fayson
1560,Fazande
1561,FB
1570,Fe'esago
1562,Feagles
125,Feaster
5856,Fede
1566,Federkeil
1568,Feeley
1569,Feely
6279,Feeney
8347,Fehoko
6539,Feiler
1573,Feinga
6127,Fejedelem
1574,Felder
7507,Feldman
5857,Feliciano
1576,Felix
8231,Fellows
1577,Fells
1578,Felton
6048,Fender
1580,Fenderson
1581,Fenelus
5858,Fenner
7334,Fenton
5859,Ferentz
1584,Ferguson
5631,Fernandez
8787,Fernea
1586,Ferrara
1587,Ferrario
8131,Ferraro
7358,Ferreira
6049,Ferrell
7635,Ferrer
6157,Ferris
1589,Ferwerda
1590,Fiala
1591,Fiammetta
6876,Ficken
8947,Fidone
1592,Fiedler
5707,Fiedorowicz
8194,Field
1593,Fields
1594,Fife
1595,Fifita
8518,Figueroa
1597,Figurs
1598,Filani
5860,Filimoeatu
1600,Filipovic
1601,Fina
5684,Finau
6050,Finch
1603,Fincher
1604,Fine
5526,Fineanganofo
1605,Finger
7208,Fink
1606,Finley
7440,Finn
1607,Finnegan
1609,Finneran
1610,Finnerty
5861,Finney
1611,Fiore
7140,Firkser
1613,Fischer
7355,Fish
1613,Fisher
1615,Fisk
9062,Fiske
1616,Fitch
6922,Fitts
1619,Fitzgerald
1620,Fitzpatrick
1621,Fitzsimmons
1622,Flacco
1623,Fladell
7636,Flaherty
1624,Flanagan
5862,Flanders
1624,Flanigan
1625,Flannery
8283,Flannigan-Fowles
6921,Flavors
1626,Fleck
1627,Fleener
7074,Fleer
1628,Fleming
1629,Flemister
1628,Flemming
1631,Flemons
1633,Fletcher
1635,Flinn
7637,Flint
7638,Flood
1636,Florence
6394,Flores
8568,Flott
9063,Flournoy
8916,Flowe
1637,Flowers
1638,Floyd
1640,Fluellen
1641,Flugence
5542,Fluker
1642,Flutie
1643,Flynn
6247,Fogg
1645,Fokou
1646,Folau
1647,Foles
1648,Foley
1649,Folk
5770,Folkerts
1650,Follett
1651,Folsom
1652,Folston
7639,Fong
1653,Fonoti
7396,Fonseca
8185,Fontaine
1655,Fontenot
1660,Foote
1661,Forbath
1662,Forbes
1663,Ford
8686,Ford-Wheaton
1664,Fordham
1666,Foreman
1667,Forney
1668,Forrest
7973,Forrester
8348,Forristall
1669,Forsett
1670,Forsey
1672,Forston
9198,Forsyth
8349,Forsythe
1673,Fort
1674,Forte
1675,Fortin
8177,Fortner
5567,Fortson
1673,Fortt
8657,Fortunato
1677,Foschi
8728,Foskey
7951,Foss
1678,Foster
128,Fotu
5863,Foucault
8759,Foucha
1679,Fountain
6555,Fournette
7927,Fournier
8128,Foust
441,Fouts
1681,Fowler
9033,Fowler-Nicolosi
1683,Fox
1684,Foxworth
8075,Foy
8658,Fraboni
5550,Fragel
1685,Fraley
8300,Fralic
1687,Frampton
1688,France
1689,Francies
1690,Francis
1691,Francisco
7828,Franco
1692,Francois
1693,Frank
1694,Franklin
6994,Franklin-Myers
1695,Franks
8164,Frantz
1696,Franz
1697,Fraser
1699,Frazier
1700,Frederick
1700,Fredrick
1701,Fredrickson
1702,Free
8702,Freeland
1703,Freeman
1704,Freeney
1705,Freeny
6412,Freese
8350,Freiermuth
1707,Freitas
1708,French
1709,Frerotte
7126,Frese
1710,Frey
7640,Frias
1711,Fricke
8967,Friedlander
1712,Friedman
6369,Friend
8351,Fries
1713,Friesz
1715,Frisch
7299,Fritts
7173,Fritz
7254,Froholdt
1717,Frome
2,Fromm
1718,Frost
131,Fruhmorgen
1720,Fry
1721,Fryar
1720,Frye
8499,Fryfogle
1722,FS
1723,Fua
9064,Fuaga
1724,Fuamatu-Ma'
1725,Fuata
1726,Fudge
6342,Fuehne
7829,Fuentes
1727,Fugger
1729,Fujita
1730,Fulcher
7258,Fulgham
1731,Fuller
6878,Fullington
1732,Fulton
6915,Fumagali
6985,Fumagalli
5864,Funchess
9127,Funderburk
7397,Funk
1734,Furio
1737,Furrey
1738,Fusco
1740,Gabbert
1742,Gabriel
1743,Gachkar
1744,Gaddis
1746,Gado
1747,Gadsden
1749,Gaffney
1750,Gafford
1751,Gage
7302,Gaillard
9124,Gainer
1753,Gaines
8352,Gainwell
1754,Gaiter
1755,Gaither
1756,Gaitor
7641,Gale
134,Galeai
1759,Gales
1760,Galette
1761,Galippo
8725,Gall
6709,Gallagher
1763,Gallarda
7831,Gallegos
1765,Gallery
6228,Gallik
7305,Gallimore
6574,Gallman
7508,Gallo
5865,Gallon
1769,Galloway
6881,Gallup
6051,Galvin
1772,Galyon
1773,Gamble
7398,Gamez
1775,Gammon
1776,Ganaway
1777,Gandy
136,Gandy-Golden
8071,Gann
1778,Gannon
1779,Gano
1780,Gant
1781,Ganther
1783,Garay
8108,Garber
8894,Garbers
7218,Garbutt
1784,Garcia
6859,Garcia-Williams
1785,Garcon
7050,Gardeck
1786,Gardener
1787,Gardner
7318,Gardner-Johnson
1788,Gardocki
9065,Gargiulo
8618,Garibay
5866,Garland
1790,Garmon
1791,Garner
1792,Garnes
6253,Garnett
5708,Garoppolo
1795,Garrard
1796,Garrett
6710,Garrison
8753,Garror
1798,Garvin
1799,Gary
1800,Garza
1801,Gash
7237,Gaskin
6171,Gaskins
1804,Gasperson
8303,Gastineau
1805,Gaston
1806,Gates
1807,Gatewood
6313,Gathers
1809,Gatson
1811,Gattis
8847,Gaudet
6711,Gaudin
6902,Gaulden
6352,Gause
5581,Gauthier
1814,Gavadza
7956,Gavin
1815,Gay
5867,Gaydosh
1815,Gaye
1817,Gaylor
6052,Gayton
138,Gaziano
1819,Gbaja Biamila
1819,Gbaja-Biamila
6930,Geary
1822,Geathers
6661,Gedeon
1823,Gedney
7509,Gee
1825,Geer
7798,Geiger
1827,Geisinger
8527,Gemmel
6630,Gennesy
7888,Gentile
6771,Gentry
1832,Genus
1833,George
1834,Gerard
7642,Gerber
1835,Gerberry
1836,Gerhart
1837,German
1838,Germany
6612,Gerry
5569,Gervase
6905,Gesicki
1840,Gesser
1841,Gessner
1842,Gettis
1843,Ghee
1844,Ghent
1845,Ghiaciuc
1846,Gholston
1847,Giacomini
9245,Gibbens
7199,Gibbons
6712,Gibbs
1850,Gibson
8882,Giddens
1851,Gideon
1852,Giffels
7441,Gifford
1854,Giguere
1855,Gilberry
1856,Gilbert
1857,Gilchrist
1858,Gildon
6772,Giles
7308,Giles-Harris
5730,Gilkey
6713,Gill
5520,Gillan
7817,Gillaspia
6773,Gillespie
8096,Gillette
1863,Gilliam
8288,Gillikin
8030,Gilliland
7643,Gillis
5507,Gillislee
6281,Gillmore
8862,Gillotte
8178,Gilman
1867,Gilmore
1868,Gilreath
1869,Gilyard
7051,Ginda
8696,Gindorff
1870,Ginn
1871,Giordano
1872,Gipson
8069,Girard
1873,Girault
8464,Giuliano
1876,Givan
1877,Givens
1878,Gizzi
377,Gladney
5868,Glanton
8851,Glaser
6263,Glasgow
6053,Glass
5782,Glaud
9066,Glaze
6054,Glears
1885,Gleason
1887,Glenn
5501,Glennon
8232,Glickowski
1892,Glover
6191,Glover-Wright
5869,Glowinski
1893,Glymph
1894,Gocong
1895,Goda
6619,Godchaux
1896,Goddard
1897,Godfrey
8353,Godleveske
7290,Godsil
1902,Godwin
8500,Goedeke
6893,Goedert
1898,Goethel
8027,Goetz
8458,Gofen
1899,Goff
1900,Gogan
1901,Goings
7114,Goins
1903,Gold
1904,Goldberg
1905,Golden
7040,Golditch
5870,Goldman
1906,Goldsberry
7644,Goldsmith
1907,Goldson
7196,Goldsteen
8196,Goldstein
8453,Goldwire
6668,Golladay
1909,Golliday
5871,Golson
1911,Golston
1912,GoLucky
1913,Gomes
5632,Gomez
9067,Goncalves
7076,Gono
1914,Gonzalez
1915,Gooch
6203,Good
139,Good-Jones
1918,Goode
1920,Gooden
6315,Goodin
5872,Goodley
9135,Goodlow
1921,Goodman
1922,Goodrich
1923,Goodson
1924,Goodspeed
1925,Goodwell
1926,Goodwin
7098,Goolsby
1928,Gordon
1931,Gordy
1932,Gore
1933,Gorin
7181,Gorman
1934,Gorrer
1936,Goss
6931,Gossett
1937,Gostkowski
8626,Gotel
6143,Gotsis
6546,Gottschalk
1940,Gould
8766,Gouraige
1941,Gourlay
1942,Gouveia
8354,Gowan
1944,Gowin
8147,Graber
9068,Grable
6638,Grace
6714,Graddy
1946,Gradkowski
6714,Grady
5873,Graf
8059,Graff
1948,Gragg
1949,Graham
8602,Graham-Mobley
1950,Gramatica
7268,Granderson
9166,Grandy
7645,Granger
8355,Granson
1956,Grant
1957,Granville
1958,Grasmanis
5874,Grasu
5597,Gratz
7060,Gravelle
1959,Graves
1960,Gray
5875,Grayson
1963,Graziani
1964,Grbac
8698,Greaney
1965,Greco
1966,Green
5876,Green-Beckham
1967,Green-Ellis
141,Greenard
7442,Greenberg
5877,Greenberry
1966,Greene
8180,Greenfield
8746,Greenhagen
7335,Greenidge
7285,Greenlaw
1970,Greenway
1971,Greenwood
1972,Greer
1973,Gregg
1974,Gregory
1975,Greisen
1977,Grennan
1978,Gresham
1960,Grey
5709,Grice
6413,Griebel
1972,Grier
1981,Griese
1983,Griffen
7815,Griffey
1983,Griffin
1983,Griffin III
1984,Griffith
7893,Griffiths
1985,Griggs
1986,Grigsby
6296,Grimble
1988,Grimes
1989,Grimm
7811,Grinnage
5878,Grissom
1992,Gritton
1993,Groce
7217,Grogan
1994,Gronkowski
1995,Groom
8481,Groshek
1996,Gross
142,Gross-Matos
1997,Grossman
1999,Grove
7646,Grover
2000,Groves
5879,Groy
7899,Grubb
2002,Grubbs
2003,Gruber
2004,Gruder
6274,Grugier-Hill
2006,Grunhard
8803,Grupe
2007,Gruttadauria
7127,Grymes
8106,Guardado
2008,Guenther
9069,Guerendo
2010,Guerrero
6882,Guice
7443,Guidry
2012,Guidugli
7399,Guillen
6662,Guillermo
2015,Guion
9021,Gulbranson
5765,Gumbs
8953,Gumms
7990,Gunderson
2019,Gunheim
2020,Gunn
8671,Gunnell
5880,Gunter
7647,Gupta
2024,Gurley
2025,Gurode
7378,Gustafson
7336,Gustin
7178,Guthrie
2028,Gutierrez
2029,Guy
2030,Guyton
2031,Guzman
6217,Gwacham
8767,Gwyn
7648,Ha
6824,Haack
2145,Haas
2033,Haayer
6824,Hack
6142,Hackenberg
7999,Hacker
2034,Hackett
2035,Hackney
2036,Haddad
9070,Hadden
2037,Haden
6055,Hadley
2039,Hadnot
6207,Haeg
8668,Haener
2041,Hagan
2042,Hagans
5710,Hageman
7799,Hagen
6210,Hager
2045,Hagg
2046,Haggan
2049,Haggans
9126,Haggard
2048,Haggerty
2050,Hagler
6774,Hahn
8982,Hail
8800,Hailassie
7204,Haines
8356,Hainsey
2054,Hairston
8484,Hajrullahu
2055,Hakim
6308,Hal
8869,Haladay
2056,Halapin
5881,Halapio
2057,Hale
2058,Hales
2059,Haley
2060,Hali
2061,Hall
2062,Hallen
8780,Hallett
8935,Hallman
2064,Hallock
2065,Halterman
2066,Ham
2067,Hambrick
398,Hambright
7981,Hamby
2068,Hamdan
2070,Hamilton
2072,Hamiter
2073,Hamler
6536,Hamlett
2074,Hamlin
6248,Hamm
7510,Hammer
5882,Hammond
8100,Hammonds
2077,Hamner
2079,Hampton
8155,Hamrick
8301,Hance
6715,Hancock
2080,Hand
7912,Handy
7170,Haney
2082,Hangartner
2083,Hanie
2084,Hankerson
2085,Hankins
2086,Hanks
2087,Hankton
7649,Hanley
2088,Hanna
2089,Hannah
2090,Hannam
7011,Hannemann
2091,Hannon
2092,Hanoian
6332,Hansbrough
2094,Hansen
8528,Hansford
2096,Hanson
2097,Hanspard
2098,Hape
2099,Haralson
2100,Harbaugh
2101,Harbor
6853,Hardee
2103,Harden
2104,Hardesty
2105,Hardin
6775,Harding
5883,Hardison
2106,Hardman
2108,Hardrick
2109,Hardwick
2110,Hardy
7650,Hare
2111,Harewood
6297,Hargrave
6169,Hargreaves
2112,Hargrove
5666,Harkey
8151,Harley
2113,Harline
6642,Harlow
7900,Harman
2115,Harmon
7934,Harms
2116,Harnish
5884,Harold
7996,Harp
2117,Harper
2118,Harrell
2119,Harrington
2120,Harriott
2121,Harris
2122,Harrison
7293,Harry
2124,Hart
7314,Hartage
6336,Hartfield
2126,Hartings
2127,Hartley
2128,Hartline
2129,Hartman
2130,Hartmann
2131,Harts
2132,Hartsell
8284,Hartsfield
2134,Hartsock
5885,Hartson
2135,Hartwell
2136,Hartwig
9231,Harty
8603,Harvell-Peel
2138,Harvey
6601,Harvey-Clemons
2140,Harvin
8685,Haselwood
2143,Haskins
2144,Haslam
2145,Hass
9239,Hassanein
2146,Hasselbach
2147,Hasselbeck
5578,Hassell
7004,Hassenauer
2148,Hastings
2149,Hasty
8954,Hasz
2150,Hatch
2151,Hatcher
2152,Hatchett
2152,Hatchette
6840,Hatfield
7651,Hathaway
6877,Hatley
9142,Hatten
8162,Hatton
8357,Haubeil
8986,Haulcy
6716,Haumiller
5771,Hauptmann
2154,Hauschka
7652,Hauser
8893,Hausmann
8460,Hautau
5886,Havenstein
2156,Havili
6250,Havili-Heimuli
2157,Havner
8850,Havrisik
9194,Hawes
2159,Hawk
2161,Hawkins
5545,Hawkinson
2162,Hawley
2163,Hawthorne
7653,Hay
9155,Hayball
8358,Haydel
2164,Hayden
2166,Haye
2167,Hayes
6249,Hayne
2168,Haynes
2169,Haynesworth
2170,Haynos
2171,Hayward
2172,Haywood
5753,Hazel
2173,Hazelton
8887,Hazen
2175,HB
7366,Head
7511,Healy
2178,Heap
6410,Heaps
2180,Heard
6912,Hearn
7000,Hearns
2181,Hearst
2182,Heath
8569,Heatherly
7980,Heaton
2183,Hebert
2184,Heck
2185,Heckendorf
7025,Hector
6717,Heddlesten
6339,Hedelin
2186,Hedgecock
8804,Hedley
7654,Hedrick
5887,Heeney
8359,Heflin
2191,Hefney
2192,Hegamin
8360,Heggie
2193,Heiden
8501,Heiligh
7932,Heim
2194,Heimburger
8118,Hein
5888,Heinicke
2196,Heinrich
2264,Heins
2198,Heitmann
2200,Hekker
6414,Heldfond
5889,Helfet
8752,Hellams
2201,Heller
2202,Hellestrae
7337,Helm
7400,Helms
7352,Helton
6277,Helu
2204,Helu Jr.
8937,Hemby
2205,Hemingway
8017,Hemphill
2206,Hemsley
8604,Hendershot
2207,Henderson
2208,Hendricks
6611,Hendrickson
6056,Hendrix
6552,Hendy
7082,Heneghan
2210,Henery
9024,Henigan
7444,Henley
2211,Henne
6811,Hennessy
7655,Henning
2212,Hennings
8570,Henningsen
2214,Henry
7832,Hensley
2216,Henson
5552,Hentges
2217,Hentrich
5890,Hepburn
2220,Heppner
7154,Herbert
7301,Herbig
9012,Herbstreit
7656,Heredia
9161,Hergel
5741,Herman
8361,Hermanns
2222,Hernandez
2223,Herndon
2224,Herold
8173,Herr
2225,Herrell
2226,Herremans
2227,Herrera
6057,Herrick
144,Herrien
2228,Herring
7920,Herrington
2229,Herrion
8044,Herrmann
2230,Herron
2230,Herron Jr.
7935,Hershberger
2231,Herzlich
7125,Heslop
6718,Hess
8482,Hesse
2233,Hester
2234,Hetherington
5891,Heuerman
2235,Heupel
6405,Heurtelou
2236,Hewitt
2237,Heyer
2238,Heyman
2239,Heyward
2240,Heyward-Bey
152,Hibers
7205,Hickey
2243,Hickman
2244,Hickok
2245,Hicks
6280,Higbee
7238,Higdon
7921,Higginbotham
2247,Higgins
2249,Highsmith
2250,Hightower
6580,Hikutini
2251,Hilbert
7512,Hildago
2252,Hilgenberg
2253,Hill
7003,Hilland
6366,Hillary
2254,Hillenmeyer
2256,Hilliard
5563,Hilliman
2257,Hillis
2258,Hillman
2259,Hills
9038,Hillstead
2261,Hilton
8362,Himmelman
7657,Hinds
2264,Hines
9181,Hines-Allen
8646,Hinish
7513,Hinkle
7445,Hinson
2265,Hinton
8783,Hippenhammer
7658,Hirsch
2269,Hitchcock
5892,Hitchens
2270,Hix
2271,Hixon
2272,Hoag
2273,Hoard
2274,Hobbs
2276,Hobert
2277,Hobgood-Chittick
2278,Hobson
2279,Hochstein
7296,Hockenson
5893,Hocker
2281,Hodel
2282,Hodgdon
2283,Hodge
2284,Hodges
8751,Hodges-Tomlinson
17,Hodgins
8279,Hoecht
2285,Hoese
7659,Hoff
2286,Hoffman
2287,Hoffman-Ellis
2286,Hoffmann
2286,Hofmann
154,Hofrichter
2288,Hogan
2289,Hogans
2290,Hoge
2291,Hogue
2293,Hoke
9168,Holani
6683,Holba
7401,Holbrook
2294,Holcomb
2295,Holcombe
6639,Holden
7111,Holder
2298,Holdman
2299,Holecek
9147,Holker
2300,Holland
2301,Hollenbach
2302,Hollenbeck
2303,Holley
2304,Holliday
2305,Hollier
5894,Holliman
2308,Hollings
7402,Hollingsworth
6598,Hollins
2309,Hollis
6839,Hollister
2314,Hollman
5591,Holloman
2311,Holloway
2312,Hollowell
2313,Holly
8033,Holm
2314,Holman
2315,Holmberg
2316,Holmes
7224,Holsey
9259,Holskey
8889,Holstein
2318,Holt
6346,Holton
5560,Holtz
7292,Holyfield
2320,Homan
7338,Homer
7660,Honeycutt
8233,Honorall
2324,Hood
5895,Hooey
8023,Hook
6556,Hooker
6997,Hooks
2326,Hoomanawanui
6240,Hooper
8786,Hoosman
2327,Hoover
2328,Hope
2329,Hopkins
6675,Hopper
7101,Hoppes
2331,Hopson
2332,Horan
2333,Horn
2334,Horne
7403,Horner
5575,Horsted
2336,Horton
7661,Horvath
5896,Hoskins
2338,Hosley
7919,Hostetler
8111,Houck
7662,Hough
2342,Houghton
6373,Houma
2343,House
2344,Houser
2345,Houshmandzadeh
2346,Housler
2347,Houston
6252,Houston-Carson
2348,Hovan
2349,Howard
8768,Howden
7833,Howe
2351,Howell
8571,Howerton
2352,Howey
2353,Howry
6533,Howsare
2356,Hoyer
2358,Hoyt
2358,Hoyte
7859,Hrynkiewicz
7446,Hu
2359,Huang
2360,Huard
2361,Hubbard
2362,Huber
6378,Hubert
2364,Huckeba
7663,Huddleston
2365,Hudson
5633,Huerta
8363,Hufanga
2366,Huff
6719,Huffman
9248,Hufford
2367,Huggins
2368,Hughes
6182,Hughlett
8234,Huguenin
2372,Hull
2373,Hulsey
2374,Humber
2375,Humes
7897,Hummel
2376,Humpal
2377,Humphrey
5897,Humphreys
5897,Humphries
5898,Hundley
2378,Hundon
2379,Hunt
2380,Hunter
2381,Huntington
2382,Huntley
8968,Huntting
2383,Hurd
6776,Hurley
5899,Hurns
6058,Hurst
2388,Hurt
8834,Hurtado
33,Hurts
2390,Husak
8823,Husein
2392,Husted
2393,Huston
8364,Hutcherson
2394,Hutchins
2395,Hutchinson
2395,Hutchison
8927,Hutmacher
2396,Hutson
2398,Hutton
6059,Huval
2400,Huyck
7664,Hwang
7300,Hyatt
2401,Hybl
5603,Hyde
2402,Hyder
2261,Hylton
5580,Hyman
2404,Hymes
2405,Hynoski
8938,Hyppolite
8930,Iamaleava
7156,Ibbara
8676,Ibrahim
2406,Idonije
6238,Ifedi
156,Igbinoghene
8996,Igbinosun
2408,Iglesias
6976,Igwebuike
2409,Igwenagu
2410,Ihedigbo
2411,Ihenacho
2413,Ijalana
8729,Ika
6204,Ikard
2414,Ikegwuonu
2415,Ilaoa
2416,Iloka
8305,Imatorbhebhe
2418,Incognito
8736,Incoom
2419,Ingersoll
7260,Ingold
2423,Ingram
9229,Ingram-Dawkins
5900,Inman
2425,Insley
2426,Inzer
2427,Ioane
6285,Ioannidis
2428,Iorio
6239,Iosefa
8682,Iosivas
8235,Iosua
7894,Ireland
2430,Irons
2431,Irvin
2432,Irving
2433,Irwin
7665,Isaac
7875,Isaacs
7259,Isabella
2435,Isaia
2436,Isdaner
2437,Ishmael
6643,Isidora
157,Ismael
2437,Ismail
8637,Isom
2439,Israel
2440,Issac
2441,Ittersagen
2442,Iupati
7666,Iverson
6060,Ives
2444,Ivey
6687,Ivie
2445,Ivory
2446,Ivy
2447,Iwebema
6255,Iworah
159,Iwuagwu
2448,Iwuchukwu
2449,Iwuh
2450,Iwuoma
6932,Iyiegbuniwe
8784,Izien
2451,Izzo
6258,Jack
2452,Jacke
2454,Jackson
8195,Jacob
2455,Jacobs
7667,Jacobsen
6720,Jacobson
2456,Jacoby
7931,Jacques
2457,Jacquet
2458,Jaeger
8012,Jaime
8443,Jaimes
6934,Jamerson
2459,James
2460,Jameson
2461,Jamison
2462,Jammer
8365,Jana
2463,Janikowski
5901,Janis
6141,Janovich
2464,Jansen
2466,Janus
2469,Jarmon
8188,Jarrel
2470,Jarrett
6777,Jarvis
6651,Jarwin
8236,Jasmine
2473,Jasper
8037,Jasso
2475,Jean
2476,Jean Francois
2477,Jean-Baptiste
8366,Jean-Charles
2478,Jean-Gilles
8837,Jean-Pierre
2480,Jeanpierre
2481,Jeanty
5902,Jeffcoat
2483,Jeffers
2484,Jefferson
2485,Jeffery
2486,Jeffries
7267,Jelks
2488,Jells
2489,Jenkins
2490,Jennings
2491,Jensen
2492,Jerman
2493,Jernigan
2494,Jerod-Eddie
6631,Jerome
9071,Jerrell
2495,Jerry
2496,Jervey
6061,Jeter
2498,Jett
2524,Jeudy
9162,Jeudy-Lally
6967,Jeune
6917,Jewel
6917,Jewell
8740,Jibunor
2499,Jimenez
2501,Jimoh
8540,Jobe
6062,Joe
2503,Joeckel
9134,Johanning
8471,Johanssen
8471,Johansson
5903,John
6063,Johns
2506,Johnson
2506,Johnson Jr.
2508,Johnston
2509,Johnstone
7668,Joiner
2511,Jolly
8649,Jonathan
2512,Jones
2512,Jones Jr.
2513,Jones-Drew
6106,Jones-Quartey
6968,Jones-Smith
6684,Joplin
2515,Jordan
7447,Jorgensen
5634,Jose
2517,Joseph
6993,Joseph-Day
2519,Josiah
8828,Joslin
2520,Jowers
8024,Joy
2521,Joyce
2522,Joyner
8985,Juarez
6872,Judd
2524,Judie
8934,Judkins
6150,Judon
8831,Judovsky
2525,Jue
7669,Julian
2526,June
7404,Jung
8237,Junior
2528,Jurevicius
8572,Jurgens
426,Jurgensen
164,Juriga
2530,Jurovich
2531,Justice
2532,Justin
5654,Juszczyk
2533,K
6581,Kaaya
2534,Kacyvenski
2535,Kaczur
2536,Kaddu
2537,Kadela
2538,Kaeding
2539,Kaepernick
2540,Kaesviharn
2541,Kafka
2543,Kahler
7907,Kahn
8367,Kaindoh
2544,Kaiser
6945,Kalambayi
8238,Kalawai'a
8928,Kalepo
2545,Kalil
8661,Kalinic
6624,Kalis
6808,Kallon
2546,Kalu
6388,Kamalu
6564,Kamara
7949,Kaminski
2547,Kampman
8368,Kampmoyer
8730,Kancey
9243,Kandra
6721,Kane
2550,Kanell
7083,Kanoff
5635,Kanuch
2552,Kapinos
7203,Kaplan
8810,Karapateas
169,Kareem
2554,Karim
8519,Karlaftis
2555,Karney
6275,Karras
9255,Karty
5535,Kasa
2557,Kasay
6762,Kase
6190,Kaser
2559,Kashama
6330,Kasitati
8278,Kaskey
2560,Kasper
2561,Kassell
2564,Katula
7182,Katz
2565,Katzenmoyer
7514,Kauffman
2566,Kaufman
6286,Kaufusi
5904,Kay
6576,Kazee
7448,Kearney
7670,Kearns
2567,Kearse
2568,Keasey
2569,Keathley
7671,Keating
2570,Keaton
9072,Keegan
7116,Keen
7449,Keenan
7116,Keene
7993,Keener
8277,Keenoy
2571,Keenum
2572,Keglar
2573,Kehl
2574,Keiaho
2576,Keisel
2577,Keiser
2578,Keith
2577,Keizer
7284,Keke
2579,Kelce
2581,Kelemete
6246,Keliikipi
2582,Keller
2584,Kelley
7673,Kellogg
2584,Kelly
2585,Kelsay
6604,Kelsey
2587,Keltner
2588,Kemoeatu
6722,Kemp
2589,Kempfert
2590,Kendall
2592,Kendrick
2592,Kendricks
2593,Keneley
5905,Kennard
2594,Kennedy
7360,Kenney
2597,Kennison
6064,Kenny
2600,Kent
8081,Kenyon
2601,Keo
6163,Kerin
2603,Kerley
2604,Kern
2605,Kerney
7674,Kerns
5906,Kerr
6545,Kerridge
2608,Kerrigan
2609,Kershaw
6111,Kessler
8486,Kessman
8907,Ketschek
2611,Kettani
2612,Keur
2613,Key
2614,Keyek
6114,Keyes
6114,Keys
5656,Keyton
8222,Khaled
2618,Kidd
6800,Kidder
7147,Kidsy
2619,Kieft
2620,Kiel
2621,Kiernan
2622,Kight
5907,Kikaha
5908,Kilgo
2623,Kilgore
2625,Kilian
6265,Killebrew
8098,Killian
2627,Killings
171,Killins
2628,Kilmer
7953,Kilpatrick
7231,Kim
7515,Kimball
7675,Kimble
8168,Kimbrough
2632,Kimrin
8776,Kinard
2634,Kincade
7676,Kincaid
2635,Kinchen
9073,Kinchens
2636,Kinder
2637,Kindle
173,Kindley
6295,Kindred
8875,Kiner
2639,King
2640,Kingsbury
9074,Kingston
174,Kinlaw
8477,Kinley
8520,Kinnard
2643,Kinne
7323,Kinnel
2644,Kinney
7677,Kinsey
8714,Kipper
2646,Kirby
2647,Kircus
6723,Kirk
2650,Kirk-Hughes
2649,Kirkendoll
2651,Kirkland
2652,Kirkpatrick
5909,Kirksey
7151,Kirkwood
2653,Kirlew
2654,Kirschke
2655,Kirtman
2657,Kiselak
2577,Kiser
2660,Kitchen
6065,Kitchens
2662,Kitchings
2663,Kitna
6796,Kittle
2664,Kittner
2665,Kiwanuka
2577,Kizer
2668,Klecko
2669,Klein
2670,Kleinsasser
2671,Klemm
6271,Kline
2675,Klopfenstein
9205,Klotz
8868,Klubnik
2676,Klug
2677,Kluwe
177,Kmet
6778,Knapp
6778,Knappe
9075,Kneeland
2678,Knight
2679,Knighton
2680,Knorr
5759,Knott
7210,Knowles
2682,Knox
7678,Knutson
8038,Ko
2684,Koch
2685,Kocher
7450,Koehler
6861,Koehn
2687,Koenen
7516,Koenig
2688,Koets
7679,Kohler
8647,Kohou
8502,Kolar
2692,Kolb
7152,Koloamatangi
2693,Kolodziej
7857,Kolone
6883,Kolton
2694,Komar
1017,Kone
7948,Kong
8656,Kongbo
2695,Konrad
2696,Konz
6825,Koo
2697,Kooistra
2698,Koonce
2700,Kopa
2701,Kopp
2702,Koppen
8462,Korn
7002,Koroma
8764,Korsak
8652,Kosar
2705,Kosier
8275,Koski
2707,Kostrewa
5711,Kouandjio
2708,Koutouvides
5774,Kovacs
2709,Kowalewski
2710,Kowalkowski
2711,Kowalski
5910,Koyack
2709,Kozlowski
6595,Kpassagnon
2713,Kracalik
9232,Kraemer
7517,Kraft
8961,Krajnovic
1084,Kramer
2715,Kranchick
2716,Kratus
7680,Kraus
2717,Krause
2720,Kreider
6181,Kreiter
2721,Krenzel
2722,Kreutz
6354,Krieger-Coble
2723,Kriewaldt
7854,Kristiansson
2724,Kristick
5911,Kroft
9156,Kromah
8924,Kromenhoek
2726,Kropog
2727,Kroul
6779,Krueger
2728,Kruger
8573,Krull
8369,Krumholz
8832,Kryspin
178,Ksiezarczyk
2730,Kuale
9148,Kubas
2731,Kuberski
2732,Kubiak
2733,Kubik
6403,Kuder
2734,Kuechly
2735,Kuehl
5561,Kugbila
2738,Kuhn
8866,Kuithe
7062,Kukwa
8370,Kumah
7405,Kumar
7137,Kumerow
2741,Kunalic
5551,Kunaszyk
7061,Kuntz
2742,Kuper
6566,Kupp
5783,Kupper
2743,Kurpeikis
7406,Kurtz
5681,Kush
2745,Kustok
8662,Kwenkeu
6119,Kwiatkoski
8042,Kwon
2746,Kyle
9030,Labas
8819,Labelle
2747,Labinjo
8680,Laborn
2749,LaBounty
2750,LaBoy
2752,LaCasse
2753,Lacey
2754,Lachey
2755,Lacina
7681,Lackey
6138,Lacosse
7018,LaCouture
2753,Lacy
7682,Ladd
5912,Ladler
2756,Ladouceur
8690,Ladson
2758,LaFell
2759,LaFleur
7121,Laguda
8878,Lagway
7683,Laird
2763,Lake
8298,Lalos
2764,Lamar
6066,Lamb
2766,Lambert
8917,Lambert-Smith
7862,Lambert-Williams
6184,Lambo
6166,Lamm
7037,Lammons
2767,LaMontagne
6560,Lamp
6596,Lampkin
6377,Lampman
5661,Lamur
7027,Lancaster
8197,Lance
7451,Land
7684,Landers
6266,Landes
2770,Landeta
7685,Landis
8574,Landman
2772,Landolt
2773,Landri
2774,Landrom
6067,Landrum
2775,Landry
2776,Lane
2777,Lang
8371,Langan
2780,Langford
2781,Langham
6644,Langi
2783,Langley
7452,Langston
6425,Lanier
8192,Lankford
2785,Lankster
5677,Lanning
2786,Lanovoi
2787,Lansanah
8154,Lantz
8694,LaPorta
5913,Lapuaho
8984,Lara
2790,Largent
7518,Larkin
2792,LaRocque
2793,Larrimore
2794,Larsen
2794,Larson
8239,LaRue
9200,Larvadain
6289,Lasco
6175,Lasike
6910,Lasley
2799,Lassiter
6381,Latham
2801,Latimer
2802,Latsko
2804,Lattimore
8695,Latu
9076,Laube
6068,Lauderdale
7686,Laughlin
7068,Lauina
6927,Lauletta
7024,Laulile
9077,Laulu
8723,Laumea
2808,Laurinaitis
2809,Laury
2810,Lauvao
2811,Lavalais
2814,Law
6292,Lawler
2817,Lawrence
6389,Lawrence-Stample
2818,Lawrie
7045,Lawry
2819,Laws
2820,Lawson
2047,Lawton
2822,Lay
2824,Layman
2825,Layne
2826,Layow
7453,Layton
6926,Lazard
2828,LE
2829,Leach
2831,Leak
2831,Leake
8521,Leal
6649,Leamon
2833,Leary
8372,Leatherwood
2834,Leaverton
7232,Leavitt
7149,LeBeau
2835,Leber
2836,LeBlanc
2838,Lechler
2839,Leckey
8373,LeCounte
6680,Ledbetter
7454,Ledesma
2841,Ledford
2842,Ledyard
2843,Lee
2845,Lee-Steere
2846,Leeuwenburg
2847,Lefeged
2848,LeFevour
6818,Leff
2849,LeFors
2850,Lefotu
2851,Leftwich
9039,Legas
9078,Legette
2854,Leggett
7855,Leglue
2855,LeGree
7131,LeGuin
2856,Legursky
2857,Lehan
2858,Lehman
2859,Lehr
6658,Leidner
2862,Leinart
2863,Leisle
2864,LeJeune
2865,Lekkerkerker
2866,Lelie
5766,Lelito
2867,Leman
180,LeMay
181,Lemieux
8134,Lemmons
2868,Lemon
2869,Lemonier
8134,Lemons
6543,Lengel
5914,Leno
7129,Lenoir
2871,Lenon
2872,Lentz
5787,Lenz
8781,Leo
8240,Leon
2874,Leonard
2876,Leonhard
5915,Leonhardt
8741,Leota
2880,Lepsis
2881,LeRibeus
8109,Lerma
2882,Leroy
2883,Leshoure
6852,Leslie
2885,Lesnar
8374,Lestage
2886,Lester
2887,LeSueur
2888,Lett
2889,Levcik
2890,Levels
2891,Levens
2892,Leverett
2892,Leverette
9079,Leveston
6637,Levin
2893,Levine
2894,Levingston
8664,Levis
2895,Levitre
2896,LeVoir
7106,Levrone
2897,Levy
5735,Lewan
183,Lewerke
2899,Lewis
5772,Lewis-Harris
8219,Lewis-Marshall
5689,Lewis-Moore
2901,Leyva
2902,LG
2828,Li
5916,Liaina
6333,Licata
2903,Lichtensteiger
7088,Liddell
6553,Liedtke
7863,Liggins
2905,Light
8503,Likely
2907,Lilja
7519,Lilly
7687,Lima
9080,Limmer
7925,Limon
7455,Linares
2910,Lincoln
7870,Lind
2911,Lindell
9249,Lindenberg
5917,Linder
8575,Linderbaum
2913,Lindholm
2914,Lindley
2915,Lindsay
2915,Lindsey
2917,Lindstrom
5751,Line
7020,Liner
7520,Link
2918,Linkenbach
8121,Linn
2919,Linnenkohl
5918,Linsley
2920,Linthicum
2921,Linton
5919,Lippett
8077,Lipscomb
7895,Lira
8475,Lischke
2928,Lissemore
6134,Listenbee
2930,Little
8166,Littlejohn
6424,Littleton
6969,Litton
9081,Liufau
2932,Liuget
2933,Livas
2935,Livings
6780,Livingston
2937,Lloyd
7688,Lo
2939,Loadholt
2940,Loane
5920,Lobato
2941,Lock
2941,Locke
2942,Locker
2943,Lockett
2944,Lockette
2945,Lockhart
2946,Locklear
2947,Lockley
7456,Lockwood
7243,Lodge
2949,Lodish
2950,Loeffler
6843,Loewen
2952,Lofton
2953,Logan
9082,Logue
9199,Lohner
2955,Loiseau
8375,Lokombo
2956,LOLB
8529,Lole
6404,Lomax
9209,Lombard
7945,Lombardi
7689,Lombardo
2960,London
2961,Long
6338,Longa
6149,Longacre
9260,Longerbeam
8116,Longo
7690,Longoria
2964,Longwell
2965,Lonie
2966,Looker
2967,Looman
7914,Loomis
2968,Looney
9261,Loop
2969,Loper
7691,Lopes
2970,Lopez
2971,Lopienski
8473,Loranger
7521,Lord
2973,Lorello
7915,Lorenz
2974,Lorenzen
7692,Lorenzo
2975,Lorig
2977,Losman
5921,Loston
2979,Lott
5577,Lotulelei
2980,Loud
8445,Loudermilk
2981,Lougheed
2982,Louis
5922,Louis-Jean
6209,Lovato
2984,Love
7983,Lovelace
8874,Loveland
2985,Lovell
5923,Lovelocke
2986,Loverne
7457,Lovett
2988,Loville
8169,Low
2989,Lowber
2990,Lowe
2991,Lowery
2992,Lowry
2993,Loyd
7834,Lozano
2994,LT
7166,Lu
6663,Luani
2996,Lucas
6276,Lucien
2998,Lucier
2999,Luck
5924,Luckett
3000,Lucky
7522,Ludwig
8679,Luepke
7835,Lugo
3003,Luigs
3004,Luke
8530,Luketa
184,Lumor
3006,Lumpkin
7158,Luna
7407,Lund
5579,Lundblade
9195,Lundt
7890,Lundy
6069,Lunsford
6799,Lunt
7926,Luong
3008,Lusk
8756,Luter
7971,Luther
5925,Lutman
185,Luton
3010,Lutrus
3011,Lutui
6419,Lutz
7058,Luvu
3012,Luzar
5926,Lyerla
3014,Lyght
3015,Lyle
7225,Lyles
3016,Lyman
3017,Lynch
3018,Lynn
3019,Lyon
3020,Lyons
3021,Lytle
9250,Ma'ae
5927,Mabin
3022,Mabry
3179,MacAfee
8241,MacChristopher
3023,Mace
8272,MacGinnis
8964,MacGregor
3024,Machado
5636,Machiela
3025,Mack
3026,MacKenzie
3027,Mackey
3028,Macklin
3030,Maclin
3032,Macpherson
6391,Madden
3033,Maddox
6328,Maddy
3034,Madise
3035,Madison
7408,Madrid
7409,Madrigal
3037,Madsen
3038,Madu
193,Madubuike
5775,Mady
3040,Maehl
3041,Maese
8931,Mafah
8522,Mafe
8710,Mafi
3044,Magee
5928,Mager
8273,Maggio
6070,Maggitt
8791,Maginn
201,Magnifico
6832,Magnuson
8824,Magoolaghan
7693,Maguire
3047,Mahaffey
3048,Mahan
8466,Mahar
3049,Mahdavi
3050,Mahe
3051,Mahelona
7141,Maher
8242,Mahi'ai
9083,Mahogany
6585,Mahomes
7043,Mahon
6071,Mahone
6781,Mahoney
3054,Maiava
7950,Maier
8531,Maijeh
6981,Mailata
8093,Main
7458,Major
9203,Majors
3057,Makovicka
3058,Malast
7160,Maldonado
3059,Malecki
8376,Malepeai
7882,Malik
3060,Mallard
6390,Malleck
3062,Mallett
7694,Mallory
7695,Malloy
3065,Malone
7190,Maloney
399,Maluia
6870,Malveaux
6603,Mama
3067,Mamula
6724,Mancuso
6167,Mancz
3068,Manderino
3069,Maneri
7094,Mangen
8905,Mangham
3072,Mangold
3074,Mangum
6526,Manhertz
3075,Mankins
3076,Manley
3077,Mann
3078,Mannelly
3079,Manning
3080,Manningham
5929,Mannion
7696,Mansfield
8904,Manu
3082,Manuel
3083,Manumaleuna
3084,Manupuna
3085,Manusky
3086,Manuwai
5712,Manziel
7997,Manzo
7031,Manzo-Lewis
5637,Mapa
8750,Maples
5574,Maponga
8777,Mapu
8377,Marable
3089,Maragos
5638,Maramarosa
9226,Maranges
7941,Marc
6422,March
6989,March-Lillard
3093,Marciano
6337,Marcordes
7697,Marcum
7698,Marcus
3096,Mare
3097,Marecic
7880,Mares
3099,Mariani
3100,Marino
3101,Marion
5930,Mariota
7941,Mark
3105,Markham
3106,Marks
8820,Markuck
206,Markway
3108,Marler
8045,Marlow
6267,Marlowe
3109,Maroney
5931,Marpet
6213,Marquez
7459,Marrero
3112,Marriott
3113,Marrow
3115,Marsh
3116,Marshall
3119,Marten
3121,Martin
9152,Martin-Robinson
8243,Martindale
3122,Martinek
3123,Martinez
7059,Martini
5932,Martino
3124,Marts
7048,Marvin
7032,Marx
3126,Maryland
6851,Marz
5667,Masifilo
3129,Maslowski
3130,Mason
3133,Massaquoi
3135,Massey
3136,Massie
7699,Mast
7523,Masters
8160,Masterson
3137,Masthay
3138,Mastrud
6908,Mata afa
6908,Mata'afa
6298,Matakevich
9252,Matavao
9022,Mateer
7989,Mateo
7982,Mathew
3145,Mathews
5601,Mathieu
3143,Mathis
5933,Matias
8285,Matiscik
8115,Matlock
7460,Matos
8135,Matson
9233,Matthew
3145,Matthews
7867,Mattingly
3147,Mattison
7700,Mattson
6348,Matungulu
3152,Maualuga
8705,Mauch
3153,Mauck
3154,Mauga
6819,Mauger
3155,Mauia
210,Mauigoa
5934,Mauldin
6806,Maulet
7461,Maurer
5935,Mauro
9230,Mausi Jr.
5589,Mauti
3157,Mawae
3158,Maxey
3161,Maxwell
6725,May
3163,Mayberry
3164,Maybin
214,Mayden
6322,Maye
3167,Mayer
3168,Mayes
6890,Mayfield
3169,Mayle
3170,Maynard
3172,Mayo
5768,Mayowa
3173,Mays
5512,Maysonet
3174,Maze
5529,Mazza
9180,Mbow
6132,Mbu
3177,McAddley
3178,McAdoo
3179,McAfee
3180,McAlister
3180,McAllister
8104,McArthur
9164,McAtamney
3181,McBath
3182,McBean
3183,McBriar
3184,McBride
3185,McBurrows
7192,McCabe
3187,McCadam
3189,McCaffery
3189,McCaffrey
3190,McCain
5513,McCalebb
6196,McCalister
6726,McCall
3194,McCann
3195,McCants
3196,McCardell
3197,McCareins
3198,McCargo
5713,McCarron
3200,McCarthy
8001,McCartney
6782,McCarty
6801,McCaskill
3202,McCauley
3204,McChesney
3205,McClain
8378,McClain-Sapp
6072,McClam
10,Mcclease
3209,McClellan
7952,McClelland
3210,McClellin
3211,McClendon
3214,McCleod
3212,McCleon
3213,McCleskey
3214,McCloud
3215,McClover
3216,McClung
3217,McClure
3218,McCluster
6420,Mccoil
9145,McCollough
3219,McCollum
9084,McConkey
6783,McConnell
3221,McCoo
3222,McCord
7701,McCormack
6727,McCormick
8621,McCourt
3226,McCourty
3227,McCown
3228,McCoy
7702,McCracken
8379,McCrae
7047,McCrane
3229,McCrary
9189,McCrary-Ball
3230,McCray
8541,McCreary
3231,McCree
5714,McCullers
8884,McCulley
3235,McCullough
3236,McCullum
3238,McCune
8122,McCurdy
3241,McCutcheon
3242,McDaniel
3243,McDaniels
5734,McDermott
3244,McDonald
3245,McDonnell
7524,McDonough
3246,McDougal
5755,McDougald
3247,McDougle
6561,McDowell
3249,McDuffie
3252,McElmurry
3253,McElrath
3254,McElroy
6415,McEvoy
3256,McFadden
3257,McFarland
3258,McFoy
3260,McGahee
8457,McGann
3261,McGarigle
3262,McGarity
3263,McGarrahan
7247,McGary
3266,McGee
6073,McGhee
5576,McGhin
3268,McGill
3269,McGinest
7369,McGinnis
6889,McGlinchey
7132,McGlinn
3270,McGlockton
5746,McGloin
7070,McGloster
9122,McGlothern
3271,McGlynn
8956,McGohan
6979,McGough
6312,McGovern
3273,McGowan
3274,McGrath
3275,McGraw
7703,McGregor
3276,McGriff
8380,McGrone
7369,McGuinness
6676,McGuire
3278,McHugh
3279,McIlwain
3280,McIntosh
3281,McIntyre
3282,McIver
6074,McKay
3283,McKee
3284,McKelvin
7365,McKenna
3285,McKenzie
216,McKeon
8605,McKethan
7100,McKever
3286,McKie
3287,McKillop
3288,McKinley
3289,McKinney
3290,McKinnie
3291,McKinnon
9085,McKinstry
6371,McKinzy
6376,McKissic
8381,McKitty
217,McKivitz
3292,McKnight
3228,McKoy
9086,McLachlan
7704,McLain
3295,McLaughlin
7274,McLaurin
6784,McLean
3298,McLendon
6392,McLennan
3299,McLeod
3300,McMahan
3301,McMahon
3302,McManis
3303,McManus
8382,McMath
3304,McMichael
3305,McMillan
3305,McMillian
3306,McMillon
8758,McMorris
3307,McMullen
3308,McNabb
3309,McNair
7705,McNally
7377,McNamara
5780,McNary
3311,McNeal
3312,McNeil
3312,McNeill
6620,McNichols
7033,McNitt
3314,McNown
8019,McNulty
3316,McNutt
3318,McPhearson
3319,McPhee
8463,McPherron
3320,McPherson
8244,McPrescott
3321,McQuaide
3322,McQuarters
6685,McQuay
7462,McQueen
3324,McQuistan
3230,Mcrae
3326,McRath
6319,McRoberts
8245,McRoy
7235,McSorley
3328,McSurdy
8280,McSwain
8246,McTavich
3330,McTyer
3332,McWilliams
3333,Meachem
7800,Mead
7800,Meade
5562,Meadors
3335,Meadows
3336,Mealey
7012,Meander
3337,Means
3338,Meatoga
3339,Mebane
3340,Mecklenburg
7706,Medeiros
6109,Meder
6728,Medina
7998,Medley
3341,Medlin
3342,Medlock
9191,Medrano
7905,Meehan
7872,Meek
5614,Meeks
3343,Meers
3344,Meester
3345,Meggett
3346,Megna
3348,Mehlhaff
3349,Meier
8383,Meinerz
8975,Mejia
5548,Mekari
7836,Melendez
6567,Melifonwu
5522,Mellette
9251,Mellott
8872,Mellusi
3354,Melton
5754,Melvin
9190,Membou
3355,Mendenhall
6729,Mendez
3356,Mendoza
8384,Menet
8385,Menges
3357,Menkin
3358,Menzie
3359,Merandi
7169,Mercer
7898,Merchant
3362,Mercilus
3363,Meredith
3366,Meriweather
3367,Merling
3368,Merriam
8247,Merrick
7175,Merrill
3371,Merriman
3372,Merritt
9213,Merriweather
8899,Mertz
7175,Meryl
3374,Merz
8008,Mesa
3375,Mesko
7463,Messer
5686,Messina
3376,Metcalf
8576,Metchie
221,Metellus
3378,Metropulos
5715,Mettenberger
7464,Metz
8651,Metzelaars
7465,Metzger
8542,Mevis
5716,Mewhort
6075,Meyer
6793,Meyers
5516,Michael
7707,Michaels
7884,Michaud
6892,Michel
6892,Michelle
3384,Mickell
3385,Mickens
3387,Middlebrooks
3388,Middleton
6223,Mihalik
3390,Mihlhauser
3392,Mikell
6645,Milano
3393,Milanovich
3394,Milburn
3395,Miles
6400,Milhouse
3397,Mili
5936,Millard
3398,Miller
6866,Milligan
3399,Milliner
3402,Milloy
3403,Mills
3405,Milne
3406,Milner
8908,Milroe
3408,Milstead
6076,Milton
9184,Milum
3410,Mims
3411,Mincey
3412,Mincy
3420,Miner
3413,Mines
5572,Mingo
3420,Minner
3417,Minnich
3418,Minnifield
3419,Minnis
3420,Minor
7242,Minshew
3421,Minter
7992,Minton
8386,Mintze
3424,Miranda
3425,Miree
3426,Mirer
3427,Misi
3428,Missouri
3430,Mitchel
3430,Mitchell
3431,Mitrione
3432,Mix
3433,Mixon
8181,Mize
6810,Mizzell
3436,MLB
3437,Moala
3438,Moats
3439,Mobley
3440,Moch
7708,Mock
8879,Mockobee
5937,Moe
3441,Moeaki
8387,Moehrig
7970,Moeller
8839,Moeung
8291,Moffatt
3442,Moffett
3442,Moffit
3442,Moffitt
3443,Mohamed
3444,Mohr
7028,Mokofisi
224,Molchon
3446,Molden
8978,Molina
3449,Molinaro
3450,Molk
3451,Moll
225,Molson
5938,Momah
8248,Mon
7709,Monahan
8920,Monangai
5717,Moncrief
464,Mond
6345,Monday
8293,Mondeaux
3454,Mondek
8999,Mondon
3456,Monds
5549,Mone
3457,Money
9185,Monheim
3458,Monk
3459,Monroe
3461,Montana
7710,Montanez
7410,Montano
7077,Montelus
7711,Montero
7837,Montez
3462,Montgomery
8127,Montiel
3464,Monty
3465,Moody
3466,Moon
5769,Mooney
3467,Moore
3467,Moore Jr.
3469,Moorehead
3471,Moorman
3472,Morales
3473,Moran
3474,Morant
6622,Moreau
3475,Moreland
3476,Morency
3477,Moreno
8683,Moreno-Cropper
3478,Morey
3479,Morgan
7202,Morin
3480,Morley
8942,Morlock
3481,Mormino
3482,Moronkola
3483,Morrah
3484,Morris
3485,Morrison
8009,Morrissey
3486,Morrow
3487,Morse
3488,Morstead
3489,Morton
8654,Mosby
7008,Moseley
6077,Mosely
7191,Moser
3493,Moses
7712,Mosher
3494,Mosley
3495,Moss
6110,Mostert
7946,Mota
3496,Moten
3438,Motes
229,Motley
6586,Moton
7713,Mott
5616,Motta
7057,Motuapuaka
3500,Moulds
3501,Moulton
8799,Moultrie
6227,Mount
3504,Mouton
7714,Moya
5750,Moye
6785,Moyer
3506,Mruczkowski
5939,Muamba
9087,Muasau
3509,Muckelroy
6730,Mueller
3511,Mughelli
3512,Muhammad
3513,Muhlbach
3514,Muir
8388,Mukuamu
9004,Mukuba
3515,Muldrow
3516,Mulitalo
6786,Mullen
7134,Mullens
6730,Muller
3517,Mulligan
9225,Mullings
6079,Mullins
5764,Mulumba
8532,Muma
8684,Mumpfield
5940,Mumphery
6862,Mundt
3523,Mundy
8389,Munford
3524,Mungro
3525,Munnerlyn
6411,Munoz
6833,Munson
6120,Munyer
233,Murchison
3528,Murdock
6080,Murphey
3530,Murphy
8215,Murphy-Bunting
3531,Murray
3532,Murrell
3533,Murtha
8120,Muse
8693,Musgrave
9088,Mustapha
3539,Mustard
5538,Mustipher
7038,Mutcherson
234,Muti
8485,Myarick
3540,Myers
3541,Myles
8209,Myres
6081,Myrick
3542,Myslinski
3543,Naanee
482,Nabers
6846,Nacua
3544,Nading
3545,Naeole
7911,Nagel
8390,Naggar
3547,Nagy
8577,Nailor
3548,Nails
5941,Najvar
3549,Nakamura
3550,Nalbone
3551,Nalen
3552,Nall
410,Namath
3554,Nance
3555,Nande
7715,Napier
8249,Napolitano
6082,Narcisse
9144,Narveson
3557,Nash
8391,Nasirildeen
5500,Nassib
3558,Natkin
6821,Natson
3559,Nattiel
7297,Nauta
3560,Navarre
8976,Navarro
6731,Nawrath
8250,Nayln
7716,Naylor
8739,Nchami
3562,Ndukwe
3563,Neal
6083,Nealy
6841,Neary
6324,Neasman
3564,Neblett
3565,Nece
3566,Nedney
7052,Needham
7411,Neely
7525,Neff
5942,Neighbors
3567,Neil
3568,Neild
3569,Neill
8709,Neilon
3570,Nelms
3571,Nelson
6379,Nembot
3573,Nerys
3574,Nesbit
3575,Nesbitt
3576,Ness
8724,Nester
8392,Nestrowitz
5651,Netter
3577,Neufeld
3578,Neujahr
8393,Neuzil
3583,Nevis
8184,New
3584,Newberry
7939,Newcomb
3585,Newcombe
3587,Newell
3588,Newhouse
3589,Newkirk
3590,Newman
8578,Newman-Johnson
3591,Newsome
3592,Newson
3593,Newton
8902,Neyor
6259,Ngakoue
3595,Ngata
3596,Nguyen
235,Niang
3599,Nicholas
6732,Nichols
3600,Nicholson
8950,Nickel
3602,Nickerson
3603,Nickey
3604,Nicks
6198,Nicolas
3606,Nielsen
3606,Nielson
7054,Niemann
3608,Nienhuis
9143,Niese
7349,Nieto
7339,Nijman
5718,Niklas
3610,Niklos
3612,Nimmo
8946,Nimrod
3613,Ninkovich
3615,Nissley
8295,Niswander
3616,Niswanger
3617,Nitschke
3618,Nix
3619,Nixon
8479,Nizialek
6557,Njoku
9130,Njongmeta
3620,Nkang
7120,Nkansah
6178,Nkemdiche
3621,Nkwenti
3622,Nnabuife
6894,Nnadi
3623,Noble
8072,Nobles
3625,Noel
6615,Noil
3626,Nolan
8987,Noland
3626,Nolen
8040,Noonan
3629,Nordin
7909,Noriega
3630,Norman
9210,Norman-Lott
3632,Norris
6347,North
3633,Northcutt
3635,Northern
3636,Northrup
3637,Nortman
3638,Norton
8296,Norton Jr
5943,Norwell
3640,Norwood
6903,Noteboom
9089,Nourzad
3642,Novak
8627,Novil
5786,Nowak
8852,Nowaske
3644,Nsekhe
3645,Nua
9090,Nubin
3646,Nugent
3647,Null
8150,Nunes
7161,Nunez
6186,Nunez-Roches
6084,Nunley
7214,Nunn
8896,Nussmeier
3651,Nutten
5944,Nwachukwu
3652,Nwagbuo
9000,Nwakpa
3653,Nwaneri
8394,Nwangwu
7073,Nwokeji
3654,Nwokorie
6898,Nwosu
8157,Nye
3655,Nzegwu
6192,Nzeocha
6538,O Malley
3662,O'Brien
3663,O'Callaghan
3665,O'Connell
7219,O'Connor
6988,O'Daniel
7184,O'Dell
3671,O'Donnell
3672,O'Dowd
3675,O'Dwyer
8965,O'Gallagher
236,O'Grady
3692,O'Hara
3708,O'Leary
6990,O'Malley
3724,O'Neal
3724,O'Neil
3724,O'Neill
8165,O'Reilly
5951,O'Shaughnessy
3752,O'Sullivan
6374,O'Toole
7717,Oakes
3656,Oakley
6317,Oakman
8149,Oates
7142,Obada
7023,Obasuyi
3657,Oben
3659,Obi
8926,Obiazor
3660,Obiozor
3661,Obomanu
5639,Obregon
6316,Ochi
7838,Ochoa
3667,Octavien
3668,October
6664,Odenigbo
8395,Odeyingbo
6294,Odhiambo
5945,Odighizuwa
3670,Odom
3673,Odrick
9151,Odukoya
7089,Odum
9091,Odunze
3676,Ofenheusle
3677,Office
7065,Officer
3678,Offord
8251,Offset
3679,Ofodile
6154,Ogbah
3680,Ogbogu
8396,Ogbongbemiga
5640,Ogbonna
3681,Ogbonnaya
8533,Ogbonnia
3682,Ogbu
5946,Ogbuehi
3684,Ogden
3686,Ogle
3687,Oglesby
3688,Ogletree
6652,Ogunbowale
8397,Ogundeji
6572,Ogunjobi
3690,Ogunleye
7718,Oh
3691,Ohalete
3693,Oher
3694,Ohrnberger
8579,Ojabo
7526,Ojeda
248,Ojemudia
3695,Ojinnaka
3696,Ojomo
8769,Ojukwu
8398,Ojulari
8861,Okada
3699,Okafor
3697,Okam
3698,Okanlawon
3699,Okeafor
7719,OKeefe
7272,Okereke
6121,Okine
8611,Okonkwo
6884,Okorafor
5947,Okoro
6885,Okoronkwo
3700,Okoye
3701,Okpokowuruk
8655,Okuayinonu
378,Okudah
3702,Okung
5641,Okuyemi
6343,Okwara
3703,Okwo
22,Okwuegbunam
5948,Ola
9092,Oladapo
9227,Oladejo
8614,Oladokun
8580,Olaseni
6122,Olatoye
8504,Olave
5663,Olawale
3706,Oldenburg
3707,Oldham
7466,Oliva
3713,Olivea
7720,Oliveira
3715,Oliver
7340,Ollison
249,Olonilua
3717,Olsen
3718,Olshansky
3719,Olson
5556,Olszewski
8802,Olubi
7010,Olumba
6978,Oluokun
8716,Oluwatimi
7412,Olvera
7721,OMalley
5773,Omameh
7264,Omenihu
3720,Omiyale
3721,Omon
3723,Onatolu
3728,Onobun
8660,Onujiogu
254,Onwenu
6845,Onwualu
6540,Onwuasor
8399,Onwuzurike
6290,Onyemata
3730,Oordt
7115,Opara
7341,Opeta
7053,Oplinger
5949,Opurum
3731,Orakpo
5950,Orchard
7722,Ordonez
9093,Orhorhoro
8770,Orji
8117,Orlando
6605,Orlosky
3736,Orlovsky
6616,Orndoff
3737,Ornstein
7723,ORourke
3739,Orr
3740,Ortega
6690,Ortiz
3741,Orton
7278,Oruwariye
5555,Orzech
3769,Osborn
3742,Osborne
3744,Osemele
3745,Osgood
3746,Oshinowo
3748,Osika
8797,Osling
7055,Ossai
3750,Ostergaard
6947,Ostman
3751,Ostrowski
3753,Osweiler
3754,Otah
7467,Otero
3755,Otis
8534,Otomewo
6548,Ott
5539,Otten
3755,Ottis
3756,Otto
8505,Otton
9217,Ouzts
6823,Overbaugh
3758,Overbay
3759,Overhauser
8743,Overshown
3760,Overstreet
3761,Overton
8400,Oweh
6733,Owen
3762,Owens
3763,Owusu
3764,Owusu-Ansah
8401,Owusu-Koramoah
7295,Ozigbo
3767,Ozougwu
3768,P
3769,Pace
8581,Pacheco
7724,Pack
7350,Padgett
8974,Padilla
6734,Padrino
3770,Paea
5952,Pagan
3772,Page
3773,Pagel
3774,Paige
3775,Paige-Moss
8713,Paillant
3776,Painter
3778,Pakulak
6873,Palacio
6417,Palardy
8808,Palczewski
3780,Palelei
3781,Palepoi
3782,Palko
7468,Palma
3783,Palmer
8052,Palmore
5953,Pamphile
8105,Pan
9186,Pancol
6659,Pankey
3785,Panos
5781,Pantale
3788,Pape
8745,Pappoe
8949,Parachek
5954,Paradis
7413,Paredes
6085,Parham
7725,Paris
3802,Parish
6735,Park
3790,Parker
5955,Parkey
257,Parkinson
3791,Parks
3792,Parmalee
3793,Parmele
3794,Parmer
5565,Parms
3795,Parnell
3798,Parquet
7726,Parr
3800,Parrella
6970,Parris
3802,Parrish
7988,Parrott
3803,Parry
3804,Parson
3805,Parsons
6850,Pascal
3808,Paschal
3809,Pascoe
3810,Pashos
5669,Pasztor
3812,Patchett
6691,Patel
3813,Pathon
7469,Patino
3814,Patmon
3815,Patrick
3817,Patten
3818,Patterson
3820,Patton
3821,Paul
3822,Paulescu
8955,Pauling
3823,Paulk
259,Paulo
3824,Paulsen
3825,Paulson
3826,Paup
9018,Pavia
3827,Pawelek
3828,Paxson
3829,Paxton
8402,Paye
3830,Paymah
3831,Payne
3832,Paysinger
3833,Payton
5559,Peace
7527,Peacock
3835,Pead
6261,Peake
8909,Pearce
3840,Pearcy
9120,Pearl
3842,Pearman
3843,Pears
9094,Pearsall
3844,Pearson
263,Peart
8079,Pease
5956,Peat
265,Pechin
3845,Peck
3846,Pederson
9262,Peebles
3847,Peek
3848,Peelle
3850,Peerman
3851,Peete
8606,Peevy
3852,Pegues
3854,Peko
3855,Pelfrey
3856,Pellerin
6836,Pelon
3859,Pelshak
3860,Pemberton
7164,Pena
8161,Pence
3862,Pendleton
267,Penisini
9095,Penix
3863,Penn
5957,Pennel
8506,Penning
3864,Pennington
6828,Penny
6813,Penton
7727,Peoples
14,Peoples-Jones
6855,Pepper
3866,Peppers
3867,Peprah
7839,Peralta
7728,Perdue
5642,Perez
5958,Perillo
6582,Perine
3869,Perkins
3870,Perrilloux
5959,Perriman
7014,Perrizo
3871,Perry
5960,Perryman
3872,Person
3873,Pestock
3874,Peter
3875,Peterman
3876,Peters
3877,Peterson
8582,Petit-Frere
3878,Petitgout
3880,Petrowski
8403,Petrula
3881,Petrus
6351,Petteway
3883,Pettigrew
3885,Pettis
7729,Pettit
3886,Pettrey
9003,Pettus
3887,Pettway
3888,Petty
7976,Pfeiffer
8983,Pham
8853,Pharms
6086,Phelps
3891,Phenix
3892,Phifer
3893,Philip
9234,Philips
6087,Phillip
3895,Phillips
5961,Philon
3896,Philyaw
8404,Philyor
3897,Phinisee
7528,Phipps
9020,Phommachanh
8842,Phung
3898,Pianalto
3900,Pickens
8005,Pickering
3901,Pickett
3902,Pidgeon
3903,Pierce
6183,Pierre
5962,Pierre-Louis
3907,Pierre-Paul
7252,Pierschbacher
3909,Pierson
7112,Pierson-El
268,Pifer
8795,Pihlstrom
3911,Pike
3912,Pilares
3913,Pile
3914,Pilgrim
8789,Pili
3915,Pimentel
7414,Pina
6736,Pineda
6971,Pineiro
5963,Pinion
6863,Pinkard
6291,Pinkins
3918,Pinkney
3919,Pinkston
3920,Pinner
3921,Pinnock
3922,Pino
269,Pinter
7529,Pinto
7530,Piper
6665,Pipkin
6854,Pipkins
3924,Pippens
3925,Piscitelli
3926,Pitcock
3927,Pitoitua
8543,Pitre
3929,Pitta
3930,Pittman
3931,Pitts
9005,Pius
3932,Placeholder
3933,Plackemeier
7730,Platt
3936,Player
3937,Pleasant
3938,Plummer
459,Plunkett
3939,Pochman
3940,Pociask
6590,Pocic
3941,Podlesh
8761,Podlesny
3942,Poe
6835,Poehls
3945,Poindexter
3946,Pointer
8941,Poitier
8544,Pola-Mao
3947,Polamalu
7470,Polanco
8405,Poland
9211,Pole
3948,Poli-Dixon
6980,Poling
3949,Polite
8406,Poljan
3950,Polk
3951,Pollack
3952,Pollak
3953,Pollard
3954,Polley
7531,Pollock
3955,Polumbus
3958,Ponder
3960,Pontbriand
3962,Pool
3963,Poole
3964,Pope
5685,Popek
3965,Poppinga
3966,Porcher
3968,Porter
3969,Portilla
3970,Portis
6737,Porton
3972,Posey
3973,Posluszny
7532,Post
3975,Poteat
8629,Potoa'e
3978,Potter
6787,Potts
3980,Pouha
3981,Poujade
3982,Pouncey
3984,Pounds
3985,Pourdanesh
5964,Poutasi
3986,Powe
3987,Powell
8988,Powell-Ryland
7887,Power
3989,Powers
9096,Powers-Johnson
3990,Powlus
5596,Poyer
7533,Prado
3991,Prall
3992,Prater
3993,Prather
6245,Pratt
3995,Prefontaine
3997,Prentice
7255,Prescod
6123,Prescott
6867,President
3998,Presley
3999,Pressley
4000,Preston
8785,Previlon
6088,Prewitt
4002,Price
271,Pride
9177,Priebe
8958,Prieskorn
7883,Priest
6089,Priester
6738,Prince
6944,Pringle
4005,Pringley
4006,Printers
4007,Prioleau
4008,Pritchard
4009,Pritchett
4010,Procell
272,Proche
4011,Procter
4011,Proctor
4012,Proehl
5965,Prosch
4015,Prosinski
6153,Prosise
8833,Provo
4016,Provost
4017,Pruce
4018,Prude
4020,Pruitt
4022,Pryce
4023,Pryor
5643,Puamau
7362,Puckett
7873,Puente
4025,Pugh
6189,Pughsley
7085,Pujals
7731,Pulido
6200,Pullard
6368,Pulley
6602,Pumphrey
8840,Punga
9097,Puni
4027,Purcell
9206,Purchase
4029,Purdum
7732,Purdy
5966,Purifoy
4030,Purnell
4031,Purvis
7733,Putnam
7007,Putu
8623,Pututau
4032,Putzier
4033,Pyatt
6635,Pyke
7734,Pyle
4034,Pyne
4035,QB
4036,Quaccia
6577,Qualls
4038,Quarles
4038,Quarless
4040,Quarshie
273,Quarterman
7735,Queen
7090,Queiro
5544,Quessenberry
4042,Quick
6229,Quigley
4045,Quin
4045,Quinn
7840,Quintero
8583,Quitoriano
6140,Qvale
4046,Rabach
4048,Rabb
4049,Rabe
4050,Rachal
4051,Rackers
4052,Rackley
4054,Rader
8074,Radford
8783,Radley-Hiles
4056,Radovich
8407,Radunz
4057,Radway
4058,Rafferty
8408,Ragas
4059,Ragland
6886,Ragnow
8144,Ragsdale
7736,Rahman
8523,Raimann
8409,Raine
4061,Rainer
6672,Raines
4062,Rainey
4064,Raiola
4065,Raji
9098,Rakestraw
8137,Ralston
4067,Rambo
6558,Ramczyk
7030,Ramesh
7534,Ramey
4069,Ramirez
6692,Ramos
4071,Ramsay
4071,Ramsey
6739,Ramsour
4074,Randall
4075,Randle
4076,Randle El
6788,Randolph
4079,Rankin
6288,Rankins
9187,Ransaw
4080,Ransom
7319,Rapp
4083,Rasby
9015,Rashada
4084,Rashed
4084,Rasheed
4085,Rasmussen
4086,Rathman
8489,Ratkovich
9001,Ratledge
6977,Ratley
4087,Ratliff
7294,Ratliff-Williams
4089,Rattay
8449,Rattler
5665,Rau
4091,Ravitz
7342,Rawlings
5967,Rawls
4092,Ray
4093,Rayburn
5756,Rayford
9119,Raym
4094,Raymer
4095,Raymond
4096,Rayner
9041,Raynor
4098,RE
7892,Rea
7737,Read
6311,Reader
7738,Reagan
4102,Reagor
7929,Reardon
5968,Reaser
6314,Reaves
4145,Reavis
277,Rechsteiner
4105,Rector
4106,Redd
4107,Reddick
4108,Redding
8114,Reddy
6416,Redfern
6627,Redfield
4109,Redman
4110,Redmon
4111,Redmond
7282,Redwine
4112,Redziniak
4117,Reece
4114,Reed
7739,Reeder
6090,Reedy
4117,Rees
4117,Reese
6530,Reeshad
4119,Reeves
6669,Reeves-Maybin
7535,Regan
4121,Regis
4124,Rehberg
9141,Rehkow
8082,Reich
9099,Reichard
4125,Reid
4126,Reiff
4127,Reilly
9100,Reiman
8846,Reinbolt
4129,Reinhart
4130,Reis
4131,Reisner
6214,Reiter
4132,Reitz
8688,Remigio
5680,Remmers
7471,Rendon
4135,Renes
6805,Renew
5503,Renfree
6868,Renfro
7245,Renfrow
4137,Renkart
5969,Renner
7357,Renteria
6628,Replogle
8943,Restrepo
4140,Retkofsky
9016,Retzlaff
4141,Reuber
4142,Reuland
9173,Revel Jr.
4145,Revis
4146,Rey
4147,Reyes
6091,Reyna
4149,Reynaud
4150,Reynolds
7537,Reynoso
4151,RG
6278,Rhaney
8455,Rhattigan
4152,Rheem
4153,Rhett
4154,Rhinehart
7740,Rhoades
4155,Rhoads
4155,Rhodes
9242,Rhyan
4156,Ricard
282,Ricci
4157,Rice
4158,Rich
4159,Richard
4160,Richards
4161,Richardson
4162,Richart
5719,Richburg
4164,Richey
4165,Richie
9218,Richman
4166,Richmond
7198,Richter
8084,Ricketts
4168,Ricks
7383,Rico
7741,Ridder
4171,Riddick
4172,Riddle
4173,Rideau
7741,Rider
4174,Ridgeway
4175,Ridley
4176,Riemersma
9137,Rigby
8146,Riggins
6159,Riggs
6092,Riles
4179,Riley
4180,Rimpf
7742,Rincon
4181,Rinehart
7743,Ring
4182,Ringer
6208,Ringo
6869,Rios
5970,Ripkowski
8870,Rising
7246,Risner
4185,Rison
4186,Ritchie
7172,Ritter
4188,Ritzmann
4189,Rivera
8465,Rivero
4191,Rivers
7744,Rizzo
4192,Roach
4193,Roaf
4194,Roan
7918,Roark
8025,Robb
4197,Robbins
4198,Roberg
4199,Roberson
8152,Robert
4200,Roberts
4201,Robertson
6344,Robertson-Harris
6130,Robey
6996,Robey-Coleman
8918,Robichaux
4204,Robinson
7036,Robinson-Woodgett
4205,Robiskie
4206,Robison
7745,Robledo
7841,Robles
4209,Roby
4210,Rocca
7746,Roche
6606,Rochell
6093,Rock
8130,Rockwell
4212,Rodd
9043,Rodemaker
4213,Rodenhauser
4214,Rodgers
4215,Rodgers-Cromartie
4216,Rodriguez
4259,Roe
4217,Roehl
7343,Roemer
4218,Roethlisberger
4214,Rogers
7095,Roh
379,Rohrwasser
7229,Rojas
4221,Roland
9133,Roland-Wallace
8016,Roldan
6948,Rolland-Jones
4224,Rolle
5971,Rollins
4225,Roman
7207,Romano
4227,Romanowski
4228,Romberg
6380,Rome
4232,Romero
4233,Romeus
4234,Romo
4236,Rone
5972,Rooks
7747,Rooney
4237,Roos
4238,Roosevelt
7472,Root
4239,Roper
4240,Roque
7843,Rosa
7368,Rosado
7842,Rosales
4241,Rosario
7223,Rosas
4242,Rose
6094,Rosemond
6887,Rosen
7380,Rosenberg
4244,Rosenfels
9101,Rosengarten
7748,Rosenthal
8888,Rosiek
4245,Ross
8989,Ross-Simmons
7382,Rossi
6740,Rossouw
4247,Rossum
4249,Roth
284,Rothe
7001,Rotimi
4253,Rouen
6640,Roullier
4254,Roundtree
4254,Rountree
8849,Rourke
4255,Rouse
6740,Rousseau
4256,Roussel
4257,Route
4258,Routt
7966,Rowan
4259,Rowe
7749,Rowell
6095,Rowland
7750,Rowley
4261,Roy
4262,Royal
4263,Royals
4264,Roye
8841,Royer
4265,Royster
481,Rozeboom
4267,RT
4268,Rubin
4269,Rubio
4270,Rucci
4271,Rucker
8507,Ruckert
4272,Rudd
4273,Ruddy
6144,Rudock
4274,Rudolph
4275,Ruegamer
4277,Ruff
4278,Ruffin
8410,Rugamba
8252,Ruggins
6688,Ruggs
4280,Ruhman
6686,Ruiz
4282,Rumph
4283,Running
4284,Runyan
9253,Runyon
8607,Rupcich
6535,Rush
4286,Rushing
8447,Rusnak
4287,Russ
4288,Russell
8618,Russey
6741,Russo
8163,Rust
8448,Rustin
8448,Ruston
7869,Ruth
4289,Rutherford
4290,Rutland
4291,Rutledge
471,Rutter
4292,Ruud
4293,Ryan
4294,Ryans
7741,Ryder
8762,Ryland
7233,Rypien
7751,Saavedra
8995,Sabb
4296,Sabri
4298,Saddler-McQueen
7538,Sadler
4301,Saffold
8102,Sagapolu
7227,Sahara
8411,Sails
4303,Saine
9102,Sainristil
4306,Salaam
7146,Salako
4307,Salas
4308,Salave'a
6742,Salazar
7752,Salcedo
8722,Saldiveri
4309,Saleh
7844,Salgato
8970,Salinas
8063,Salisbury
4311,Salley
7916,Salmon
7903,Salter
8066,Salvador
7213,Salvo
8524,Salyer
4312,Sam
9103,Samac
5973,Sambrailo
8461,Sami
7263,Samia
5974,Sample
4313,Sampson
4314,Sampy
4315,Sams
4316,Samuda
4317,Samuel
8440,Samuel Jr
4318,Samuels
8253,Samuelson
4319,Sanborn
4320,Sanchez
4322,Sander
4323,Sanders
4324,Sanderson
4325,Sandidge
6268,Sandland
7163,Sandoval
4327,Sands
4328,Sandy
4329,Sanford
8911,Sanker
5729,Sankey
7861,Sankoh
7155,Santana
4332,Santi
4333,Santiago
5975,Santos
7079,Santoso
4335,Santucci
4336,Sanu
4337,Sanzenbacher
4338,Sape
4341,Sapp
8412,Sarell
7359,Sargent
8474,Sarria
4346,Sartin
4347,Sash
5976,Sasser
8952,Sategna
4348,Satele
7963,Satterfield
4349,Saturday
6618,Saubert
4350,Sauer
4351,Sauerbrun
9220,Sauls
4352,Saulsberry
4353,Saunders
4354,Sauter
4355,Savage
9178,Savaiinaea
5682,Savoie
8254,Savoy
8897,Sawchuk
4357,Sawyer
5977,Saxton
4359,Sayers
8914,Sayin
6814,Sayles
7753,Saylor
4360,Scaccia
4361,Scafe
4362,Scaife
6176,Scales
4364,Scandrick
4365,Scantlebury
8139,Scarborough
6937,Scarbrough
6418,Scarlett
4370,Schable
4371,Schackleford
4373,Schaefer
4372,Schaefering
4373,Schaffer
9034,Schager
4374,Scharff
7248,Scharping
4375,Schau
4376,Schaub
4377,Scheffler
8067,Schell
5978,Scherff
6243,Scheuerman
4382,Schifino
4383,Schilens
5660,Schiller
4384,Schilling
4385,Schillinger
4386,Schlauderaff
4387,Schlegel
4388,Schlereth
4389,Schlesinger
7046,Schleuger
7039,Schlottmann
4390,Schlueter
4393,Schmidt
4393,Schmitt
7415,Schmitz
4394,Schneck
6743,Schneider
4397,Schobel
6155,Schobert
4399,Schofield
4401,Schommer
7803,School
8648,Schooler
6370,Schooley
8700,Schoonmaker
8717,Schott
8255,Schottenheimer
4402,Schouman
7754,Schrader
5760,Schraeder
7221,Schreck
7755,Schreiber
4405,Schroeder
8113,Schubert
4406,Schuening
7896,Schuler
4408,Schulters
6744,Schultz
4409,Schulz
6112,Schum
7416,Schumacher
7756,Schuster
7757,Schwab
4412,Schwartz
4413,Schweigert
6241,Schweitzer
4414,Schwenke
9201,Schwesinger
4416,Scifres
4417,Scioli
4418,Sciullo
8256,Scmyzniak
4419,Scobee
4420,Scott
8929,Scourton
4421,Scroggins
4422,Scruggs
4423,Scukanec
7758,Seals
6613,Seals-Jones
8041,Seaman
5979,Seamster
4425,Searcy
4426,Sears
5720,Seastrunk
7215,Seaton
4428,Seau
4430,Seaverns
4432,Seawright
7959,Seay
7968,Sebastian
4435,Seder
5721,Seferian-Jenkins
8809,Segal
4437,Sehorn
7289,Seibert
4439,Seidman
4441,Seigler
5980,Seisay
8112,Seitz
8182,Selby
8945,Seldon
7539,Self
4443,Sellars
4443,Sellers
8294,Selmon
8845,Selvia
4446,Selvie
8585,Selzner
4447,Semple
6911,Senat
4449,Sendejo
4450,Sendlein
6629,Senior
4452,Senn
4453,Sensabaugh
5675,Sentef
4454,Sepulveda
8258,Sermon
5981,Sermons
7417,Serna
4457,Serwanga
4458,Session
4460,Setterstrom
6891,Settle
4462,Seubert
6231,Seumalo
6320,Severin
4464,Seward
4465,Sewell
6789,Sexton
4467,Seymour
4469,Shabazz
287,Shackelford
4471,Shade
4472,Shaffer
8659,Shaheed
6573,Shaheen
6860,Shakir
9157,Shampklin
8032,Shank
4473,Shanle
6745,Shannon
8865,Shapen
7418,Shapiro
7118,Sharga
4475,Sharon
4476,Sharp
4477,Sharpe
4478,Sharper
4479,Sharpton
5982,Shatley
4480,Shaughnessy
7759,Shaver
9167,Shavers
4482,Shaw
5743,Shazier
4484,Shazor
4485,Shea
4486,Shead
4487,Sheard
7760,Shearer
7370,Sheehan
7017,Sheehy
5525,Sheehy-Guiseppi
4492,Sheets
4493,Sheffield
4494,Shehee
4495,Shelby
4496,Sheldon
6262,Shell
7806,Shelley
7806,Shelly
4500,Shelton
8413,Shelvin
5983,Shembo
13,Shenault
9158,Shenker
4502,Shepard
4503,Shepherd
7041,Shepley
4503,Sheppard
4504,Sherels
7103,Sherfield
7540,Sheridan
9140,Sheriff
4505,Sherman
4506,Sherrell
4506,Sherrill
4507,Sherrod
4508,Sherry
7541,Sherwood
4510,Shiancoe
4511,Shields
6972,Shimonek
7542,Shin
4514,Shipley
7761,Shipman
4516,Shipp
4517,Shirley
6399,Shittu
4518,Shivers
4519,Shoate
4520,Shockey
4521,Shockley
7186,Shoemaker
4523,Shor
4524,Short
8689,Shorter
4527,Shorts
4527,Shorts III
4528,Shotwell
8451,Shough
6194,Showers
9212,Shrader
4531,Shropshire
8586,Shudak
5693,Shugarts
4533,Shuler
7273,Shurmur
4537,Siavii
6608,Sickels
4539,Sicko
4540,Sidbury
4541,Sidney
7063,Sieg
7543,Siegel
6982,Sieler
6177,Siemian
7165,Sierra
5984,Sifrin
9183,Sigle
6382,Sigler
4544,Silatolu
6197,Silberman
4546,Siler
4547,Siliga
7244,Sills
9235,Sills V
9236,Silmon-Craig
4548,Silva
7544,Silver
8771,Silvera
7904,Silverman
4550,Silvers
4551,Silvestro
4554,Simmons
4555,Simms
4556,Simon
4557,Simoneau
7348,Simons
5985,Simonson
4558,Simonton
4559,Simpkins
4560,Simpson
4555,Sims
4561,Sims-Walker
4563,Sinclair
7347,Singer
7159,Singh
4565,Singletary
6746,Singleton
474,Sinnett
9104,Sinnott
4567,Sintim
288,Siposs
4568,Sippio
4569,Siragusa
6164,Sirles
4570,Sirmon
8129,Sisk
4572,Sitton
7473,Sizemore
5584,Sizer
4574,Skaggs
8632,Skalski
8871,Skattebo
4575,Skelton
5986,Skinner
6625,Skipper
4578,Skool
8667,Skoronski
6133,Skov
8414,Skowronek
4580,Skrine
7803,Skule
6384,Skura
4581,Skuta
8028,Slack
4582,Slade
4584,Slate
4585,Slater
4586,Slaton
4587,Slaughter
4588,Slauson
5595,Slay
4586,Slayton
4590,Slechta
8259,Sledge
4591,Sloan
390,Sloman
6849,Sloter
8450,Slovis
4592,Slowey
9037,Sluka
5541,Slye
4593,Small
8124,Smalls
5987,Smallwood
4595,Smart
4595,Smartt
4596,Smeenge
4597,Smelley
5988,Smelter
4599,Smiley
4600,Smith
8415,Smith-Marsette
8666,Smith-Njigba
6569,Smith-Schuster
9105,Smith-Wade
296,Smith-Williams
4604,Smithson
4606,Smoker
4607,Smolko
4608,Smoot
9026,Smothers
6936,Smythe
4610,Snead
4612,Snee
7762,Sneed
4614,Snell
4615,Snelling
8211,Snelson
4616,Snider
8091,Snodgrass
8260,Snoop Dogg
4619,Snow
8416,Snowden
4620,Snyder
4631,So'oto
4621,Sobieski
8417,Soehner
8643,Sokol
6220,Sokoli
4623,Solano
4624,Solder
4626,Soliai
4627,Soliday
8972,Solis
4628,Solomon
6407,Sommers
7353,Song
4632,Sopoaga
4633,Sorensen
4633,Sorenson
4634,Sorgi
7924,Soria
4635,Soriano
5521,Soroh
9169,Sorrell
9017,Sorsby
8779,Sorsdal
7845,Sosa
6747,Soto
7763,Sousa
8261,Sousley
4638,Southerland
5747,Southward
7545,Souza
8772,Sow
4639,Soward
4640,Sowell
4641,Sowells
4642,Spach
5744,Spadola
4643,Spaeth
5989,Spaight
6096,Spain
7764,Spangler
4645,Spann
9116,Spann-Ford
4646,Spanos
4647,Sparks
7765,Spaulding
6901,Speaks
5990,Spear
4649,Spearman
4650,Spears
8587,Spector
7810,Speed
4651,Speegle
9123,Speights
4652,Spellman
4653,Spence
4654,Spencer
4655,Sperry
4657,Spicer
4658,Spidell
8304,Spielman
4659,Spievey
4660,Spikes
7816,Spillane
4661,Spiller
4662,Spillman
4663,Spires
4665,Spitler
4666,Spitz
7474,Spivey
4669,Spoon
4670,Spragan
7546,Sprague
4673,Spriggs
7183,Springer
4674,Springs
6599,Sprinkle
4676,Sproles
6321,Spruce
5991,Spruill
4678,Spurlock
5758,Square
7960,Squires
4680,SS
8306,St-Juste
6928,St. Brown
4681,St. Clair
4682,St. Louis
4686,St.Pierre
4687,Staat
4688,Stablein
414,Stabler
4689,Stachelski
8175,Stack
4690,Stackhouse
5510,Stacy
4692,Stafford
7547,Stahl
4694,Stai
4695,Staley
4696,Stallings
4697,Stallworth
4698,Stamer
8013,Stamper
4699,Stanback
4701,Standeford
4702,Stanford
4703,Stanley
4705,Stanton
4706,Stanzi
6160,Staples
4707,Stapleton
6097,Stark
4709,Starkey
4710,Starks
4711,Starling
7928,Starnes
6236,Starr
5992,Staten
7933,Staton
411,Staubach
7766,Stauffer
6365,Stave
4716,Staymates
6098,Stead
7910,Stearns
4718,Stecker
4720,Steed
4721,Steele
5993,Steen
5688,Steeples
6748,Stein
4724,Steinbach
8101,Steinberg
7548,Steiner
4725,Steinkuhler
7091,Steinmetz
4726,Steitz
4727,Steltz
4728,Stemke
300,Stenberg
7864,Stenerud
4730,Stenstrom
310,Stepaniak
4731,Stepanovich
5994,Stephen
4732,Stephens
4733,Stephens-Howling
4734,Stephenson
4735,Stepnoski
6678,Stepp
319,Sterk
6201,Sterling
7354,Stern
7298,Sternberger
6626,Sterns
6554,Sterup
8508,Steuber
4732,Stevens
4737,Stevenson
6099,Steward
4739,Stewart
7236,Stick
7257,Stidham
9106,Stiggers
8588,Stile
7475,Stiles
4741,Still
9237,Stille
4742,Stills
4744,Stimson
4745,Stinchcomb
8418,Stiner
4746,Stingily
8589,Stingley
7119,Stinnie
5995,Stinson
4748,Stith
4749,Stitser
7767,StJohn
8097,Stock
4750,Stocker
8039,Stockton
4752,Stocz
7938,Stoddard
4753,Stoerner
9117,Stogner
4755,Stokes
8419,Stokke
4756,Stokley
8170,Stoll
4757,Stone
6221,Stoneburner
8420,Stonehouse
8421,Stoner
9136,Stoops
4759,Storer
7994,Storey
5996,Stork
8262,Storm
7768,Story
4762,Storz
6749,Stout
4764,Stoutmire
4765,Stovall
8422,Stove
4766,Stover
9028,Stowers
4768,Stoyanovich
8423,Strachan
8423,Strachman
4769,Strahan
4770,Strait
7878,Strange
4771,Stratton
7978,Strauss
4773,Streater
5997,Street
4774,Streeter
4775,Streets
472,Streveler
6632,Stribling
4777,Strickland
4778,Strief
9188,Striggow
6318,Striker
4779,Stringer
6623,Stringfellow
321,Strnad
4782,Strojny
6896,Stroman
8704,Stromberg
4783,Strong
4785,Stroud
4786,Stroughter
322,Strowbridge
4787,Stryzinski
4787,Strzelczyk
8424,Stuard
4739,Stuart
4789,Stubblefield
7476,Stubbs
4790,Stuber
4791,Stuckey
4792,Studdard
4793,Studebaker
9214,Stueber
6809,Stump
6100,Stumph
4797,Stupar
4798,Sturdivant
4799,Sturgeon
5618,Sturgis
7084,Sturm
8962,Stutsman
4800,Stutz
4801,Stuvaints
4803,Styles
8070,Su
5722,Su'a-Filo
9107,Suamataia
7157,Suarez
4805,Succop
5653,Sudfeld
4806,Suggs
4807,Suh
4808,Suisham
4809,Sulak
4810,Sulfsted
6341,Sulleyman
4811,Sullivan
4813,Summers
7769,Sumner
7419,Sun
326,Sunahara
4814,Sundberg
9149,Sundell
5998,Sunseri
4815,Supernaw
4816,Superstar
8425,Surratt
4817,Surrency
4818,Surtain
4819,Sutherland
9010,Sutter
4820,Suttle
4821,Sutton
4823,Svitek
9040,Svoboda
6193,Swaim
4824,Swain
7549,Swan
4825,Swancutt III
4826,Swann
5723,Swanson
4412,Swartz
4828,Swayne
5610,Swearinger
6925,Sweat
4830,Sweed
6750,Sweeney
7194,Sweet
5767,Sweeting
4832,Sweezy
4833,Swenson
4834,Swift
4836,Swilling
4838,Swiney
4839,Swinger
8426,Swinney
9154,Swinson
4840,Swinton
6621,Switzer
5999,Swoope
7813,Swoopes
4842,Swope
4843,Sword
4845,Sykes
4846,Sylvan
4848,Sylvester
4849,Symonette
4850,Sypniewski
4851,Syptak
4852,Syvrud
4853,Szalay
4855,Szott
4857,Ta'amu
4906,Ta'ufo'ou
6559,Tabor
7477,Tackett
4860,Tafisi
4861,Tafoya
8590,Tafua
3,Tagovailoa
8591,Tagovailoa-Amosa
4862,Tahi
9146,Taimani
4865,Tait
8263,Takeoff
7291,Takitaki
4869,Talavou
7770,Talbot
6101,Talbott
6000,Taliaferro
4872,Talib
4873,Talley
8264,Talouse
4874,Talton
8034,Tam
4875,Tamm
4876,Tamme
9108,Tampa
4877,Tandy
8592,Tangelo
4879,Tanico
6587,Tankersley
6973,Tanking
4881,Tannehill
4882,Tanner
5655,Tanney
4884,Tant
4885,Tapeh
4887,Taplin-Ross
4888,Tapp
6216,Tapper
446,Tarkenton
8742,Tarlas
4892,Tarpinian
6102,Tarpley
4894,Tarrant
6001,Tart
6001,Tartt
7344,Tarver
7148,Tasini
4900,Tasker
4901,Tate
4902,Tatum
4903,Tatupu
5566,Tauaefa
5644,Taufa
327,Taumoepeau
6650,Taumoepenu
4910,Tauscher
6807,Tautu
6162,Tavai
8094,Tavares
6002,Tavecchio
4913,Taylor
8545,Taylor-Britt
9109,Taylor-Demerson
8593,Taylor-Stuart
4914,TE
5593,Te'o
4926,Te'o-Nesheim
4915,Teague
4916,Teal
5524,Teamer
8939,Tease
4917,Tebow
8292,Tecklenburg
4918,Teel
4919,Teggart
7885,Tejada
7944,Tejeda
6003,Telfer
8721,Telfort
7283,Tell
6907,Teller
7550,Temple
8026,Templeton
4923,Tennant
8608,Tenuta
4927,Tepper
4928,Tercero
4929,Terra
4930,Terrell
4931,Terrill
4932,Terry
9216,TeSlaa
4933,Testaverde
4934,TestBetz
4936,Tevaseu
6633,Tevi
7009,Texada
331,Tezino
7551,Thacker
7987,Tharp
4938,Tharpe
7771,Thayer
6653,Theaker
462,Theismann
4940,Thelwell
6131,Therezie
8265,Theriot
6254,Theus
4941,Thibodeaux
6004,Thielen
8881,Thieneman
4943,Thierry
4944,Thigpen
4945,Thomas
9204,Thomas V
336,Thomas-Oliver
4946,Thomason
5652,Thompkins
4947,Thompson
8672,Thompson-Robinson
8441,Thomson
4948,Thorn
4948,Thorne
4949,Thornhill
4950,Thornton
4951,Thorpe
7234,Thorson
4952,Thrash
8086,Thrasher
338,Throckmorton
6273,Thuney
6326,Thurber
4954,Thurman
4955,Thurmond
7773,Thurston
8266,Thyme
6551,Tialavea
480,Tiano
7478,Tidwell
8002,Tierney
4957,Tiffin
4959,Tiller
7303,Tillery
7774,Tilley
4960,Tillman
4963,Timmerman
4964,Timmons
6107,Timu
8535,Tindall
5736,Tinker
4966,Tinoisamoa
7775,Tinsley
8712,Tippmann
6005,Tipton
8631,Tisdale
442,Tittle
7776,Titus
8744,To'oTo'o
8940,Toafili
4971,Tobeck
7923,Tobias
5757,Tobin
6999,Tocho
4973,Todd
8829,Todia
4974,Todman
4975,Toeaina
4976,Toefield
4977,Togafau
8286,Togiai
9174,Toia
5536,Toilolo
4978,Tolbert
7479,Toledo
4979,Toler
4980,Toliver
4981,Tollefson
4980,Tolliver
8624,Tolson
4983,Tolver
4984,Tolzien
6646,Tom
4986,Tomczak
4987,Tomich
4989,Tomlinson
5652,Tompkins
6794,Toncho
6180,Toner
7777,Toney
8046,Tong
4990,Tonga
8642,Tonges
4991,Tongue
7143,Tonyan
339,Toohill
4992,Toomer
4993,Toon
4993,Toone
5645,Topa
8818,Toppins
4996,Torain
7071,Toran
4997,Torbor
6804,Torgersen
4998,Toribio
4999,Torrence
5646,Torres
5646,Torrez
5001,Toston
6609,Toth
5002,Toudouze
8594,Toure
6226,Toussaint
5003,Tovar
5004,Toviessi
6803,Towbridge
5005,Townes
5005,Towns
5006,Townsel
5007,Townsend
5008,Tracy
9179,Trader Jr.
5010,Trahan
6215,Trail
8620,Trainer
8267,Tramental
6103,Trammell
6751,Tran
5012,Trannon
7276,Tranquill
8456,Traore
5013,Trapasso
9263,Trapilo
5014,Trapp
465,Trask
5015,Trattou
343,Trautman
5016,Trautwein
6104,Travis
5749,Trawick
8873,Trayanum
5018,Traylor
5019,Traynor
6165,Treadwell
6421,Treggs
5021,Trejo
8427,Tremble
5022,Trent
6303,Tretola
5564,Tretter
5023,Trevathan
6752,Trevino
5568,Trewyn
5024,Tribble
8773,Trice
7778,Trimble
6212,Trinca-Pasat
5557,Triner
8021,Trinidad
7104,Trinnaman
5029,Triplett
5030,Tripp
5032,Tripplett
6974,Tripucka
5034,Trotter
5035,Troup
5036,Troupe
5037,Trout
5038,Troutman
7779,Troyer
6565,Trubisky
5039,Trucks
5040,Trueblood
5042,Trufant
9193,Trujillo
5043,Truluck
7049,Trumbetti
5044,Trusnik
8990,Truss
5046,Trusty
5047,Tryon
9202,Tryon-Shoyinka
6588,Tu'Ikolovatu
6195,Tuaau
5048,Tuaolo
5049,Tubbs
5050,Tuck
5051,Tucker
8428,Tuefele
5692,Tuel
6188,Tuerk
9215,Tufele
5053,Tufts
5054,Tuggle
5055,Tuiasosopo
5057,Tuihalamaka
5059,Tuimaunei
8903,Tuimoloau
7026,Tuioti-Mariner
5060,Tuipala
8429,Tuipulotu
5061,Tuitele
5724,Tuitt
5062,Tukuafu
6006,Tull
5064,Tulloch
5065,Tuman
8670,Tune
6222,Tunsil
5066,Tupa
5067,Tupou
6924,Turay
5069,Turbin
5070,Turenne
5071,Turk
5072,Turnbull
5073,Turner
8609,Turner-Yell
8179,Turpin
6161,Turzilli
344,Tuszka
5075,Tuten
5076,Tuthill
5077,Tutt
7361,Tuttle
8430,Twyman
6136,Tye
5081,Tyler
5082,Tylski
5664,Tyms
5083,Tynes
5084,Tyree
5086,Tyson
345,Uche
5087,Udeze
7287,Udoh
5090,Ugoh
6641,Ugokwe
7133,Ugwoegbu
6949,Uhatafe
8877,Uiagalelei
6654,Ukropina
9163,Ukwu
9031,Ulatowski
5093,Ulbrich
5095,Ulmer
9110,Ulofoshio
5096,Ulrich
8788,Uluave
5647,Umana
8932,Umanmielen
5098,Umenyiora
5648,Umodu
5099,Unck
5100,Underwood
5101,Unertl
5102,Unga
5103,Unger
408,Unitas
5104,Unrein
8431,Uphoff
5107,Upshaw
7985,Upton
5108,Urban
5109,Urbik
7866,Urbina
5110,Urlacher
5111,Urrutia
6007,Urschel
7814,Ursua
5112,Utecht
5115,Uwaezuoke
8595,Uwazurike
6008,Uzomah
5608,Vaccaro
5116,Vader-Baker
6383,Vaeao
7256,Vahe
6232,Vaitai
5118,Vakapuna
9111,Vaki
9256,Valcarcel
6952,Valdes-Scantling
5119,Valdez
7846,Valencia
6272,Valentin
6272,Valentine
7847,Valenzuela
8020,Valerio
7849,Vales
8678,Valladay
5121,Vallejo
6009,Valles
5124,Vallos
6837,Valoaga
5126,Van Buren
8596,Van Demark
5127,Van Dijk
6010,Van Dyk
5127,Van Dyke
7345,Van Ginkel
7066,Van Horn
8446,Van Lanen
7117,Van Maanen
8731,Van Ness
5725,Van Noy
5128,Van Pelt
9112,Van Pran
9196,Van Pran-Granger
5659,Van Roten
5129,Vance
8867,Vandagriff
5130,Vanden Bosch
6895,Vander Esch
6865,Vander Laan
6583,Vanderdoes
5131,Vanderjagt
5132,Vandermade
5133,Vandervelde
7780,VanDyke
8692,Vann
6293,Vannett
5135,Vanover
8747,VanSumeren
8525,Vanvalkenburg
8775,Vardell
6011,Varga
6753,Vargas
7781,Varner
5138,Vasher
9042,Vasko
5139,Vasquez
9027,Vattiato
5140,Vaughan
5141,Vaughn
8432,Vaughns
7858,Vaughters
5649,Vazquez
6888,Vea
5145,Veal
7123,Veasy
7081,Vedvik
5650,Vega
5147,Veikune
7420,Vela
5148,Velasco
7848,Velasquez
5149,Veldheer
5150,Veldman
9113,Vele
7849,Veles
5745,Vellano
8948,Velling
5785,Veltung
5151,Venable
5153,Ventrone
6790,Ventura
8433,Vera-Tucker
8490,Verdell
5156,Verdon
5158,Verdun Wheeler
5159,Vereen
8434,Verity
5161,Vermiglio
5162,Verner
5163,Vernon
5748,Verrett
8830,Verrier
9114,Verse
5165,Vick
5166,Vickers
5167,Vickerson
6992,Victor
5169,Victorian
7782,Vidal
8187,Viera
5170,Vierling
6125,Vigil
8615,Vilain
347,Vildor
6754,Villa
6225,Villanueva
5172,Villarreal
5173,Villarrial
5174,Vilma
5176,Vinatieri
5177,Vincent
5178,Vines
5179,Vinnett
5181,Vinson
6012,Virgil
6798,Virgin
6173,Vitale
5184,Vittatoe
490,Vizcaino
5187,Vlachos
5188,Vobora
6795,Vogel
7783,Vogt
8782,Vohasek
8701,Vokolek
5190,Volek
5191,Volk
5192,Vollers
7093,Vollert
5193,Vollmer
8509,Volson
5194,von Oelhoffen
8435,Von Rosenberg
8526,Vorhees
7480,Voss
5196,Vrabel
6237,Vujnovich
5197,Waddell
5762,Waddle
5198,Waddy
5199,Wade
6906,Wadley
7807,Wadman
5200,Wadsworth
7871,Waggoner
5201,Wagner
7784,Wagoner
5213,Wahl
5202,Wahle
5203,Wahlroos
7785,Waite
7481,Waiters
8547,Waitman
5207,Wake
5209,Wakefield
5210,Walden
7786,Waldron
8510,Waletzko
6013,Walford
5212,Walker
5211,Walker Jr.
5213,Wall
5214,Wallace
349,Wallace-Simms
6014,Waller
8691,Walley
8436,Wallow
5217,Walls
5218,Walsh
5219,Walter
5220,Walters
5221,Walton
5222,Walz
5223,Wand
5224,Wang
355,Wanogho
5225,Wansley
5226,Ward
5227,Ware
5228,Warfield
5554,Warford
5553,Warmack
6532,Warmsley
5230,Warner
5231,Warren
5232,Warrick
7346,Warring
487,Warrior
7482,Washburn
5234,Washington
439,Waterfield
8153,Waterman
5238,Waters
5672,Watford
5239,Watkins
5240,Watson
5241,Watt
8597,Wattenberg
5242,Watters
5243,Watton
5244,Watts
6015,Way
5248,Wayne
6016,Waynes
6914,Weah
8815,Wear
5250,Weary
5251,Weatherford
5252,Weatherington
6305,Weatherly
5253,Weathers
5254,Weathersby
5255,Weatherspoon
5256,Weaver
5257,Webb
5258,Webber
5258,Weber
5259,Webster
5260,Wedderburn
5261,Weddle
9257,Wedig
5662,Wedige
8437,Wedington
5262,Weeden
5263,Weeks
5264,Weems
6145,Wegher
8997,Weigman
5268,Weiner
8010,Weinsteen
8011,Weinstein
7787,Weir
6755,Weiss
5272,Welbourn
5273,Welch
5274,Weldon
5275,Welker
7984,Weller
7035,Wellman
5276,Wells
5273,Welsh
5278,Wendell
5279,Wendling
8099,Wendt
6017,Wenning
6018,Wentworth
6230,Wentz
5282,Werner
7261,Wesco
6756,Wesevich
5284,Wesley
8883,Wesolak
5287,West
5288,Westbrook
8290,Westbrook-Ikhine
6019,Westbrooks
6531,Wester
5289,Westerman
8057,Westfall
5290,Westmoreland
5291,Weston
5523,Westry
5293,Wetnight
6528,Wetzel
5295,Whalen
6251,Whaley
5296,Wharton
8774,Wheat
5299,Wheatley
5519,Wheaton
5300,Wheeler
8790,Whelan
5302,Whigham
5303,Whimper
7977,Whipple
5306,Whitaker
5307,White
6118,Whitehair
5308,Whitehead
8699,Whiteheart
5309,Whitehurst
5310,Whiteside
5311,Whitfield
5312,Whiting
5313,Whitley
6020,Whitlock
5379,Whitman
7788,Whitmore
5316,Whitner
6791,Whitney
7789,Whitt
5306,Whittaker
5318,Whitted
7957,Whitten
5319,Whitticker
5320,Whittington
5321,Whittle
5322,Whitworth
8697,Whyle
5307,Whyte
6211,Wichmann
6423,Wick
6942,Wicker
8681,Wicks
5324,Widmer
5326,Wiegert
5327,Wiegmann
6950,Wieneke
5328,Wiggins
5329,Wilber
5330,Wilbur
7881,Wilburn
5331,Wilcox
6128,Wilder
8438,Wildgoose
5334,Wilds
6549,Wile
8055,Wiles
5336,Wiley
5337,Wilford
5338,Wilfork
5339,Wilhelm
5340,Wilhite
5671,Wilhoite
5342,Wilkerson
7790,Wilkes
5343,Wilkins
5344,Wilkinson
8119,Will
7483,Willard
356,Willekes
8058,Willett
5670,Willey
8029,William
5346,Williams
5346,Williams Jr
8216,Williams-Lambert
5347,Williamson
5670,Willie
7144,Willies
5348,Willig
8090,Willingham
5349,Willis
7791,Willoughby
7211,Wills
5353,Willson
5352,Willy
5353,Wilson
5546,Wiltz
7099,Wimann
5354,Wimbley
6909,Wims
8898,Wimsatt
5355,Winborn
6953,Winbush
6187,Winchester
9160,Windmon
5358,Windsor
5359,Windt
5360,Winey
5361,Winfield
7808,Winfree
9175,Winfrey
6021,Wing
7321,Wingard
5777,Wingo
5363,Winkler
5364,Winn
7266,Winovich
5365,Winslow
5366,Winston
7056,Wint
5368,Winters
5369,Winterswyk
8821,Winton
5371,Wire
357,Wirfs
359,Wirtel
9128,Wisdom
6571,Wise
7484,Wiseman
7288,Wishnowsky
5373,Wishom
5374,Wisne
5375,Wisniewski
5376,Wistrom
5377,Witherspoon
5378,Withrow
5379,Witman
6757,Witsell
5380,Witt
6334,Wittek
5382,Witten
6218,Witzmann
8963,Wodtly
361,Woerner
5383,Wofford
5384,Wohlabaugh
8901,Wohler
5387,Wolf
5387,Wolfe
5388,Wolfert
5387,Wolff
468,Wolford
5389,Womack
5390,Wong
369,Wonnum
8068,Woo
5392,Wood
374,Wood-Anderson
5393,Woodall
5394,Woodard
8793,Woodbey
5395,Woodbury
5396,Wooden
5398,Woodfin
5399,Woodhead
5401,Woodley
7381,Woodruff
6355,Woodrum
5402,Woods
6913,Woodside
5403,Woodson
6844,Woodson-Luster
6792,Woodward
5404,Woody
5405,Woodyard
9246,Wooldridge
8546,Woolen
8848,Wooleyhand
5406,Woolfolk
5407,Wooten
5408,Wootton
5409,Word
5410,Worilds
7179,Workman
6269,Worley
6578,Wormley
5412,Worrell
5727,Worrilow
5413,Worsley
5414,Wortham
5415,Worthen
5416,Worthington
5417,Worthy
8268,Wozniak
5419,WR
5420,Wragge
7792,Wray
5599,Wreh-Wilson
7265,Wren
5422,Wrighster
5423,Wright
5424,Wroten
5425,Wrotto
5426,Wuerffel
6398,Wujciak
5427,Wunsch
5428,Wusu
5429,Wyatt
5430,Wyche
5431,Wycheck
8598,Wydermyer
5432,Wylie
5433,Wyms
5434,Wynn
8703,Wypler
5437,Wyrick
7270,Ximines
7279,Ya-Sin
8269,Yachty
5438,Yamini
6674,Yancey
5440,Yancy
5441,Yanda
8838,Yang
5726,Yankey
9153,Yankoff
6395,Yarbrough
9013,Yarnell
5446,Yates
7877,Yazzie
7552,Ybarra
2458,Yeager
6666,Yearby
5450,Yeast
5451,Yeatman
8439,Yeboah
7485,Yee
7145,Yelder
6022,Yeldon
8467,Yelito
5452,Yelk
6916,Yiadom
5454,Yoder
7850,Yoo
7793,Yoon
6758,York
7794,Yost
5456,You
5457,Youboty
5458,Young
5458,Young Sr.
5459,Youngblood
5460,Yount
5462,Yovanovits
7850,Yu
8270,Yurachek
8864,Yurosek
5463,Yusaf
9219,Zabel
5558,Zaccheaus
6105,Zachary
5466,Zahursky
8511,Zakelj
7795,Zambrano
6815,Zamora
8491,Zappe
5469,Zastudil
8778,Zavala
5470,Zbikowski
5471,Zedalis
5473,Zeigler
8212,Zeise
5474,Zeitler
5475,Zelenka
5477,Zellner
5478,Zemaitis
6023,Zenner
9025,Zeno
8806,Zentner
5479,Zereoue
6264,Zettel
5481,Zgonina
7351,Ziegler
5482,Ziemann
5483,Ziemba
5683,Zimmer
6759,Zimmerman
5486,Zimmons
5487,Zinger
9115,Zinter
5488,Zitelli
5490,Zolak
5491,Zolman
5492,Zombo
8635,Zuber
5494,Zuerlein
5495,Zukauskas
6024,Zumwalt
7830,Zunega
375,Zuniga
5497,Zusevics
5498,Zuttah
7109,Zylstra
