Last Name,First Name,College,Rank,Draft Class,Position,Jersey,Height ,Weight,2025 College Year,Awards ,Star Rating,Hometown,Homestate,Race,Photo
Mendoza,Fernando,Indiana,1,2026,QB,,,,,,,,,,
Bain,Rueben,Miami (FL),2,2026,EDGE,,,,,,,,,,
Moore,Dante,Oregon,3,2026,QB,,,,,,,,,,
Sellers,LaNorris,South Carolina,4,2026,QB,,,,,,,,,,
Downs,Caleb,Ohio State,5,2026,S,,,,,,,,,,
Tyson,Jordyn,Arizona State,6,2026,WR,,,,,,,,,,
Woods,Peter,Clemson,7,2026,DL,,,,,,,,,,
Fano,Spencer,Utah,8,2026,OT,,,,,,,,,,
Simpson,Ty,Alabama,9,2026,QB,,,,,,,,,,
Faulk,Keldric,Auburn,10,2026,EDGE,,,,,,,,,,
Mauigoa,Francis,Miami (FL),11,2026,OT,,,,,,,,,,
Reese,Arvell,Ohio State,12,2026,LB,,,,,,,,,,
Proctor,Kadyn,Alabama,13,2026,OT,,,,,,,,,,
Parker,T.J.,Clemson,14,2026,EDGE,,,,,,,,,,
McCoy,Jermod,Tennessee,15,2026,CB,,,,,,,,,,
Nussmeier,Garrett,LSU,16,2026,QB,,,,,,,,,,
Love,Jeremiyah,Notre Dame,17,2026,RB,,,,,,,,,,
Delane,Mansoor,LSU,18,2026,CB,,,,,,,,,,
Lemon,Makai,USC,19,2026,WR,,,,,,,,,,
Sadiq,Kenyon,Oregon,20,2026,TE,,,,,,,,,,
Tate,Carnell,Ohio State,21,2026,WR,,,,,,,,,,
Terrell,Avieon,Clemson,22,2026,CB,,,,,,,,,,
Lomu,Caleb,Utah,23,2026,OT,,,,,,,,,,
Bailey,David,Texas Tech,24,2026,EDGE,,,,,,,,,,
Overton,L.T.,Alabama,25,2026,EDGE,,,,,,,,,,
Uiagalelei,Matayo,Oregon,26,2026,EDGE,,,,,,,,,,
Banks,Caleb,Florida,27,2026,DL,,,,,,,,,,
Mateer,John,Oklahoma,28,2026,QB,,,,,,,,,,
Styles,Sonny,Ohio State,29,2026,LB,,,,,,,,,,
Boston,Denzel,Washington,30,2026,WR,,,,,,,,,,
Allen,C.J.,Georgia,31,2026,LB,,,,,,,,,,
Hill Jr.,Anthony,Texas,32,2026,LB,,,,,,,,,,
Lew,Connor,Auburn,33,2026,IOL,,,,,,,,,,
Ioane,Olaivavega,Penn State,34,2026,IOL,,,,,,,,,,
Dunker,Gennings,Iowa,35,2026,OT,,,,,,,,,,
Howell,Cashius,Texas A&M,36,2026,EDGE,,,,,,,,,,
World,Isaiah,Oregon,37,2026,OT,,,,,,,,,,
Brazzell,Chris,Tennessee,38,2026,WR,,,,,,,,,,
Hood,Colton,Tennessee,39,2026,CB,,,,,,,,,,
Washington,A'Mauri,Oregon,40,2026,DL,,,,,,,,,,
Bell,Chris,Louisville,41,2026,WR,,,,,,,,,,
Lane,Ja'Kobi,USC,42,2026,WR,,,,,,,,,,
Williams,Antonio,Clemson,43,2026,WR,,,,,,,,,,
Harris,A.J.,Penn State,44,2026,CB,,,,,,,,,,
Goosby,Trevor,Texas,45,2026,OT,,,,,,,,,,
Muhammad,Malik,Texas,46,2026,CB,,,,,,,,,,
Josephs,Joshua,Tennessee,47,2026,EDGE,,,,,,,,,,
Klubnik,Cade,Clemson,48,2026,QB,,,,,,,,,,
Dennis-Sutton,Dani,Penn State,49,2026,EDGE,,,,,,,,,,
Height,Romello,Texas Tech,50,2026,EDGE,,,,,,,,,,
Thieneman,Dillon,Oregon,51,2026,S,,,,,,,,,,
Miller,Christen,Georgia,52,2026,DL,,,,,,,,,,
Haynes,Justice,Michigan,53,2026,RB,,,,,,,,,,
Ramsey,Kamari,USC,54,2026,S,,,,,,,,,,
Orange,Domonique,Iowa State,55,2026,DL,,,,,,,,,,
Concepcion,Kevin,Texas A&M,56,2026,WR,,,,,,,,,,
Thomas,R Mason,Oklahoma,57,2026,EDGE,,,,,,,,,,
Allar,Drew,Penn State,58,2026,QB,,,,,,,,,,
Perkins,Harold,LSU,59,2026,LB,,,,,,,,,,
Abney II,Keith,Arizona State,60,2026,CB,,,,,,,,,,
Barber,Austin,Florida,61,2026,OT,,,,,,,,,,
Klare,Max,Ohio State,62,2026,TE,,,,,,,,,,
Jackson,Domani,Alabama,63,2026,CB,,,,,,,,,,
Branch,Zachariah,Georgia,64,2026,WR,,,,,,,,,,
Shelton,Drew,Penn State,65,2026,OT,,,,,,,,,,
Barham,Jaishawn,Michigan,66,2026,LB,,,,,,,,,,
Maiava,Jayden,USC,67,2026,QB,,,,,,,,,,
Chaplin,Xavier,Auburn,68,2026,OT,,,,,,,,,,
McDonald,Kayden,Ohio State,69,2026,DL,,,,,,,,,,
Lee III,Will,Texas A&M,70,2026,CB,,,,,,,,,,
Rhodes Jr.,Quincy,Arkansas,71,2026,EDGE,,,,,,,,,,
Bernard,Germie,Alabama,72,2026,WR,,,,,,,,,,
Singleton Jr.,Eric,Auburn,73,2026,WR,,,,,,,,,,
McKinney,DJ,Colorado,74,2026,CB,,,,,,,,,,
Saka,Anto,Northwestern,75,2026,EDGE,,,,,,,,,,
Igbinosun,Davison,Ohio State,76,2026,CB,,,,,,,,,,
Pregnon,Emmanuel,Oregon,77,2026,IOL,,,,,,,,,,
O'Neill,Eric,Rutgers,78,2026,EDGE,,,,,,,,,,
Brailsford,Parker,Alabama,79,2026,IOL,,,,,,,,,,
Laloulu,Iapani,Oregon,80,2026,IOL,,,,,,,,,,
Singleton,Nick,Penn State,81,2026,RB,,,,,,,,,,
Harbor,Nyck,South Carolina,82,2026,WR,,,,,,,,,,
Kilgore,Jalon,South Carolina,83,2026,S,,,,,,,,,,
McNeil-Warren,Emmanuel,Toledo,84,2026,S,,,,,,,,,,
Scott,Xavier,Illinois,85,2026,S,,,,,,,,,,
Coleman,Jonah,Washington,86,2026,RB,,,,,,,,,,
Weeks,Whit,LSU,87,2026,LB,,,,,,,,,,
Tiernan,Caleb,Northwestern,88,2026,OT,,,,,,,,,,
Durant,Zane,Penn State,89,2026,DL,,,,,,,,,,
Sapp,Tyreak,Florida,90,2026,EDGE,,,,,,,,,,
Corleone,Dontay,Cincinnati,91,2026,DL,,,,,,,,,,
Fa'amoe,Fa'alili,Wake Forest,92,2026,OT,,,,,,,,,,
Ibirogba,Mateen,Wake Forest,93,2026,DL,,,,,,,,,,
Sarratt,Elijah,Indiana,94,2026,WR,,,,,,,,,,
Lawson,Deontae,Alabama,95,2026,LB,,,,,,,,,,
Hernandez,Carlos,Wake Forest,96,2026,WR,,,,,,,,,,
Parker II,Brian,Duke,97,2026,OT,,,,,,,,,,
Jacas,Gabe,Illinois,98,2026,EDGE,,,,,,,,,,
Mensah,Darian,Duke,99,2026,QB,,,,,,,,,,
Young,Zion,Missouri,100,2026,EDGE,,,,,,,,,,
Sabb,Keon,Alabama,101,2026,S,,,,,,,,,,
Fields,Malachi,Notre Dame,102,2026,WR,,,,,,,,,,
Green,Cayden,Missouri,103,2026,OT,,,,,,,,,,
Heard,Lance,Tennessee,104,2026,OT,,,,,,,,,,
Slaughter,Jake,Florida,105,2026,IOL,,,,,,,,,,
Ferrell,Amare,Indiana,106,2026,S,,,,,,,,,,
Delp,Oscar,Georgia,107,2026,TE,,,,,,,,,,
Haulcy,A.J.,LSU,108,2026,S,,,,,,,,,,
Peak,Jacarrius,NC State,109,2026,OT,,,,,,,,,,
Wilson Jr.,Damon,Missouri,110,2026,EDGE,,,,,,,,,,
Moore,Derrick,Michigan,111,2026,EDGE,,,,,,,,,,
Daniels,C.J.,Miami (FL),112,2026,WR,,,,,,,,,,
Jackson Jr.,Darrell,Florida State,113,2026,DL,,,,,,,,,,
Burks,Deion,Oklahoma,114,2026,WR,,,,,,,,,,
Everette,Daylen,Georgia,115,2026,CB,,,,,,,,,,
Bisontis,Chase,Texas A&M,116,2026,IOL,,,,,,,,,,
Beck,Carson,Miami (FL),117,2026,QB,,,,,,,,,,
Smith,Genesis,Arizona,118,2026,S,,,,,,,,,,
Stowers,Eli,Vanderbilt,119,2026,TE,,,,,,,,,,
Rivers,Chandler,Duke,120,2026,CB,,,,,,,,,,
Endries,Jack,Texas,121,2026,TE,,,,,,,,,,
Harris,Zxavian,Mississippi,122,2026,DL,,,,,,,,,,
Chiles,Aidan,Michigan State,123,2026,QB,,,,,,,,,,
Capehart,DeMonte,Clemson,124,2026,DL,,,,,,,,,,
Parr,Logan,SMU,125,2026,IOL,,,,,,,,,,
Davis,Tacario,Washington,126,2026,CB,,,,,,,,,,
Bowry,Jude,Boston College,127,2026,OT,,,,,,,,,,
Anderson,Aaron,LSU,128,2026,WR,,,,,,,,,,
Claiborne,Demond,Wake Forest,129,2026,RB,,,,,,,,,,
Wisner,Quintrevion,Texas,130,2026,RB,,,,,,,,,,
Mathews Jr.,Jermaine,Ohio State,131,2026,CB,,,,,,,,,,
Kamara,Mikail,Indiana,132,2026,EDGE,,,,,,,,,,
Barton,Lander,Utah,133,2026,LB,,,,,,,,,,
Benny,Rayshaun,Michigan,134,2026,DL,,,,,,,,,,
Roberts,Jaeden,Alabama,135,2026,IOL,,,,,,,,,,
Leigh,Tristan,Clemson,136,2026,OT,,,,,,,,,,
Christensen,Quinten,South Dakota State,137,2026,IOL,,,,,,,,,,
Crownover,Dametrious,Texas A&M,138,2026,OT,,,,,,,,,,
Cameron,Josh,Baylor,139,2026,WR,,,,,,,,,,
York,Taurean,Texas A&M,140,2026,LB,,,,,,,,,,
Masses,Hezekiah,California,141,2026,CB,,,,,,,,,,
Golday,Jake,Cincinnati,142,2026,LB,,,,,,,,,,
Brown-Murray,Isaiah,Virginia Tech,143,2026,CB,,,,,,,,,,
Taaffe,Michael,Texas,144,2026,S,,,,,,,,,,
Ponds,D'angelo,Indiana,145,2026,CB,,,,,,,,,,
Chambliss,Trinidad,Mississippi,146,2026,QB,,,,,,,,,,
Perkins,Suntarine,Mississippi,147,2026,LB,,,,,,,,,,
Jackson,Kenyatta,Ohio State,149,2026,EDGE,,,,,,,,,,
Allen,Kaytron,Penn State,150,2026,RB,,,,,,,,,,
Klein,Marlin,Michigan,151,2026,TE,,,,,,,,,,
Keenan III,Tim,Alabama,152,2026,DL,,,,,,,,,,
Henry Jr.,Robert,UTSA,153,2026,RB,,,,,,,,,,
Halton,Gracen,Oklahoma,154,2026,DL,,,,,,,,,,
Trigg,Michael,Baylor,155,2026,TE,,,,,,,,,,
Miller,Dean,Kansas,156,2026,EDGE,,,,,,,,,,
Tomzcak,Max,Youngstown State,157,2026,WR,,,,,,,,,,
Smith,Anthony,Minnesota,158,2026,DL,,,,,,,,,,
Mahlman,Riley,Wisconsin,159,2026,OT,,,,,,,,,,
Iheanachor,Max,Arizona State,160,2026,OT,,,,,,,,,,
Robinson,Duce,Florida State,161,2026,WR,,,,,,,,,,
Anthony Jr.,Vincent,Duke,162,2026,EDGE,,,,,,,,,,
Luckie,Lawson,Georgia,163,2026,TE,,,,,,,,,,
Pieper,Kade,Iowa,164,2026,IOL,,,,,,,,,,
Lucas,Anthony,USC,165,2026,EDGE,,,,,,,,,,
Barnett,Caden,Wyoming,166,2026,OT,,,,,,,,,,
Wagner,Aamil,Notre Dame,167,2026,OT,,,,,,,,,,
Anthony II,Vinny,Wisconsin,168,2026,WR,,,,,,,,,,
Leigh,Desmeal,Youngstown State,169,2026,OT,,,,,,,,,,
Strong,Ian,Rutgers,170,2026,WR,,,,,,,,,,
Leavitt,Sam,Arizona State,171,2026,QB,,,,,,,,,,
Mesidor,Akheem,Miami (FL),172,2026,EDGE,,,,,,,,,,
Alexander,Bear,Oregon,173,2026,DL,,,,,,,,,,
Robertson,Sawyer,Baylor,174,2026,QB,,,,,,,,,,
Hubbard,Bray,Alabama,175,2026,S,,,,,,,,,,
Anderson,Nic,LSU,176,2026,WR,,,,,,,,,,
Jagusah,Charles,Notre Dame,177,2026,IOL,,,,,,,,,,
Gray,Christian,Notre Dame,178,2026,CB,,,,,,,,,,
Smothers,Hollywood,NC State,179,2026,RB,,,,,,,,,,
Reed-Adams,Ar'maj,Texas A&M,180,2026,IOL,,,,,,,,,,
Greene,Earnest,Georgia,181,2026,OT,,,,,,,,,,
Moore,Trey,Texas,182,2026,EDGE,,,,,,,,,,
Dixon,Thaddeus,North Carolina,183,2026,CB,,,,,,,,,,
Hoover,Josh,TCU,184,2026,QB,,,,,,,,,,
Jordan,Waymond,USC,185,2026,RB,,,,,,,,,,
Lance,Bryce,North Dakota State,186,2026,WR,,,,,,,,,,
Douglas,Caleb,Texas Tech,187,2026,WR,,,,,,,,,,
Price,Jadarian,Notre Dame,188,2026,RB,,,,,,,,,,
Moore,Rod,Michigan,189,2026,S,,,,,,,,,,
Johnson,Tao,Utah,190,2026,S,,,,,,,,,,
Hill,Jyaire,Michigan,191,2026,CB,,,,,,,,,,
Martin,LJ,BYU,192,2026,RB,,,,,,,,,,
Mosesso,Ryan,UMass,193,2026,OT,,,,,,,,,,
Payton,Patrick,LSU,194,2026,EDGE,,,,,,,,,,
Nwaiwu,Febechi,Oklahoma,195,2026,IOL,,,,,,,,,,
Baxter,C.J.,Texas,196,2026,RB,,,,,,,,,,
Traore,Boubacar,Notre Dame,197,2026,DL,,,,,,,,,,
Kpeenu,Barika,North Dakota State,198,2026,RB,,,,,,,,,,
Miller,Jamarion,Alabama,199,2026,RB,,,,,,,,,,
Norfleet,Brett,Missouri,200,2026,TE,,,,,,,,,,
Harkey,Alex,Oregon,201,2026,OT,,,,,,,,,,
Ohrstrom,Theo Melin,Texas A&M,202,2026,TE,,,,,,,,,,
Rutledge,Keylan,Georgia Tech,203,2026,IOL,,,,,,,,,,
Keller,Jaden,Virginia Tech,204,2026,LB,,,,,,,,,,
Graves,Aaron,Iowa,205,2026,DL,,,,,,,,,,
Casey,Kage,Boise State,206,2026,OT,,,,,,,,,,
Oatis,Jaheim,Colorado,207,2026,DL,,,,,,,,,,
Rodriguez,Jacob,Texas Tech,208,2026,LB,,,,,,,,,,
Baynes,Kobe,Kansas,209,2026,IOL,,,,,,,,,,
Iamaleava,Nico,UCLA,210,2026,QB,,,,,,,,,,
Nwankpa,Xavier,Iowa,211,2026,S,,,,,,,,,,
Royer,Joe,Cincinnati,212,2026,TE,,,,,,,,,,
Dieterich,Kolt,Sam Houston State,213,2026,OT,,,,,,,,,,
Cooper Jr.,Omar,Indiana,214,2026,WR,,,,,,,,,,
Gyllenborg,John Michael,Wyoming,215,2026,TE,,,,,,,,,,
Romaine,Austin,Kansas State,216,2026,LB,,,,,,,,,,
Konga,Rene,Louisville,217,2026,DL,,,,,,,,,,
Williams,Roy,Northern Illinois,218,2026,EDGE,,,,,,,,,,
Hunter,Lee,Texas Tech,219,2026,DL,,,,,,,,,,
Walthall,Jalen,Incarnate Word,220,2026,WR,,,,,,,,,,
Berry,Zeke,Michigan,221,2026,S,,,,,,,,,,
Seymore,Laurence,Western Kentucky,222,2026,IOL,,,,,,,,,,
Gumbs Jr.,George,Florida,223,2026,EDGE,,,,,,,,,,
Velling,Jack,Michigan State,224,2026,TE,,,,,,,,,,
Henry Daley,John,Utah,225,2026,EDGE,,,,,,,,,,
Campbell,Amare,Penn State,226,2026,LB,,,,,,,,,,
Bowen,Drayk,Notre Dame,227,2026,LB,,,,,,,,,,
Moore,Devin,Florida,228,2026,CB,,,,,,,,,,
Moss,Le'Veon,Texas A&M,229,2026,RB,,,,,,,,,,
Taylor,Darius,Minnesota,230,2026,RB,,,,,,,,,,
Baer,Ryan,Pittsburgh,231,2026,IOL,,,,,,,,,,
Hemby,Roman,Indiana,232,2026,RB,,,,,,,,,,
Hughes,Makhi,Oregon,233,2026,RB,,,,,,,,,,
Onianwa,Ethan,Ohio State,234,2026,OT,,,,,,,,,,
Wilson,Raylen,Georgia,235,2026,LB,,,,,,,,,,
Washington,Bryson,Baylor,236,2026,RB,,,,,,,,,,
Wheatley,Zakee,Penn State,237,2026,S,,,,,,,,,,
Ott,Jaydn,Oklahoma,238,2026,RB,,,,,,,,,,
Maryland,R.J.,SMU,239,2026,TE,,,,,,,,,,
Williams,Jontez,Iowa State,240,2026,CB,,,,,,,,,,
Koziol,Tanner,Houston,241,2026,TE,,,,,,,,,,
Aigbedion,Omar,Baylor,242,2026,IOL,,,,,,,,,,
Arkin,Tanner,Illinois,243,2026,TE,,,,,,,,,,
Anderson,Bryce,Texas A&M,244,2026,S,,,,,,,,,,
Calhoun,Cameron,Alabama,245,2026,CB,,,,,,,,,,
Johnson,Kenny,Pittsburgh,246,2026,WR,,,,,,,,,,
McClellan,Chris,Missouri,247,2026,DL,,,,,,,,,,
Moss,Miller,Louisville,248,2026,QB,,,,,,,,,,
Jennings,Kevin,SMU,249,2026,QB,,,,,,,,,,
Campbell,D.J.,Texas,250,2026,IOL,,,,,,,,,,
Wisniewski,Cole,Texas Tech,251,2026,S,,,,,,,,,,
Udoh,Kanye,Arizona State,252,2026,RB,,,,,,,,,,
Andersen,Teague,NC State,253,2026,IOL,,,,,,,,,,
Camac,Fisher,Virginia,254,2026,EDGE,,,,,,,,,,
Brockermeyer,James,Miami (FL),255,2026,IOL,,,,,,,,,,
Jones Jr.,Marvin,Oklahoma,256,2026,EDGE,,,,,,,,,,
Harris,Michael,Maryland,257,2026,LB,,,,,,,,,,
Nwokobia,Isaiah,SMU,258,2026,S,,,,,,,,,,
Foster,Bryce,Kansas,259,2026,IOL,,,,,,,,,,
Louis,Kyle,Pittsburgh,260,2026,LB,,,,,,,,,,
Chappell,Tyreek,Texas A&M,261,2026,CB,,,,,,,,,,
Catalon,Jalen,Missouri,262,2026,S,,,,,,,,,,
Fisher,Aiden,Indiana,263,2026,LB,,,,,,,,,,
Thurman,Jelani,Ohio State,264,2026,TE,,,,,,,,,,
Radicic,Nicolas,Indiana,265,2026,K,,,,,,,,,,
Reescano,Kedrick,Arizona,266,2026,RB,,,,,,,,,,
Thorson,Brett,Georgia,267,2026,P,,,,,,,,,,
Braswell,Djay,Georgia State,268,2026,RB,,,,,,,,,,
Guy,TJ,Michigan,269,2026,EDGE,,,,,,,,,,
Rivers,Eric,Georgia Tech,270,2026,WR,,,,,,,,,,
Pounds,Diego,Mississippi,271,2026,OT,,,,,,,,,,
Wilson III,Eugene,Florida,272,2026,WR,,,,,,,,,,
Miller,Blake,Clemson,273,2026,OT,,,,,,,,,,
Horton,Isaiah,Alabama,274,2026,WR,,,,,,,,,,
Zuhn III,Trey,Texas A&M,275,2026,OT,,,,,,,,,,
Llewellyn,Max,Iowa,276,2026,EDGE,,,,,,,,,,
Sturdivant,J.Michael,Florida,277,2026,WR,,,,,,,,,,
Greathouse,Jaden,Notre Dame,278,2026,WR,,,,,,,,,,
Azzopardi,Drew,Washington,279,2026,OT,,,,,,,,,,
Johnson,Nate,Missouri,280,2026,EDGE,,,,,,,,,,
Jones,Logan,Iowa,281,2026,IOL,,,,,,,,,,
Stewart,Evan,Oregon,282,2026,WR,,,,,,,,,,
Tanuvasa,Keanu,BYU,283,2026,DL,,,,,,,,,,
Jones,Datrell,Boston College,284,2026,WR,,,,,,,,,,
Holstein,Eli,Pittsburgh,285,2026,QB,,,,,,,,,,
McCullough,Dasan,Nebraska,286,2026,EDGE,,,,,,,,,,
Henderson,Emmanuel,Kansas,287,2026,WR,,,,,,,,,,
Key,Dane,Nebraska,288,2026,WR,,,,,,,,,,
Green,Trevyon,North Carolina,289,2026,OT,,,,,,,,,,
Smith,James,Alabama,290,2026,DL,,,,,,,,,,
Prysock,Ephesians,Washington,291,2026,CB,,,,,,,,,,
Green,Adonijah,Louisville,292,2026,DL,,,,,,,,,,
Marshall,Jackie,Baylor,293,2026,DL,,,,,,,,,,
Moore,Braelin,LSU,294,2026,IOL,,,,,,,,,,
Clements,Calvin,Kansas,295,2026,OT,,,,,,,,,,
Thompson,Josh,LSU,296,2026,IOL,,,,,,,,,,
Copeland,Kemari,Virginia Tech,297,2026,DL,,,,,,,,,,
Miller,Izavion,Auburn,298,2026,OT,,,,,,,,,,
Harris,Knijeah,Florida,299,2026,IOL,,,,,,,,,,
Hibner,Matthew,SMU,300,2026,TE,,,,,,,,,,
Davis,J.C.,Illinois,301,2026,OT,,,,,,,,,,
Fano,Logan,Utah,302,2026,EDGE,,,,,,,,,,
Freeling,Monroe,Georgia,303,2026,OT,,,,,,,,,,
Wright,Collin,Stanford,304,2026,CB,,,,,,,,,,
Reid,Desmond,Pittsburgh,305,2026,RB,,,,,,,,,,
Lockette,Tellek,Texas State,306,2026,IOL,,,,,,,,,,
Moore,Terry,Duke,307,2026,S,,,,,,,,,,
Becher,Liam,North Dakota,308,2026,IOL,,,,,,,,,,
Clark,Bud,TCU,309,2026,S,,,,,,,,,,
Johnson,Greg,Minnesota,310,2026,IOL,,,,,,,,,,
Johnson,Avery,Kansas State,311,2026,QB,,,,,,,,,,
Thomas Jr.,Bryan,South Carolina,312,2026,EDGE,,,,,,,,,,
Spencer,Malik,Michigan State,313,2026,S,,,,,,,,,,
Williams,P.J.,SMU,314,2026,OT,,,,,,,,,,
Williams,BJ,Pittsburgh,315,2026,IOL,,,,,,,,,,
McCrimon,Jimarion,East Carolina,316,2026,OT,,,,,,,,,,
Collier,Judge,South Carolina,317,2026,CB,,,,,,,,,,
Bell,Skyler,UConn,318,2026,WR,,,,,,,,,,
Boley,McKale,Virginia,319,2026,IOL,,,,,,,,,,
Brown,Kerry,Minnesota,320,2026,S,,,,,,,,,,
Lukus,Jeadyn,Clemson,321,2026,CB,,,,,,,,,,
Burkle,Gabe,Iowa State,322,2026,TE,,,,,,,,,,
El-Hadi,Giovanni,Michigan,323,2026,IOL,,,,,,,,,,
Murawski,Ben,UConn,324,2026,IOL,,,,,,,,,,
Taylor-Whitfield,Ben,TCU,325,2026,OT,,,,,,,,,,
Pritchett,Elijah,Nebraska,326,2026,OT,,,,,,,,,,
Rhett,Cole,Toledo,327,2026,OT,,,,,,,,,,
Strawn,Dorion,Texas State,328,2026,OT,,,,,,,,,,
Easter,Shamar,North Carolina,329,2026,TE,,,,,,,,,,
Woodaz,Wade,Clemson,330,2026,LB,,,,,,,,,,
Wilson,Sheridan,Texas Tech,331,2026,IOL,,,,,,,,,,
Arnold,Jackson,Auburn,332,2026,QB,,,,,,,,,,
Stoffel,Davin,Illinois,333,2026,TE,,,,,,,,,,
Raridon,Eli,Notre Dame,334,2026,TE,,,,,,,,,,
Omosigho,Samuel,Oklahoma,335,2026,LB,,,,,,,,,,
Regis,Albert,Texas A&M,336,2026,DL,,,,,,,,,,
White,Jahiem,West Virginia,337,2026,RB,,,,,,,,,,
Kanak,Jaren,Oklahoma,338,2026,TE,,,,,,,,,,
Tuioti,Teitum,Oregon,339,2026,EDGE,,,,,,,,,,
White,Trey,San Diego State,340,2026,EDGE,,,,,,,,,,
Williams,Riley,Oregon State,341,2026,TE,,,,,,,,,,
Deal,Markis,TCU,342,2026,DL,,,,,,,,,,
Wilde,Griffin,Northwestern,343,2026,WR,,,,,,,,,,
Brahmer,Benjamin,Iowa State,344,2026,TE,,,,,,,,,,
Kite,Antonio,Mississippi,345,2026,CB,,,,,,,,,,
Becht,Rocco,Iowa State,346,2026,QB,,,,,,,,,,
Shaffer,Will,Abilene Christian,347,2026,LB,,,,,,,,,,
Shelby,Braylan,USC,348,2026,EDGE,,,,,,,,,,
Kearney,Roderick,Florida,349,2026,OT,,,,,,,,,,
Morris,Ty,Rice,350,2026,LB,,,,,,,,,,
Hasz,Luke,Mississippi,351,2026,TE,,,,,,,,,,
Edwards,Dylan,Kansas State,352,2026,RB,,,,,,,,,,
Brookins,Cruce,Pittsburgh,353,2026,S,,,,,,,,,,
Schrauth,Billy,Notre Dame,354,2026,IOL,,,,,,,,,,
Adebawore,Adepoju,Oklahoma,355,2026,EDGE,,,,,,,,,,
Eastern,Deven,Minnesota,356,2026,DL,,,,,,,,,,
Gousby,Aidan,Minnesota,357,2026,S,,,,,,,,,,
Thomas,Noah,Georgia,358,2026,WR,,,,,,,,,,
Tollison,Connor,Missouri,359,2026,IOL,,,,,,,,,,
Hicks,D.J.,Texas A&M,360,2026,DL,,,,,,,,,,
Strader,Raion,Auburn,361,2026,CB,,,,,,,,,,
Womack,Da'Shawn,Mississippi,362,2026,EDGE,,,,,,,,,,
Mack,Austin,Alabama,363,2026,QB,,,,,,,,,,
Boettcher,Bryce,Oregon,364,2026,LB,,,,,,,,,,
Moe Jr.,Wendell,Tennessee,365,2026,IOL,,,,,,,,,,
Washington II,Elliot,Penn State,366,2026,CB,,,,,,,,,,
Smith,Isaac,Mississippi State,367,2026,S,,,,,,,,,,
Barnes,Khalil,Clemson,368,2026,S,,,,,,,,,,
Collins,Kelby,Alabama,369,2026,DL,,,,,,,,,,
Harris,Daniel,Georgia,370,2026,CB,,,,,,,,,,
Josey,Noah,Virginia,371,2026,IOL,,,,,,,,,,
Moten,Josh,Southern Miss,372,2026,CB,,,,,,,,,,
Bowen,Peyton,Oklahoma,373,2026,S,,,,,,,,,,
Stamps,Ashton,LSU,374,2026,CB,,,,,,,,,,
Moore Jr.,DeAndre,Texas,375,2026,WR,,,,,,,,,,
Ausberry,Jaiden,Notre Dame,376,2026,LB,,,,,,,,,,
Seldon,Cameron,Virginia Tech,377,2026,WR,,,,,,,,,,
Donkoh,Anthony,Penn State,378,2026,OT,,,,,,,,,,
Fletcher,Mark,Miami (FL),379,2026,RB,,,,,,,,,,
Pimpton,Ka'morreun,TCU,380,2026,TE,,,,,,,,,,
Shuler,Adon,Notre Dame,381,2026,S,,,,,,,,,,
Flanagan,Cooper,Notre Dame,382,2026,TE,,,,,,,,,,
Lockwood,Ty,Boston College,383,2026,TE,,,,,,,,,,
Rashada,Jaden,Sacramento State,384,2026,QB,,,,,,,,,,
Young,Richard,Alabama,385,2026,RB,,,,,,,,,,
Herring,Caleb,Tennessee,386,2026,EDGE,,,,,,,,,,
Carmona,Fernando,Arkansas,387,2026,IOL,,,,,,,,,,
McDonald,Jelani,Texas,388,2026,S,,,,,,,,,,
Bowles,Troy,Michigan,389,2026,LB,,,,,,,,,,
Davis,Ethan,Tennessee,390,2026,TE,,,,,,,,,,
Umanmielen,Princewill,Mississippi,391,2026,EDGE,,,,,,,,,,
Renaud,Jordan,Alabama,392,2026,EDGE,,,,,,,,,,
Padilla,Joshua,Ohio State,393,2026,IOL,,,,,,,,,,
Rappleyea,Andrew,Penn State,394,2026,TE,,,,,,,,,,
Farooq,Jalil,Maryland,395,2026,WR,,,,,,,,,,
Wayne,Jayden,California,396,2026,EDGE,,,,,,,,,,
Keeley,Keon,Alabama,397,2026,EDGE,,,,,,,,,,
Carter,Lewis,UCF,398,2026,LB,,,,,,,,,,
Joyner,Quinten,Texas Tech,399,2026,RB,,,,,,,,,,
Gronowski,Mark,Iowa,400,2026,QB,,,,,,,,,,
Nelson,Malachi,UTEP,401,2026,QB,,,,,,,,,,
Brown,Barion,LSU,402,2026,WR,,,,,,,,,,
Payton,Cole,North Dakota State,403,2026,QB,,,,,,,,,,
Castell,Jordan,Florida,404,2026,S,,,,,,,,,,
Miller,Cam,Rutgers,405,2026,CB,,,,,,,,,,
Owens,Rueben,Texas A&M,406,2026,RB,,,,,,,,,,
Birchmeier,Alex,Penn State,407,2026,IOL,,,,,,,,,,
McClain,Cormani,Florida,408,2026,CB,,,,,,,,,,
Roberts,Chase,BYU,409,2026,WR,,,,,,,,,,
Aguero,Joenel,Georgia,410,2026,S,,,,,,,,,,
Simmons,Derek,Oklahoma,411,2026,OT,,,,,,,,,,
Gullette,Derion,Mississippi State,412,2026,EDGE,,,,,,,,,,
Howard,Grayson,Florida,413,2026,LB,,,,,,,,,,
Latimer,Geimere,Wisconsin,414,2026,CB,,,,,,,,,,
Braxton,Jaylon,Mississippi,415,2026,CB,,,,,,,,,,
Rimac,Tomas,Virginia Tech,416,2026,IOL,,,,,,,,,,
Pierre,Yhonzae,Alabama,417,2026,EDGE,,,,,,,,,,
Hall,Jordan,Georgia,418,2026,DL,,,,,,,,,,
Hartford,Malik,Ohio State,419,2026,S,,,,,,,,,,
Lee,Deshaun,Iowa,420,2026,CB,,,,,,,,,,
Akana,Tausili,BYU,421,2026,LB,,,,,,,,,,
Inniss,Brandon,Ohio State,422,2026,WR,,,,,,,,,,
Burley,Vic,Clemson,423,2026,DL,,,,,,,,,,
Robinson,Ta'Mere,USC,424,2026,LB,,,,,,,,,,
Snowden,Smith,Utah,425,2026,CB,,,,,,,,,,
Bass,Jordan,Virginia Tech,426,2026,LB,,,,,,,,,,
Green,Stephiylan,Clemson,427,2026,DL,,,,,,,,,,
Hale,Jalen,Alabama,428,2026,WR,,,,,,,,,,
Williams,Ayden,Mississippi State,429,2026,WR,,,,,,,,,,
Jenkins,Caden,Baylor,430,2026,CB,,,,,,,,,,
Clegg,Hunter,BYU,431,2026,EDGE,,,,,,,,,,
Hurley,Jahlil,Kansas,432,2026,CB,,,,,,,,,,
Bell,Dillon,Georgia,433,2026,WR,,,,,,,,,,
Niblett,Ryan,Texas,434,2026,S,,,,,,,,,,
Pribula,Beau,Missouri,435,2026,QB,,,,,,,,,,
Nelson,DaKaari,Penn State,436,2026,S,,,,,,,,,,
Onwuazor,Bruno,Virginia State,437,2026,OT,,,,,,,,,,
Babalade,Tree,South Carolina,438,2026,OT,,,,,,,,,,
Williams,Hykeem,Colorado,439,2026,WR,,,,,,,,,,
Pettus,Micah,Florida State,440,2026,OT,,,,,,,,,,
Vasek,Colton,Texas,441,2026,EDGE,,,,,,,,,,
Sadler,Collin,Clemson,442,2026,OT,,,,,,,,,,
Acheampong,Collins,Bowling Green,443,2026,EDGE,,,,,,,,,,
Austin,Daylen,Oregon,444,2026,CB,,,,,,,,,,
Cottrell,Raymond,West Alabama,445,2026,WR,,,,,,,,,,
Langsdale,Ryder,Rutgers,446,2026,OT,,,,,,,,,,
Osborne,Hunter,Virginia,447,2026,DL,,,,,,,,,,
Cook II,Johntay,Syracuse,448,2026,WR,,,,,,,,,,
Williams,J'ven,Penn State,449,2026,OT,,,,,,,,,,
Coleman,Malachi,Minnesota,450,2026,WR,,,,,,,,,,
Jackson,Kaleb,LSU,451,2026,RB,,,,,,,,,,
Adams,Tyree,LSU,452,2026,OT,,,,,,,,,,
Mickens,Joshua,Ohio State,453,2026,EDGE,,,,,,,,,,
Anderson,Markee,South Carolina,454,2026,IOL,,,,,,,,,,
Mack,King,Penn State,455,2026,S,,,,,,,,,,
James,Braylon,TCU,456,2026,WR,,,,,,,,,,
Onoh,Chimdy,Penn State,457,2026,OT,,,,,,,,,,
Sanker,Madden,Louisville,458,2026,OT,,,,,,,,,,
Williams,Damonic,Oklahoma,459,2026,DL,,,,,,,,,,
Brown,Jalen,Arkansas,460,2026,WR,,,,,,,,,,
Howard,Jaxon,Minnesota,461,2026,EDGE,,,,,,,,,,
Bryant,Malik,Miami (FL),462,2026,EDGE,,,,,,,,,,
Mills,Monroe,Virginia,463,2026,OT,,,,,,,,,,
Brown,Damari,Miami (FL),464,2026,CB,,,,,,,,,,
Paige,Elijah,USC,465,2026,OT,,,,,,,,,,
Fontenette,Randon,Vanderbilt,466,2026,LB,,,,,,,,,,
Sampson Jr.,Shelton,Louisiana-Lafayette,467,2026,WR,,,,,,,,,,
Rogers,Noah,NC State,468,2026,WR,,,,,,,,,,
Johnson,Jacobe,Oklahoma,469,2026,CB,,,,,,,,,,
Vernon,Brenan,Notre Dame,470,2026,DL,,,,,,,,,,
Harris,Gabe,Georgia,471,2026,EDGE,,,,,,,,,,
Singleton Jr.,Samuel,Florida State,472,2026,RB,,,,,,,,,,
Okunlola,Samson,Miami (FL),473,2026,OT,,,,,,,,,,
Jarrett,Jamaal,USC,474,2026,DL,,,,,,,,,,
Russaw,Qua,Alabama,475,2026,EDGE,,,,,,,,,,
Flores,Rico,UCLA,476,2026,WR,,,,,,,,,,
McLeod,Xzavier,Georgia,477,2026,DL,,,,,,,,,,
Evans III,Anthony,Mississippi State,478,2026,WR,,,,,,,,,,
Formby,Wilkin,Alabama,479,2026,OT,,,,,,,,,,
Montgomery,Luke,Ohio State,480,2026,IOL,,,,,,,,,,
Martin,Cole,UCLA,481,2026,CB,,,,,,,,,,
Sewell,Harris,Clemson,482,2026,IOL,,,,,,,,,,
Stafford,Robert,UCLA,483,2026,CB,,,,,,,,,,
Pleasant,Rodrick,UCLA,484,2026,CB,,,,,,,,,,
Alinen,Olaus,Alabama,485,2026,OT,,,,,,,,,,
Walker,John,UCF,486,2026,DL,,,,,,,,,,
Johnson,Dijon,Florida,487,2026,CB,,,,,,,,,,
Vickers,Makari,Colorado,488,2026,CB,,,,,,,,,,
Hobbs,Daevin,Tennessee,489,2026,DL,,,,,,,,,,
Jackson,Ja'Keem,LSU,490,2026,CB,,,,,,,,,,
Burton,Jager,Kentucky,491,2026,IOL,,,,,,,,,,
Gates Jr.,Antonio,Delaware State,492,2026,WR,,,,,,,,,,
Jobe,Bai,Miami (OH),493,2026,EDGE,,,,,,,,,,
Murphy,Mason,Auburn,494,2026,OT,,,,,,,,,,
Skinner,Jaleel,Louisville,495,2026,TE,,,,,,,,,,
Okunlola,Samuel,Colorado,496,2026,EDGE,,,,,,,,,,
Ramil,Stanton,Michigan State,497,2026,OT,,,,,,,,,,
Carrico,Reid,West Virginia,498,2026,LB,,,,,,,,,,
Donald,Elliot,Pittsburgh,499,2026,DL,,,,,,,,,,
Wiggins,Quency,Colorado,500,2026,EDGE,,,,,,,,,,
Garcia,Jake,Michigan,501,2026,QB,,,,,,,,,,
Rutchena,Nate,UC Davis,502,2026,TE,,,,,,,,,,
Depaepe,Andrew,Indiana,503,2026,DL,,,,,,,,,,
Shanahan,T.J.,Penn State,504,2026,IOL,,,,,,,,,,
Duley,Declan,Central Michigan,505,2026,P,,,,,,,,,,
Pettaway,George,James Madison,506,2026,RB,,,,,,,,,,
McCutchin,Latrell,Houston,507,2026,CB,,,,,,,,,,
Leacock,Nathan,North Carolina,508,2026,WR,,,,,,,,,,
Humphrey,Julian,Texas A&M,509,2026,CB,,,,,,,,,,
Toviano,Javien,LSU,510,2026,S,,,,,,,,,,
Sneed,Jaylen,Notre Dame,511,2026,LB,,,,,,,,,,
Ricks,Dezz,Texas A&M,512,2026,CB,,,,,,,,,,
Dowdell,Dante,Kentucky,513,2026,RB,,,,,,,,,,
Tengesdahl,Evan,Cincinnati,514,2026,IOL,,,,,,,,,,
Heldt,Will,Clemson,515,2026,EDGE,,,,,,,,,,
Olds,Kam,Kentucky,516,2026,EDGE,,,,,,,,,,
Hill,Xavier,Colorado,517,2026,IOL,,,,,,,,,,
McAlister,Eric,TCU,518,2026,WR,,,,,,,,,,
Lyons,Jameial,Penn State,519,2026,EDGE,,,,,,,,,,
Curtis,Tackett,Wisconsin,520,2026,LB,,,,,,,,,,
White,Tyler,Texas A&M,521,2026,P,,,,,,,,,,
Chester,D.J.,LSU,522,2026,IOL,,,,,,,,,,
Etta,Enow,Michigan,523,2026,DL,,,,,,,,,,
Moore,Jason,Ohio State,524,2026,DL,,,,,,,,,,
Harvey,Jaybron,North Carolina,525,2026,EDGE,,,,,,,,,,
Jackson,Kylin,TCU,526,2026,S,,,,,,,,,,
Hill,Edric,Alabama,527,2026,DL,,,,,,,,,,
Chatman,Jaydon,Texas,528,2026,OT,,,,,,,,,,
Hughley,Bo,Georgia,529,2026,OT,,,,,,,,,,
Robinson,Kam,Virginia,530,2026,LB,,,,,,,,,,
Umeozulu,Desmond,South Carolina,531,2026,EDGE,,,,,,,,,,
Brooks,Dalton,Texas A&M,532,2026,S,,,,,,,,,,
Pettaway,Jaquaize,East Carolina,533,2026,WR,,,,,,,,,,
Williams Jr.,Derek,Texas,534,2026,S,,,,,,,,,,
James,Kamran,Florida,535,2026,EDGE,,,,,,,,,,
Rogers,Bravion,Texas A&M,536,2026,CB,,,,,,,,,,
Robinson II,Roderick,Georgia,537,2026,RB,,,,,,,,,,
Carter,Arion,Tennessee,538,2026,LB,,,,,,,,,,
Thomas,Jayvon,Texas A&M,539,2026,CB,,,,,,,,,,
Umarov,Shamurad,Tennessee,540,2026,OT,,,,,,,,,,
Reed,Ian,Clemson,541,2026,IOL,,,,,,,,,,
Russell,Cordale,Miami (OH),542,2026,WR,,,,,,,,,,
Simpson-Hunt,Calvin,Baylor,543,2026,CB,,,,,,,,,,
M'Pemba,Samuel,Texas A&M,544,2026,EDGE,,,,,,,,,,
Rojas,Tony,Penn State,545,2026,LB,,,,,,,,,,
Novosad,Austin,Oregon,546,2026,QB,,,,,,,,,,
Webb,Treyaun,Florida,547,2026,RB,,,,,,,,,,
Simmons,Lucas,Florida State,548,2026,OT,,,,,,,,,,
Kaak,Hudson,Auburn,549,2026,P,,,,,,,,,,
Anderson,Jarra,Arizona,550,2026,DL,,,,,,,,,,
Olano,David,Illinois,551,2026,K,,,,,,,,,,
Daniels,Phillip,Ohio State,552,2026,OT,,,,,,,,,,
Williams,Palmer,Baylor,553,2026,P,,,,,,,,,,
Flintoft,Aidan,Stanford,554,2026,P,,,,,,,,,,
Eldridge,Jake,Rutgers,555,2026,LS,,,,,,,,,,
Talty,Conor,Alabama,556,2026,K,,,,,,,,,,
Johnson Jr.,Chris,SMU,557,2026,RB,,,,,,,,,,
Matthews,Mikey,UCLA,558,2026,WR,,,,,,,,,,
Taylor,Brock,Vanderbilt,559,2026,K,,,,,,,,,,
Brown,Jayce,Kansas State,560,2026,WR,,,,,,,,,,
Humphreys,London,Georgia,561,2026,WR,,,,,,,,,,
Castellanos,Thomas,Florida State,562,2026,QB,,,,,,,,,,
Fite,C.J.,Arizona State,563,2026,DL,,,,,,,,,,
Woodring,Peyton,Georgia,564,2026,K,,,,,,,,,,
Brown,Tyler,Clemson,565,2026,WR,,,,,,,,,,
Rawls,Ja'Bril,Florida State,566,2026,S,,,,,,,,,,
Loftis,Grayson,Charlotte,567,2026,QB,,,,,,,,,,
Alexander,Sedrick,Vanderbilt,568,2026,RB,,,,,,,,,,
Williams IV,Carl,Baylor,569,2026,S,,,,,,,,,,
Feagin,Kaden,Illinois,570,2026,RB,,,,,,,,,,
Kilgore,Alex,SMU,571,2026,LB,,,,,,,,,,
Schlaffer,Joey,Penn State,572,2026,TE,,,,,,,,,,
Thomas,Amare,Houston,573,2026,WR,,,,,,,,,,
Mason,Lance,Wisconsin,574,2026,TE,,,,,,,,,,
Brown,Hank,Iowa,575,2026,QB,,,,,,,,,,
Link,Evan,Michigan,576,2026,OT,,,,,,,,,,
McCoy,A'Marion,Boise State,577,2026,CB,,,,,,,,,,
Virgin-Morgan,Jayden,Boise State,578,2026,EDGE,,,,,,,,,,
Crawford,Dion,Buffalo,579,2026,LB,,,,,,,,,,
Durand,James,Western Illinois,580,2026,IOL,,,,,,,,,,
Ratcliffe,Marcus,Texas A&M,581,2026,S,,,,,,,,,,
Dubuc,Trey,New Mexico,582,2026,LS,,,,,,,,,,
Raynor,Jaylen,Arkansas State,583,2026,QB,,,,,,,,,,
Lubin,Clev,Louisville,584,2026,EDGE,,,,,,,,,,
Burns,Ryder,Southern Miss,585,2026,LS,,,,,,,,,,
Djabome,Dariel,Rutgers,586,2026,LB,,,,,,,,,,
Bradley,Chandavian,Oklahoma State,587,2026,EDGE,,,,,,,,,,
Mitchell,Tony,Mississippi State,588,2026,S,,,,,,,,,,
Harris,Denver,UNLV,589,2026,CB,,,,,,,,,,
Brownlow-Dindy,Gabriel,South Carolina,590,2026,DL,,,,,,,,,,
Rice,Zach,Syracuse,591,2026,IOL,,,,,,,,,,
Craig,Jaden,Harvard,592,2026,QB,,,,,,,,,,
Alexander,Jeremiah,Clemson,593,2026,EDGE,,,,,,,,,,
Marshall,Chris,Boise State,594,2026,WR,,,,,,,,,,
Weigman,Conner,Houston,595,2026,QB,,,,,,,,,,
Singletary,Jaheim,Arkansas,596,2026,CB,,,,,,,,,,
Hicks,C.J.,Ohio State,597,2026,EDGE,,,,,,,,,,
Shaw,Travis,Texas,598,2026,DL,,,,,,,,,,
Citizen,TreVonte,McNeese State,599,2026,RB,,,,,,,,,,
Tshabola,Tegra,Ohio State,600,2026,IOL,,,,,,,,,,
Evers,Nick,UConn,601,2026,QB,,,,,,,,,,
Armella,Julian,UCLA,602,2026,IOL,,,,,,,,,,
Price,KP,Boston College,603,2026,S,,,,,,,,,,
Green,Donovan,LSU,604,2026,TE,,,,,,,,,,
Sexton,Jacob,Oklahoma,605,2026,OT,,,,,,,,,,
Greene Jr.,Andre,Virginia,606,2026,WR,,,,,,,,,,
Mathews,Jacoby,Auburn,607,2026,S,,,,,,,,,,
Williams,Gentry,Oklahoma,608,2026,CB,,,,,,,,,,
Jefferson,Justin,Alabama,609,2026,LB,,,,,,,,,,
Brown,Jyaire,UCF,610,2026,CB,,,,,,,,,,
Staes,Holden,Indiana,611,2026,TE,,,,,,,,,,
Helms,Kaden,Oklahoma,612,2026,TE,,,,,,,,,,
Umeozulu,Neto,Texas,613,2026,IOL,,,,,,,,,,
Robinson,Branson,Georgia State,614,2026,RB,,,,,,,,,,
Shettron,Talyn,Oklahoma State,615,2026,WR,,,,,,,,,,
Glover,Jaylon,UNLV,616,2026,RB,,,,,,,,,,
Lyons,Jamari,Florida,617,2026,DL,,,,,,,,,,
Hardaway,J.Q.,Kentucky,618,2026,CB,,,,,,,,,,
Perry,Khurtiss,Jacksonville State,619,2026,DL,,,,,,,,,,
Law,Kendrick,Kentucky,620,2026,WR,,,,,,,,,,
Kutas,Patrick,Mississippi,621,2026,IOL,,,,,,,,,,
Swann,A.J.,Appalachian State,622,2026,QB,,,,,,,,,,
Saunders,Kaden,Penn State,623,2026,WR,,,,,,,,,,
Roush,Sam,Stanford,624,2026,TE,,,,,,,,,,
Murphy,Maalik,Oregon State,625,2026,QB,,,,,,,,,,
Brown,Devin,California,626,2026,QB,,,,,,,,,,
Henderson,Brandon,Illinois,627,2026,IOL,,,,,,,,,,
Howard,Walker,Louisiana-Lafayette,628,2026,QB,,,,,,,,,,
Finkley,Justice,Kansas,629,2026,EDGE,,,,,,,,,,
Pedersen,Jack,UCLA,630,2026,TE,,,,,,,,,,
Pride,Toriano,Missouri,631,2026,CB,,,,,,,,,,
Merriweather,Tobias,Utah,632,2026,WR,,,,,,,,,,
Willis,Carver,Washington,633,2026,OT,,,,,,,,,,
Hudson,Jordan,SMU,634,2026,WR,,,,,,,,,,
Wilson,Kamari,Memphis,635,2026,S,,,,,,,,,,
Winston,Emar'rion,Baylor,636,2026,EDGE,,,,,,,,,,
Shor,Dayne,Akron,637,2026,OT,,,,,,,,,,
Brown,Raleek,Arizona State,638,2026,RB,,,,,,,,,,
Sylla,Malick,Mississippi State,639,2026,EDGE,,,,,,,,,,
Gibson,Jayden,Oklahoma,640,2026,WR,,,,,,,,,,
Brunner,Joe,Wisconsin,641,2026,IOL,,,,,,,,,,
Grayes,Kyion,California,642,2026,WR,,,,,,,,,,
Murphy,Shawn,South Carolina,643,2026,LB,,,,,,,,,,
Little II,Earl,Florida State,644,2026,CB,,,,,,,,,,
Niblack,Amari,Texas A&M,645,2026,TE,,,,,,,,,,
Brown,Kaleb,UAB,646,2026,WR,,,,,,,,,,
Williams,Popeye,Western Michigan,647,2026,EDGE,,,,,,,,,,
Hayden,Dallan,Colorado,648,2026,RB,,,,,,,,,,
Kelly,Nyjalik,UCF,649,2026,EDGE,,,,,,,,,,
Guilbeau,Jaylon,Texas,650,2026,CB,,,,,,,,,,
Spears-Jennings,Robert,Oklahoma,651,2026,S,,,,,,,,,,
Coleman Jr.,Kevin,Missouri,652,2026,WR,,,,,,,,,,
Stockton,Gunner,Georgia,653,2026,QB,,,,,,,,,,
Clark,Stanquan,Louisville,654,2026,LB,,,,,,,,,,
Morris,M.J.,Coastal Carolina,655,2026,QB,,,,,,,,,,
Payne,Toby,Marshall,656,2026,TE,,,,,,,,,,
Bissainthe,Wesley,Miami (FL),657,2026,LB,,,,,,,,,,
Presley,Braylin,Tulsa,658,2026,WR,,,,,,,,,,
Hutson,Cole,Texas,659,2026,IOL,,,,,,,,,,
Sawchuk,Gavin,Florida State,660,2026,RB,,,,,,,,,,
Prentice,Kobe,Baylor,661,2026,WR,,,,,,,,,,
Wade,Keaten,Colorado,662,2026,EDGE,,,,,,,,,,
Randall,Adam,Clemson,663,2026,RB,,,,,,,,,,
Branch,Zion,Georgia,664,2026,S,,,,,,,,,,
Jackson,Devon,Oregon,665,2026,LB,,,,,,,,,,
Smith,Darris,Missouri,666,2026,EDGE,,,,,,,,,,
Abor,Omari,SMU,667,2026,EDGE,,,,,,,,,,
White,Enai,Penn State,668,2026,EDGE,,,,,,,,,,
Hinzman,Carson,Ohio State,669,2026,IOL,,,,,,,,,,
Spells,Jacolby,West Virginia,670,2026,CB,,,,,,,,,,
Shanks,Kam,Arkansas,671,2026,WR,,,,,,,,,,
Johnson,Jake,North Carolina,672,2026,TE,,,,,,,,,,
Alliegro,Christian,Wisconsin,673,2026,LB,,,,,,,,,,
Thomas,Zavion,LSU,674,2026,WR,,,,,,,,,,
Dewberry,Kam,Alabama,675,2026,IOL,,,,,,,,,,
Williams,C.J.,Stanford,676,2026,WR,,,,,,,,,,
Dwyer,Jordan,TCU,677,2026,WR,,,,,,,,,,
Red,Savion,Sacramento State,678,2026,RB,,,,,,,,,,
White,Squirrel,Florida State,679,2026,WR,,,,,,,,,,
Huskey,Jalen,Maryland,680,2026,CB,,,,,,,,,,
McGowan,Jayden,Charlotte,681,2026,WR,,,,,,,,,,
Cooper,Jeremiah,Iowa State,682,2026,S,,,,,,,,,,
Connors,Dean,Houston,683,2026,RB,,,,,,,,,,
Wells,Van,Oregon State,684,2026,IOL,,,,,,,,,,
Wimbley,Pichon,Georgia Southern,685,2026,IOL,,,,,,,,,,
Barnes,Kyron,Nicholls,686,2026,OT,,,,,,,,,,
McCown,Owen,UTSA,687,2026,QB,,,,,,,,,,
Jatta,Isaiah,BYU,688,2026,OT,,,,,,,,,,
Kattus,Josh,Kentucky,689,2026,TE,,,,,,,,,,
Smith,D.Q.,South Carolina,690,2026,S,,,,,,,,,,
Westmoreland,Maurice,Tulane,691,2026,EDGE,,,,,,,,,,
Jackson,Amari,Boston College,692,2026,CB,,,,,,,,,,
Ryan,Carsen,BYU,693,2026,TE,,,,,,,,,,
Kelly,Eddie,West Virginia,694,2026,DL,,,,,,,,,,
Glover,Jaron,Mississippi State,695,2026,WR,,,,,,,,,,
Redwood,Asani,West Virginia,696,2026,DL,,,,,,,,,,
Hausmann,Ernest,Michigan,697,2026,LB,,,,,,,,,,
Saunders,Donovan,Utah,698,2026,CB,,,,,,,,,,
Donaldson,C.J.,Ohio State,699,2026,RB,,,,,,,,,,
Allen,Marcus,North Carolina,700,2026,CB,,,,,,,,,,
Lucas,Jaylin,Florida State,701,2026,RB,,,,,,,,,,
Brown,Byrum,South Florida,702,2026,QB,,,,,,,,,,
Paul,Andrew,Jacksonville State,703,2026,RB,,,,,,,,,,
Fifita,Noah,Arizona,704,2026,QB,,,,,,,,,,
Reese,Richard,Stephen F. Austin,705,2026,RB,,,,,,,,,,
Pyburn,Jack,LSU,706,2026,EDGE,,,,,,,,,,
Ross-Simmons,Justus,Syracuse,707,2026,WR,,,,,,,,,,
Sorsby,Brendan,Cincinnati,708,2026,QB,,,,,,,,,,
Burke,Ethan,Texas,709,2026,EDGE,,,,,,,,,,
Agu,Darren,New Mexico,710,2026,EDGE,,,,,,,,,,
Gibson,Gavin,North Carolina,711,2026,CB,,,,,,,,,,
FitzSimmons,Sean,Pittsburgh,712,2026,DL,,,,,,,,,,
Bock II,John,Tulane,713,2026,IOL,,,,,,,,,,
Young,Colbie,Georgia,714,2026,WR,,,,,,,,,,
Ball,Cameron,Arkansas,715,2026,DL,,,,,,,,,,
Earby,Jeremiah,Boise State,716,2026,CB,,,,,,,,,,
Pollard,Jordan,San Jose State,717,2026,LB,,,,,,,,,,
St. Louis,Lance,Texas,718,2026,LS,,,,,,,,,,
Joly,Justin,NC State,719,2026,TE,,,,,,,,,,
Cole,Jay'Vion,Arizona,720,2026,CB,,,,,,,,,,
McCoy,Bryan,Oklahoma State,721,2026,LB,,,,,,,,,,
Williams,James,Florida State,722,2026,EDGE,,,,,,,,,,
Kirkland,Justin,BYU,723,2026,DL,,,,,,,,,,
Silver,Keeshawn,USC,724,2026,DL,,,,,,,,,,
Foreman,Korey,Fresno State,725,2026,EDGE,,,,,,,,,,
Payne,Damon,Michigan,726,2026,DL,,,,,,,,,,
Rucci,Nolan,Penn State,727,2026,OT,,,,,,,,,,
Salter,Kaidon,Colorado,728,2026,QB,,,,,,,,,,
Nelson Jr.,Keenan,Ohio State,729,2026,S,,,,,,,,,,
Huard,Sam,USC,730,2026,QB,,,,,,,,,,
Sorey Jr.,Xavian,Arkansas,731,2026,LB,,,,,,,,,,
Ryan,Sage,Mississippi,732,2026,S,,,,,,,,,,
Rubio,Gabriel,Notre Dame,733,2026,DL,,,,,,,,,,
Dotson-Oyetade,Ezra,Texas State,734,2026,IOL,,,,,,,,,,
Daniel-Sisavanh,David,Troy,735,2026,S,,,,,,,,,,
Zambrano,Hunter,Texas Tech,736,2026,IOL,,,,,,,,,,
Brown,Prophet,USC,737,2026,CB,,,,,,,,,,
Michalski,Zen,Indiana,738,2026,OT,,,,,,,,,,
Morris,Micah,Georgia,739,2026,IOL,,,,,,,,,,
Adeleye,Tunmise,UNLV,740,2026,DL,,,,,,,,,,
McClain,Malik,Arizona State,741,2026,WR,,,,,,,,,,
Hilton,Chris,LSU,742,2026,WR,,,,,,,,,,
Jackson,Cody,Tarleton State,743,2026,WR,,,,,,,,,,
Smith,Clayton,Arizona State,744,2026,EDGE,,,,,,,,,,
Prochazka,Teddy,Nebraska,745,2026,OT,,,,,,,,,,
Brinson,Romello,SMU,746,2026,WR,,,,,,,,,,
Carter,Bryce,Texas State,747,2026,DL,,,,,,,,,,
Davis Jr.,Derrick,Pittsburgh,748,2026,RB,,,,,,,,,,
Banks,Shadrach,UTSA,749,2026,LB,,,,,,,,,,
Gilliam,Kelvin,Virginia Tech,750,2026,DL,,,,,,,,,,
Johnson,J.K.,Oklahoma State,751,2026,CB,,,,,,,,,,
Drones,Kyron,Virginia Tech,752,2026,QB,,,,,,,,,,
Walden,Bram,Arizona State,753,2026,IOL,,,,,,,,,,
Ferguson II,Terrence,Syracuse,754,2026,IOL,,,,,,,,,,
Wright,Ceyair,Nebraska,755,2026,CB,,,,,,,,,,
King,Wes,Wyoming,756,2026,IOL,,,,,,,,,,
Lawson,Keli,UCF,757,2026,LB,,,,,,,,,,
Poku,Emmanuel,East Carolina,758,2026,IOL,,,,,,,,,,
Brooks,Dylan,Kansas,759,2026,EDGE,,,,,,,,,,
Del Rio-Wilson,Carlos,Marshall,760,2026,QB,,,,,,,,,,
Ballard,Jayden,Wisconsin,761,2026,WR,,,,,,,,,,
Leary,Christian,Western Michigan,762,2026,WR,,,,,,,,,,
Malone,Tywone,Ohio State,763,2026,DL,,,,,,,,,,
Calloway,Kadarius,New Mexico State,764,2026,RB,,,,,,,,,,
Ware-Hudson,Kyron,Penn State,765,2026,WR,,,,,,,,,,
Byrd,Savion,SMU,766,2026,IOL,,,,,,,,,,
Deal,Devean,TCU,767,2026,EDGE,,,,,,,,,,
Benzschawel,J.P.,Wisconsin,768,2026,IOL,,,,,,,,,,
Aybar,Wilfredo,Stanford,769,2026,EDGE,,,,,,,,,,
Gilbert,Jardin,LSU,770,2026,S,,,,,,,,,,
Pryor,Evan,Cincinnati,771,2026,RB,,,,,,,,,,
Goodwin,Armoni,UT Martin,772,2026,RB,,,,,,,,,,
Green,Nyland,Arizona State,773,2026,CB,,,,,,,,,,
Pena,Trebor,Penn State,774,2026,WR,,,,,,,,,,
Denhoff,Cade,Clemson,775,2026,EDGE,,,,,,,,,,
Kollie,Prince,Vanderbilt,776,2026,LB,,,,,,,,,,
Koht,Keanu,Vanderbilt,777,2026,EDGE,,,,,,,,,,
Smith,Devonta,Notre Dame,778,2026,CB,,,,,,,,,,
Johnson Jr.,L.J.,California,779,2026,RB,,,,,,,,,,
Earle,JoJo,UNLV,780,2026,WR,,,,,,,,,,
Cardwell,Byron,San Diego State,781,2026,RB,,,,,,,,,,
Burris,Marcus,Memphis,782,2026,DL,,,,,,,,,,
Thompson,Ty,Tulane,783,2026,TE,,,,,,,,,,
Colzie,Deion,Miami (OH),784,2026,WR,,,,,,,,,,
Hill,Destyn,LSU,785,2026,WR,,,,,,,,,,
McGhee,Damarius,Florida Atlantic,786,2026,CB,,,,,,,,,,
Morton,Behren,Texas Tech,787,2026,QB,,,,,,,,,,
Altmyer,Luke,Illinois,788,2026,QB,,,,,,,,,,
Davis,Raesjon,Oregon State,789,2026,LB,,,,,,,,,,
Cooley,Trevion,Troy,790,2026,RB,,,,,,,,,,
Calvert,Ethan,Cal Poly,791,2026,LB,,,,,,,,,,
Benson,Malik,Oregon,792,2026,WR,,,,,,,,,,
Daniels,Kendal,Oklahoma,793,2026,S,,,,,,,,,,
Patterson,Zaire,Clemson,794,2026,EDGE,,,,,,,,,,
Dickerson,Avante,Arkansas State,795,2026,CB,,,,,,,,,,
Patterson,Davaughn,Wake Forest,796,2026,S,,,,,,,,,,
Williams,Jeremiah,Texas A&M,797,2026,EDGE,,,,,,,,,,
Stone,Preston,Northwestern,798,2026,QB,,,,,,,,,,
Onyedim,Tyler,Texas A&M,799,2026,DL,,,,,,,,,,
Anderson,Raheem,Western Michigan,800,2026,IOL,,,,,,,,,,
Collins,Dacari,Louisville,801,2026,WR,,,,,,,,,,
Anthony,Andrel,Duke,802,2026,WR,,,,,,,,,,
Ishmael,Jabari,Southern Miss,803,2026,EDGE,,,,,,,,,,
Davies,Jaylin,Oklahoma State,804,2026,CB,,,,,,,,,,
Styles Jr.,Lorenzo,Ohio State,805,2026,CB,,,,,,,,,,
Jefferson,Jonathan,SMU,806,2026,DL,,,,,,,,,,
Green,Taylen,Arkansas,807,2026,QB,,,,,,,,,,
Doman,Tommy,Florida,808,2026,P,,,,,,,,,,
Diggs,Logan,Mississippi,809,2026,RB,,,,,,,,,,
Manjack IV,Joseph,TCU,810,2026,WR,,,,,,,,,,
Henderson,Jason,Old Dominion,811,2026,LB,,,,,,,,,,
Brown,Jared,South Carolina,812,2026,WR,,,,,,,,,,
Bray,Jaden,West Virginia,813,2026,WR,,,,,,,,,,
Fields,Horatio,Auburn,814,2026,WR,,,,,,,,,,
Taylor,Kolbey,Vanderbilt,815,2026,CB,,,,,,,,,,
Favors,Jordan,Appalachian State,816,2026,S,,,,,,,,,,
Thomas,Rara,Troy,817,2026,WR,,,,,,,,,,
Boykins,DeAndre,Oklahoma State,818,2026,CB,,,,,,,,,,
Gosnell,Benji,Virginia Tech,819,2026,TE,,,,,,,,,,
Giudice,Dominick,Missouri,820,2026,IOL,,,,,,,,,,
Coogan,Pat,Indiana,821,2026,IOL,,,,,,,,,,
McCaskill IV,Alton,Sam Houston State,822,2026,RB,,,,,,,,,,
Thomas,Jayden,Virginia,823,2026,WR,,,,,,,,,,
Metayer,Chamon,Arizona State,824,2026,TE,,,,,,,,,,
Gusta,David,Kentucky,825,2026,DL,,,,,,,,,,
Rosiek,Dylan,Illinois,826,2026,LB,,,,,,,,,,
Retzlaff,Jake,Tulane,827,2026,QB,,,,,,,,,,
Gentry,Eric,USC,828,2026,LB,,,,,,,,,,
Sydnor,Khordae,Vanderbilt,829,2026,EDGE,,,,,,,,,,
Platt Jr.,Corey,Houston,830,2026,LB,,,,,,,,,,
Bradley,Jerand,Kansas State,831,2026,WR,,,,,,,,,,
Haynes,Jamal,Georgia Tech,832,2026,RB,,,,,,,,,,
Brown,Sean,NC State,833,2026,LB,,,,,,,,,,
Curry,Caden,Ohio State,834,2026,EDGE,,,,,,,,,,
Rusk,Cole,Illinois,835,2026,TE,,,,,,,,,,
Kelly,Jack,BYU,836,2026,LB,,,,,,,,,,
Woodson,Caleb,Virginia Tech,837,2026,LB,,,,,,,,,,
van den Berg,Jordan,Georgia Tech,838,2026,DL,,,,,,,,,,
Savea,Tiaoalii,Arizona,839,2026,DL,,,,,,,,,,
Chestnut,Darian,Syracuse,840,2026,CB,,,,,,,,,,
Allen,Cyrus,Cincinnati,841,2026,WR,,,,,,,,,,
Hallman,Ricardo,Wisconsin,842,2026,CB,,,,,,,,,,
Carnell,Daylan,Missouri,843,2026,S,,,,,,,,,,
Davis,Carter,Boston College,844,2026,S,,,,,,,,,,
Thomas,Jacob,James Madison,845,2026,S,,,,,,,,,,
Stribling,De'Zhaun,Mississippi,846,2026,WR,,,,,,,,,,
Lawrence,Malachi,UCF,847,2026,EDGE,,,,,,,,,,
Kacmarek,Will,Ohio State,848,2026,TE,,,,,,,,,,
Zimmerly,Cade,Bowling Green,849,2026,IOL,,,,,,,,,,
Sharp,Bauer,LSU,850,2026,TE,,,,,,,,,,
Blay,David,Miami (FL),851,2026,DL,,,,,,,,,,
Hodge,Preston,Colorado,852,2026,CB,,,,,,,,,,
Traore,Seydou,Mississippi State,853,2026,TE,,,,,,,,,,
Atkinson,Beau,Ohio State,854,2026,EDGE,,,,,,,,,,
Prather,Elijah,Troy,855,2026,IOL,,,,,,,,,,
Auburn,Bert,Miami (FL),856,2026,K,,,,,,,,,,
Geers,Jameson,Minnesota,857,2026,TE,,,,,,,,,,
Waites,Kamryn,Florida,858,2026,IOL,,,,,,,,,,
Grimes,Tony,Purdue,859,2026,CB,,,,,,,,,,
Smalls,Sav'ell,Colorado,860,2026,TE,,,,,,,,,,
Greene,Malcolm,UMass,861,2026,S,,,,,,,,,,
Alford,Xavion,Arizona State,862,2026,S,,,,,,,,,,
Omeire,Troy,UNLV,863,2026,WR,,,,,,,,,,
Braun,Joshua,Kentucky,864,2026,IOL,,,,,,,,,,
Gentry,Andrew,BYU,865,2026,OT,,,,,,,,,,
Sims,Jeff,Arizona State,866,2026,QB,,,,,,,,,,
Baker,Tosh,Notre Dame,867,2026,OT,,,,,,,,,,
Ogunbiyi,Aki,Colorado,868,2026,IOL,,,,,,,,,,
Williams,E.J.,Indiana,869,2026,WR,,,,,,,,,,
Davis II,Fred,Northwestern,870,2026,CB,,,,,,,,,,
Scott,Keionte,Miami (FL),871,2026,CB,,,,,,,,,,
Pyne,Drew,Bowling Green,872,2026,QB,,,,,,,,,,
Clowney,Demon,South Carolina,873,2026,EDGE,,,,,,,,,,
Lawrence,Key,UCLA,874,2026,CB,,,,,,,,,,
Lynch,Kadin,William & Mary,875,2026,IOL,,,,,,,,,,
King,Haynes,Georgia Tech,876,2026,QB,,,,,,,,,,
Johnson,Max,North Carolina,877,2026,QB,,,,,,,,,,
Butler,Jimari,LSU,878,2026,EDGE,,,,,,,,,,
Corcoran,Turner,Nebraska,879,2026,IOL,,,,,,,,,,
Doost,Alexander,Arizona,880,2026,IOL,,,,,,,,,,
Trayanum,Chip,Toledo,881,2026,RB,,,,,,,,,,
Kamara,Bangally,Kansas,882,2026,LB,,,,,,,,,,
Wright,Jeremiah,Auburn,883,2026,IOL,,,,,,,,,,
Lindberg,Chad,North Carolina,884,2026,IOL,,,,,,,,,,
Grimes,Reggie,Memphis,885,2026,EDGE,,,,,,,,,,
Dix Jr.,Stephen,Arkansas,886,2026,LB,,,,,,,,,,
Scott,Miles,Illinois,887,2026,S,,,,,,,,,,
Stewart,Terion,Virginia Tech,888,2026,RB,,,,,,,,,,
Parks,Walker,Clemson,889,2026,IOL,,,,,,,,,,
Williams,Roydell,Florida State,890,2026,RB,,,,,,,,,,
Harvey,DJ,USC,891,2026,CB,,,,,,,,,,
Maclin,Ja'Mori,Kentucky,892,2026,WR,,,,,,,,,,
Van Dyke,Tyler,SMU,893,2026,QB,,,,,,,,,,
Wade,Dillon,Auburn,894,2026,IOL,,,,,,,,,,
White,Jordan,Vanderbilt,895,2026,IOL,,,,,,,,,,
Bailey,Matthew,Illinois,896,2026,S,,,,,,,,,,
Daniels,Jalon,Kansas,897,2026,QB,,,,,,,,,,
Thompson,Stefon,Florida State,898,2026,LB,,,,,,,,,,
Lacy,Caullin,Louisville,899,2026,WR,,,,,,,,,,
Carter,Jahmeer,Virginia,900,2026,DL,,,,,,,,,,
Prunty,Karon,Wake Forest,901,2026,CB,,,,,,,,,,
Hight,Martel,Vanderbilt,902,2026,CB,,,,,,,,,,
Edmond,Gilber,South Carolina,903,2026,EDGE,,,,,,,,,,
Graham,D.J.,Kansas,904,2026,CB,,,,,,,,,,
Ford,Courtland,UCLA,905,2026,OT,,,,,,,,,,
Berger,Jalen,UCLA,906,2026,RB,,,,,,,,,,
Stukes,Treydan,Arizona,907,2026,CB,,,,,,,,,,
Zdroik,Payton,Air Force,908,2026,DL,,,,,,,,,,
Lowery Jr.,Leon,Illinois,909,2026,LB,,,,,,,,,,
Bennett,Braydon,Virginia Tech,910,2026,RB,,,,,,,,,,
Pavia,Diego,Vanderbilt,911,2026,QB,,,,,,,,,,
Dawkins,Nick,Penn State,912,2026,IOL,,,,,,,,,,
Richardson,Dominic,Tulsa,913,2026,RB,,,,,,,,,,
Skipper,Tyree,Louisiana-Lafayette,914,2026,S,,,,,,,,,,
Faison,Rahsul,South Carolina,915,2026,RB,,,,,,,,,,
Whittington,Noah,Oregon,916,2026,RB,,,,,,,,,,
Greene,Donavon,Virginia Tech,917,2026,WR,,,,,,,,,,
Wollschlaeger,Alex,Kentucky,918,2026,OT,,,,,,,,,,
Sluka,Matthew,James Madison,919,2026,QB,,,,,,,,,,
Coleman,Tavian,Colorado,920,2026,DL,,,,,,,,,,
Johnson,Ja'Varrius,UCF,921,2026,WR,,,,,,,,,,
McNamara,Cade,East Tennessee State,922,2026,QB,,,,,,,,,,
Coleman,Ben,Arizona State,923,2026,IOL,,,,,,,,,,
Bedford,Matthew,Oregon,924,2026,OT,,,,,,,,,,
Clary,Antonio,Virginia,925,2026,S,,,,,,,,,,
Toure,Mohamed,Miami (FL),926,2026,LB,,,,,,,,,,
Finn,Dequan,Miami (OH),927,2026,QB,,,,,,,,,,
Calzada,Zach,Kentucky,928,2026,QB,,,,,,,,,,
Damuni,Levani,Utah,929,2026,LB,,,,,,,,,,
Lagway,DJ,Florida,1,2027,QB,,,,,,,,,,
Manning,Arch,Texas,2,2027,QB,,,,,,,,,,
Raiola,Dylan,Nebraska,3,2027,QB,,,,,,,,,,
Williams,Ryan,Alabama,4,2027,WR,,,,,,,,,,
Knapp,Anthonie,Notre Dame,5,2027,OT,,,,,,,,,,
Ross,Jordan,Tennessee,6,2027,DL,,,,,,,,,,
Stewart,Dylan,South Carolina,7,2027,EDGE,,,,,,,,,,
Sayin,Julian,Ohio State,8,2027,QB,,,,,,,,,,
Moore,Leonard,Notre Dame,9,2027,CB,,,,,,,,,,
Frederique Jr.,OJ,Miami (FL),10,2027,CB,,,,,,,,,,
Perich,Koi,Minnesota,11,2027,S,,,,,,,,,,
Jackson,Jayden,Oklahoma State,12,2027,DL,,,,,,,,,,
Scott,Justin,Miami (FL),13,2027,DL,,,,,,,,,,
Bolden,KJ,Georgia,14,2027,S,,,,,,,,,,
Moore,TJ,Clemson,15,2027,WR,,,,,,,,,,
Brown,Sammy,Clemson,16,2027,LB,,,,,,,,,,
Simmons,Colin,Texas,17,2027,EDGE,,,,,,,,,,
Watson,Maraad,Texas,18,2027,DL,,,,,,,,,,
Frazier,Nate,Georgia,19,2027,RB,,,,,,,,,,
Hampton,Ashton,Clemson,20,2027,CB,,,,,,,,,,
Bowen,Eli,Oklahoma,21,2027,CB,,,,,,,,,,
Rushing,Elijah,Oregon,22,2027,EDGE,,,,,,,,,,
Marsh,Nick,Michigan State,23,2027,WR,,,,,,,,,,
Robinson IV,Ellis,Georgia,24,2027,CB,,,,,,,,,,
Carter,Noah,Alabama,25,2027,EDGE,,,,,,,,,,
Brown,Isaac,Louisville,26,2027,RB,,,,,,,,,,
Carter,Boo,Tennessee,27,2027,CB,,,,,,,,,,
Smith,Jeremiah,Ohio State,28,2027,WR,,,,,,,,,,
Seaton,Jordan,Colorado,29,2027,OT,,,,,,,,,,
Thompson,Josiah,South Carolina,30,2027,OT,,,,,,,,,,
Coleman,Cam,Auburn,31,2027,WR,,,,,,,,,,
Wesco,Bryant,Clemson,32,2027,WR,,,,,,,,,,
Banfield,Aidan,North Carolina,33,2027,IOL,,,,,,,,,,
McCray,LJ,Florida,34,2027,EDGE,,,,,,,,,,
Degraaf,Decker,Washington,35,2027,TE,,,,,,,,,,
Mbakwe,Jaylen,Alabama,36,2027,WR,,,,,,,,,,
Kromenhoek,Luke,Florida State,37,2027,QB,,,,,,,,,,
Crawford,Jay,Auburn,38,2027,CB,,,,,,,,,,
Brewu,Francis,Pittsburgh,39,2027,DL,,,,,,,,,,
Baker,Brandon,Texas,40,2027,OT,,,,,,,,,,
Scott Jr.,Aaron,Ohio State,41,2027,CB,,,,,,,,,,
Zandamela,Jason,Florida,42,2027,IOL,,,,,,,,,,
Stone,David,Oklahoma,43,2027,DL,,,,,,,,,,
Cole,Chris,Georgia,44,2027,LB,,,,,,,,,,
Mincey,Zavier,Alabama,45,2027,S,,,,,,,,,,
Nwaneri,Williams,Nebraska,46,2027,DL,,,,,,,,,,
Spears,Dashawn,LSU,47,2027,S,,,,,,,,,,
Heywood,Kevin,Wisconsin,48,2027,OT,,,,,,,,,,
Reynolds,Luke,Penn State,49,2027,TE,,,,,,,,,,
Black,Kobe,Texas,50,2027,CB,,,,,,,,,,
Wingo,Ryan,Texas,51,2027,WR,,,,,,,,,,
Phillips Jr.,Dwight,Georgia,53,2027,RB,,,,,,,,,,
Williams,Amaree,Florida State,54,2027,TE,,,,,,,,,,
Noland,Air,South Carolina,55,2027,QB,,,,,,,,,,
Williams,Amaris,Auburn,56,2027,EDGE,,,,,,,,,,
Blount,Armondo,Miami (FL),57,2027,DL,,,,,,,,,,
Sprague,Andrew,Michigan,58,2027,OT,,,,,,,,,,
White Jr.,Antonio,Rutgers,59,2027,S,,,,,,,,,,
Warren,Bennett,Tennessee,60,2027,OT,,,,,,,,,,
Bethel-Roman,Ashton,Texas A&M,61,2027,WR,,,,,,,,,,
Pickett Jr.,Booker,Miami (FL),62,2027,EDGE,,,,,,,,,,
Ivy,Blake,Texas A&M,63,2027,OT,,,,,,,,,,
Johnson,Brauntae,Notre Dame,64,2027,S,,,,,,,,,,
Prieskorn,Brady,Michigan,65,2027,TE,,,,,,,,,,
Cain,Bryce,Auburn,66,2027,WR,,,,,,,,,,
West,Bryce,Ohio State,67,2027,CB,,,,,,,,,,
Staley,Braylon,Tennessee,68,2027,WR,,,,,,,,,,
Odom,Caleb,Alabama,69,2027,TE,,,,,,,,,,
Carr,CJ,Notre Dame,70,2027,QB,,,,,,,,,,
Bates,Cai,Florida State,71,2027,CB,,,,,,,,,,
Nelson,Carter,Nebraska,72,2027,TE,,,,,,,,,,
Poe,Casey,Alabama,73,2027,IOL,,,,,,,,,,
Jones,Carlon,USC,74,2027,DL,,,,,,,,,,
Lester III,Charles,Florida State,75,2027,CB,,,,,,,,,,
Echols,Coen,LSU,76,2027,IOL,,,,,,,,,,
Cousins,Cooper,Penn State,77,2027,IOL,,,,,,,,,,
Bentancur,Christian,Clemson,78,2027,TE,,,,,,,,,,
Warner,DJ,Kansas,79,2027,EDGE,,,,,,,,,,
Crutchfield,Courtney,Missouri,80,2027,WR,,,,,,,,,,
Mitchell,Davon,Oklahoma,81,2027,TE,,,,,,,,,,
Calhoun,Daniel,Georgia,82,2027,OT,,,,,,,,,,
Evans,Dealyn,Texas A&M,83,2027,DL,,,,,,,,,,
James,Daniel,Cincinnati,84,2027,CB,,,,,,,,,,
Mayo,Darien,Clemson,85,2027,DL,,,,,,,,,,
Jones,Dilin,Wisconsin,86,2027,RB,,,,,,,,,,
Johnson,Dillan,Wisconsin,87,2027,DL,,,,,,,,,,
Baxter,Devon,Michigan,88,2027,EDGE,,,,,,,,,,
Carter,Dontae,Vanderbilt,89,2027,S,,,,,,,,,,
Houston,Eddrick,Ohio State,90,2027,DL,,,,,,,,,,
McKinley,Dominick,LSU,91,2027,DL,,,,,,,,,,
Brown,Elijah,Stanford,92,2027,QB,,,,,,,,,,
Newby,Elijah,USC,93,2027,LB,,,,,,,,,,
Willor Jr.,Ernest,Wisconsin,94,2027,DL,,,,,,,,,,
Mandell,Emerson,Wisconsin,95,2027,IOL,,,,,,,,,,
Brooks,Eugene,Oklahoma,96,2027,IOL,,,,,,,,,,
Johnson,Fred,South Carolina,97,2027,LB,,,,,,,,,,
Westphal,Fletcher,Florida,98,2027,OT,,,,,,,,,,
Williams,Gabe,Virginia Tech,99,2027,LB,,,,,,,,,,
Stover,Garrett,Ohio State,100,2027,LB,,,,,,,,,,
Sexton,Garrett,Penn State,101,2027,OT,,,,,,,,,,
Bair,Gatlin,Oregon,102,2027,WR,,,,,,,,,,
Hejny,Hauss,TCU,103,2027,QB,,,,,,,,,,
Hawkins,Gus,Kansas State,104,2027,OT,,,,,,,,,,
Carreon,Ivan,Oklahoma,105,2027,WR,,,,,,,,,,
Smith,Jacob,Kentucky,106,2027,EDGE,,,,,,,,,,
Davis,Jadyn,Michigan,107,2027,QB,,,,,,,,,,
Merklinger,Jake,Tennessee,108,2027,QB,,,,,,,,,,
Nesta,James,Oklahoma,109,2027,LB,,,,,,,,,,
Peoples,James,Ohio State,110,2027,RB,,,,,,,,,,
Brown,Jaylen,Missouri,111,2027,DL,,,,,,,,,,
Ross,Jayshawn,Alabama,112,2027,EDGE,,,,,,,,,,
Beaman,Jeremiah,Alabama,113,2027,DL,,,,,,,,,,
Johnson,Jericho,Oregon,114,2027,DL,,,,,,,,,,
Smith II,Jerod,Kentucky,115,2027,EDGE,,,,,,,,,,
Melvin,Jeremiah,Wake Forest,116,2027,WR,,,,,,,,,,
Mitchell,Jon,Penn State,117,2027,CB,,,,,,,,,,
Marshall,Jordan,Michigan,118,2027,RB,,,,,,,,,,
Lyle,Jordan,Miami (FL),119,2027,RB,,,,,,,,,,
Trader,Joshisa,Miami (FL),120,2027,WR,,,,,,,,,,
Thomas,Jordan,Georgia,121,2027,DL,,,,,,,,,,
Beasley,Kaleb,Tennessee,122,2027,CB,,,,,,,,,,
Franklin,Kam,Mississippi,123,2027,DL,,,,,,,,,,
Fountain,Kameryn,USC,124,2027,DL,,,,,,,,,,
Young,Kedren,Notre Dame,125,2027,RB,,,,,,,,,,
Mothudi,Kamar,Oregon,126,2027,LB,,,,,,,,,,
Beasley,Koy,Purdue,127,2027,S,,,,,,,,,,
Lopa,Kingston,Oregon,128,2027,S,,,,,,,,,,
Altuner,Kyle,West Virginia,129,2027,IOL,,,,,,,,,,
Thomas,Loghan,Notre Dame,130,2027,EDGE,,,,,,,,,,
Viliamu-Asa,Kyngstonn,Notre Dame,131,2027,LB,,,,,,,,,,
Ziglar,Malcolm,North Carolina,132,2027,S,,,,,,,,,,
Itete,Manasse,Florida State,133,2027,IOL,,,,,,,,,,
Harpring,Luke,Georgia Tech,134,2027,TE,,,,,,,,,,
Easley,Marques,Georgia,135,2027,OT,,,,,,,,,,
LeBlanc,Max,Ohio State,136,2027,TE,,,,,,,,,,
Danzy,Micahi,Florida State,137,2027,RB,,,,,,,,,,
Matthews,Mike,Tennessee,138,2027,WR,,,,,,,,,,
Uini,Michael,Georgia,139,2027,OT,,,,,,,,,,
Johnson,Nasir,Georgia,140,2027,DL,,,,,,,,,,
Graham,Myles,Florida,141,2027,LB,,,,,,,,,,
Carr,Ny,Miami (FL),142,2027,WR,,,,,,,,,,
Tuggle,Nitro,Georgia,143,2027,WR,,,,,,,,,,
Daniels,Nyier,Georgia,144,2027,OT,,,,,,,,,,
Thompson,Perry,Auburn,145,2027,WR,,,,,,,,,,
Pierce,Payton,Ohio State,146,2027,LB,,,,,,,,,,
Powers III,Reggie,Oklahoma,147,2027,S,,,,,,,,,,
Sunram,Riley,Minnesota,148,2027,DL,,,,,,,,,,
Jones,Ricardo,Clemson,149,2027,S,,,,,,,,,,
Pellum,Ryan,Oregon,150,2027,WR,,,,,,,,,,
Bridges,Selman,Arkansas,151,2027,CB,,,,,,,,,,
Hawkins,Tank,Florida,152,2027,WR,,,,,,,,,,
Grant,Tarrion,Purdue,153,2027,CB,,,,,,,,,,
Williams,Solomon,Texas A&M,154,2027,EDGE,,,,,,,,,,
Mack,Wardell,Texas,155,2027,CB,,,,,,,,,,
Singleton,Tylen,LSU,156,2027,LB,,,,,,,,,,
Davis,Weston,LSU,157,2027,OT,,,,,,,,,,
Filsaime,Xavier,Texas,158,2027,S,,,,,,,,,,
Jordan,Xavier,USC,159,2027,WR,,,,,,,,,,
Echoles,William,Mississippi,160,2027,DL,,,,,,,,,,
Patterson,Zaquan,Miami (FL),161,2027,S,,,,,,,,,,
Brown,Zabien,Alabama,162,2027,CB,,,,,,,,,,
Umeozulu,Zina,Texas,163,2027,EDGE,,,,,,,,,,
Kearney,Zion,Oklahoma,164,2027,WR,,,,,,,,,,
Flowers,Aaron,Oregon,165,2027,S,,,,,,,,,,
Jones,Artavius,Miami (FL),166,2027,DL,,,,,,,,,,
Frazier,Blake,Michigan,167,2027,OT,,,,,,,,,,
Jefferson,Amari,Alabama,168,2027,WR,,,,,,,,,,
Robinson,Chance,Miami (FL),169,2027,WR,,,,,,,,,,
Platt,Brayden,Oregon,170,2027,LB,,,,,,,,,,
Shaw,Bradley,Arkansas,171,2027,LB,,,,,,,,,,
Fields,Dakoda,Oregon,172,2027,CB,,,,,,,,,,
Hill,Daniel,Alabama,173,2027,RB,,,,,,,,,,
Kirks,Dominic,Ohio State,174,2027,DL,,,,,,,,,,
Gipson,Corian,Clemson,175,2027,CB,,,,,,,,,,
Groves,Elijah,NC State,176,2027,LB,,,,,,,,,,
Satuala,Faletau,BYU,177,2027,LB,,,,,,,,,,
Hoffman,Gavin,Iowa,178,2027,TE,,,,,,,,,,
Grunkemeyer,Ethan,Penn State,179,2027,QB,,,,,,,,,,
Garcia,Isaiah,Utah,180,2027,OT,,,,,,,,,,
Williams,Izaiah,Texas A&M,181,2027,WR,,,,,,,,,,
Moore,Ian,Ohio State,182,2027,IOL,,,,,,,,,,
Watkins,Jelani,LSU,183,2027,WR,,,,,,,,,,
Tremble,Jamie,Syracuse,184,2027,TE,,,,,,,,,,
McClellan,Jeremiah,Oregon,185,2027,WR,,,,,,,,,,
Edmond,Jo'Ziah,Michigan,186,2027,CB,,,,,,,,,,
Paylor,Jonathan,NC State,187,2027,WR,,,,,,,,,,
Daniels,KD,Florida,188,2027,RB,,,,,,,,,,
Williams,Justin,Georgia,189,2027,LB,,,,,,,,,,
Riley,Kevin,Alabama,190,2027,RB,,,,,,,,,,
Pringle,Kam,South Carolina,191,2027,OT,,,,,,,,,,
Edokpayi,Lugard,Michigan,192,2027,EDGE,,,,,,,,,,
Williams,Marcelles,USC,193,2027,CB,,,,,,,,,,
Billiot,Kylan,LSU,194,2027,WR,,,,,,,,,,
Lightfoot,Marquise,Miami (FL),195,2027,EDGE,,,,,,,,,,
Turner Jr.,Michael,LSU,196,2027,CB,,,,,,,,,,
Smith,Michael,South Carolina,197,2027,TE,,,,,,,,,,
Evans,Ondre,Georgia,198,2027,CB,,,,,,,,,,
Roy,Nathan,Minnesota,199,2027,IOL,,,,,,,,,,
Lewis,Peyton,Tennessee,200,2027,RB,,,,,,,,,,
McRoy,Shaq,Oregon,201,2027,OT,,,,,,,,,,
Green,Trey'Dez,LSU,202,2027,TE,,,,,,,,,,
Nolan,Will,Iowa,203,2027,OT,,,,,,,,,,
Hammond,Will,Texas Tech,204,2027,QB,,,,,,,,,,
Gibson,Jerrick,Texas,205,2027,RB,,,,,,,,,,
Young,Rustin,Michigan State,206,2027,OT,,,,,,,,,,
Toure,Vaboue,Penn State,207,2027,S,,,,,,,,,,
Hampton,Aeryn,Alabama,208,2027,WR,,,,,,,,,,
McBryde,Dashawn,LSU,209,2027,S,,,,,,,,,,
Rudolph,Elias,Miami (FL),210,2027,EDGE,,,,,,,,,,
McClain,Jaylen,Ohio State,211,2027,S,,,,,,,,,,
Pride,Jordan,Texas A&M,212,2027,S,,,,,,,,,,
Saina,Makai,USC,213,2027,IOL,,,,,,,,,,
Morgan,Peyton,Texas Tech,214,2027,S,,,,,,,,,,
Wilson,Santana,Arizona,215,2027,CB,,,,,,,,,,
Davis,Kam,Florida State,216,2027,RB,,,,,,,,,,
Jones,Kris,Georgia,217,2027,LB,,,,,,,,,,
Davis-Swain,Brandon,Colorado,219,2027,EDGE,,,,,,,,,,
Jones,Cayden,Alabama,220,2027,LB,,,,,,,,,,
Cruz,Daniel,Texas,221,2027,IOL,,,,,,,,,,
Gresham,Dillon,Oregon,222,2027,WR,,,,,,,,,,
Williams,Dylan,Oregon,223,2027,LB,,,,,,,,,,
Laws,Emmett,Virginia Tech,224,2027,DL,,,,,,,,,,
Oden,Jacob,Michigan,225,2027,S,,,,,,,,,,
Patterson,Jason,Kentucky,226,2027,RB,,,,,,,,,,
Daniels,Jonathan,Florida State,227,2027,OT,,,,,,,,,,
Greene,Justin,Georgia,228,2027,EDGE,,,,,,,,,,
Payne,Jeremy,TCU,229,2027,RB,,,,,,,,,,
Craver,Mario,Mississippi State,230,2027,WR,,,,,,,,,,
Van Buren,Michael,Mississippi State,231,2027,QB,,,,,,,,,,
Woodyard,Peyton,Oregon,232,2027,S,,,,,,,,,,
Feagin,Tavoy,Clemson,233,2027,CB,,,,,,,,,,
Bolo Mboumoua,Steve,Alabama,234,2027,EDGE,,,,,,,,,,
Collins,Charlie,Arkansas,235,2027,DL,,,,,,,,,,
Huff,Brian,Missouri,236,2027,LB,,,,,,,,,,
Carter,DeAndre,Auburn,237,2027,IOL,,,,,,,,,,
Ross,Emanuel,Rutgers,238,2027,WR,,,,,,,,,,
Stewart,I'Marion,Michigan,239,2027,WR,,,,,,,,,,
Williams,Justice,Colorado,240,2027,WR,,,,,,,,,,
Harrison,Marcus,Georgia,241,2027,OT,,,,,,,,,,
Turner,Michael,LSU,242,2027,WR,,,,,,,,,,
Johnson,Quintavius,Georgia,243,2027,EDGE,,,,,,,,,,
Mack,Ryan,Miami (FL),244,2027,CB,,,,,,,,,,
Owens,Trey,Texas,245,2027,QB,,,,,,,,,,
White,Walker,Auburn,246,2027,QB,,,,,,,,,,
Greco,Trajen,Missouri,247,2027,S,,,,,,,,,,
Holmes,Caleb,Pittsburgh,248,2027,IOL,,,,,,,,,,
Jones,Demello,Georgia,249,2027,S,,,,,,,,,,
Riddick,Demarcus,Auburn,250,2027,LB,,,,,,,,,,
Baker,Gekyle,TCU,251,2027,WR,,,,,,,,,,
Brix,Grant,Nebraska,252,2027,OT,,,,,,,,,,
Obidegwu,Ify,Oregon,253,2027,CB,,,,,,,,,,
Ahfua,Isendre,Texas A&M,254,2027,IOL,,,,,,,,,,
Reddell,Jaden,Georgia,255,2027,TE,,,,,,,,,,
Waller,Jamonta,Auburn,256,2027,EDGE,,,,,,,,,,
Hardy,Jaydan,Oklahoma,257,2027,S,,,,,,,,,,
Rush,Jeffery,Mississippi,258,2027,DL,,,,,,,,,,
Andrews,Liam,Penn State,259,2027,DL,,,,,,,,,,
McCoy,Lawayne,Florida State,260,2027,WR,,,,,,,,,,
Butler,Aaron,Texas,261,2027,WR,,,,,,,,,,
Dennis,Andrew,Illinois,262,2027,IOL,,,,,,,,,,
Williams,Cam,Notre Dame,263,2027,WR,,,,,,,,,,
Ofili,Cheta,Texas Tech,264,2027,EDGE,,,,,,,,,,
Lofton,Elija,Miami (FL),265,2027,TE,,,,,,,,,,
Graham,Mylan,Ohio State,266,2027,WR,,,,,,,,,,
Lane-Ganus,A'Mon,Auburn,267,2027,CB,,,,,,,,,,
Hayes,Adarius,Miami (FL),268,2027,LB,,,,,,,,,,
Maddox,Anthony,Mississippi,269,2027,QB,,,,,,,,,,
Funk,Ashton,Texas A&M,270,2027,OT,,,,,,,,,,
Umeh,Benedict,Stanford,271,2027,EDGE,,,,,,,,,,
Jacob,Brandon,Maryland,272,2027,S,,,,,,,,,,
Russell,Braylen,Arkansas,273,2027,RB,,,,,,,,,,
Burnside,Braylon,Mississippi State,274,2027,S,,,,,,,,,,
Jackson,CJ,LSU,275,2027,EDGE,,,,,,,,,,
Durham,Caden,LSU,276,2027,RB,,,,,,,,,,
Bowens,Chauncey,Georgia,277,2027,RB,,,,,,,,,,
Smith,Corey,Penn State,278,2027,RB,,,,,,,,,,
Holmes,DD,Florida State,279,2027,EDGE,,,,,,,,,,
Brinkley,Dakyus,Kansas,280,2027,LB,,,,,,,,,,
Okoye,Danny,Oklahoma,281,2027,EDGE,,,,,,,,,,
Johnson,De'Myrion,LSU,282,2027,DL,,,,,,,,,,
Lane,Dejuan,Penn State,284,2027,S,,,,,,,,,,
Williams Jr.,Demond,Washington,285,2027,QB,,,,,,,,,,
Harbour,Donovan,Penn State,286,2027,IOL,,,,,,,,,,
Stephenson,Dylan,Stanford,287,2027,EDGE,,,,,,,,,,
Dubose,Freddie,Texas,288,2027,WR,,,,,,,,,,
Winowich,Gabriel,Rutgers,289,2027,RB,,,,,,,,,,
Stec,Grant,Wisconsin,290,2027,TE,,,,,,,,,,
Hansen,Hogan,Michigan,291,2027,TE,,,,,,,,,,
Canion,Isiah,Georgia Tech,292,2027,WR,,,,,,,,,,
Harrell,JJ,Mississippi State,293,2027,WR,,,,,,,,,,
Smith,Jaden,Kentucky,294,2027,LB,,,,,,,,,,
Solomon,Jalewis,South Carolina,295,2027,CB,,,,,,,,,,
Crawford,Jalyn,Auburn,296,2027,CB,,,,,,,,,,
Grimsley,Jameer,Florida,297,2027,CB,,,,,,,,,,
Brown,Jason,Arizona State,298,2027,RB,,,,,,,,,,
Heyward,Jaylen,UCF,299,2027,S,,,,,,,,,,
Boston,Jimmar,NC State,301,2027,WR,,,,,,,,,,
Rogers,Joel,LSU,302,2027,S,,,,,,,,,,
Olsen,Joey,USC,303,2027,TE,,,,,,,,,,
Echols,Jonathan,South Florida,304,2027,TE,,,,,,,,,,
Washington,Jordan,Arizona,305,2027,RB,,,,,,,,,,
Johnson-Rubell,Jordon,Texas,306,2027,CB,,,,,,,,,,
Brown,Josiah,Penn State,307,2027,WR,,,,,,,,,,
Beavers,Kamron,Mississippi,308,2027,DL,,,,,,,,,,
Henderson,Kavion,Arkansas,309,2027,EDGE,,,,,,,,,,
Hunter,Kelvin,South Carolina,310,2027,S,,,,,,,,,,
Adams,Keylen,Virginia Tech,311,2027,WR,,,,,,,,,,
Edwards,King Joseph,Syracuse,312,2027,EDGE,,,,,,,,,,
Cobbins,Kolaj,LSU,313,2027,LB,,,,,,,,,,
Fox,Kylan,UCF,314,2027,TE,,,,,,,,,,
Gallegos,Marquis,USC,315,2027,S,,,,,,,,,,
Curtis,Mason,Michigan,316,2027,LB,,,,,,,,,,
Anderson,Max,Tennessee,317,2027,OT,,,,,,,,,,
Bennett,Mazeo,South Carolina,318,2027,WR,,,,,,,,,,
Gilbert,Micah,Notre Dame,319,2027,WR,,,,,,,,,,
Kibble,Nate,Texas,320,2027,IOL,,,,,,,,,,
Dixon,Noah,Clemson,321,2027,S,,,,,,,,,,
Williams,Ory,LSU,322,2027,OT,,,,,,,,,,
Woodland,PJ,LSU,323,2027,CB,,,,,,,,,,
Finau,Paki,Washington,324,2027,OT,,,,,,,,,,
Livingstone,Parker,Texas,325,2027,WR,,,,,,,,,,
Taumua,Preston,Nebraska,326,2027,IOL,,,,,,,,,,
Scott,Rico,Alabama,327,2027,WR,,,,,,,,,,
Jones,Samaj,Cincinnati,328,2027,QB,,,,,,,,,,
Dixon,Sterling,Alabama,329,2027,EDGE,,,,,,,,,,
Abrams,Tawaski,Florida,330,2027,WR,,,,,,,,,,
Galloway,Tayvion,Purdue,331,2027,TE,,,,,,,,,,
Nichols,Terhyon,Kentucky,332,2027,CB,,,,,,,,,,
Banks,Travaris,Mississippi,333,2027,CB,,,,,,,,,,
Flynn Jr.,Waltclaire,UCF,334,2027,IOL,,,,,,,,,,
Matthews,Walter,USC,335,2027,TE,,,,,,,,,,
Satterwhite,William,Tennessee,336,2027,IOL,,,,,,,,,,
Ragins,Zion,Oklahoma,337,2027,WR,,,,,,,,,,
Surace,AJ,Rutgers,338,2027,QB,,,,,,,,,,
Williams,Aneyas,Notre Dame,339,2027,RB,,,,,,,,,,
Buffington,Cam,Iowa,340,2027,LB,,,,,,,,,,
Clark,Christian,Texas,341,2027,RB,,,,,,,,,,
Sullivan,Cole,Pittsburgh,342,2027,LB,,,,,,,,,,
Hurley,Colin,LSU,343,2027,QB,,,,,,,,,,
Robinson,D'antre,Florida,344,2027,DL,,,,,,,,,,
Eziomume,David,Clemson,345,2027,RB,,,,,,,,,,
Davis,Dermaricus,UCLA,346,2027,QB,,,,,,,,,,
Stephens II,Desman,USC,347,2027,LB,,,,,,,,,,
Spillman,Edwin,Tennessee,348,2027,LB,,,,,,,,,,
Williams,Elias,Florida,349,2027,DL,,,,,,,,,,
Moore,Elijah,Maryland,350,2027,WR,,,,,,,,,,
Calloway,Ethan,North Carolina,351,2027,OT,,,,,,,,,,
VanSickle,Gabe,Michigan State,352,2027,IOL,,,,,,,,,,
Reliford,Gabriel,LSU,353,2027,DL,,,,,,,,,,
Smith,Gregory,Florida,354,2027,S,,,,,,,,,,
Brown-Shuler,Hevin,Clemson,355,2027,DL,,,,,,,,,,
Wilson,Isaac,Utah,356,2027,QB,,,,,,,,,,
McRoy,Jac'Qawn,Oregon,357,2027,OT,,,,,,,,,,
Ponton,Jacob,Texas Tech,358,2027,OT,,,,,,,,,,
Baugh,Jadan,Florida,359,2027,RB,,,,,,,,,,
Abasiri,Jide,Minnesota,360,2027,DL,,,,,,,,,,
Johnson,Ju’Juan,LSU,361,2027,CB,,,,,,,,,,
Duff,KJ,Baylor,362,2027,TE,,,,,,,,,,
Lindstrom,Kellen,Tennessee,363,2027,EDGE,,,,,,,,,,
Gilmer,Kwazi,UCLA,364,2027,WR,,,,,,,,,,
Williams,Luke,Indiana,365,2027,S,,,,,,,,,,
Barnes,Marcellus,Wisconsin,366,2027,CB,,,,,,,,,,
Buford,Mario,Nebraska,367,2027,CB,,,,,,,,,,
Schroller,Mark,UCLA,368,2027,OT,,,,,,,,,,
Fuller,Matthew,Georgia,369,2027,RB,,,,,,,,,,
Granville,Max,Penn State,370,2027,DL,,,,,,,,,,
Hawkins,Michael,Oklahoma,371,2027,QB,,,,,,,,,,
O'Neill,Miles,Princeton,372,2027,QB,,,,,,,,,,
Williams,Mylachi,Penn State,373,2027,DL,,,,,,,,,,
Davis,Myles,Texas Tech,374,2027,S,,,,,,,,,,
Morgan,Red,Alabama,375,2027,S,,,,,,,,,,
Knight III,Ricky,Florida State,376,2027,CB,,,,,,,,,,
Swanson,Ryner,BYU,377,2027,TE,,,,,,,,,,
Mboumoua,Steve,Alabama,378,2027,DL,,,,,,,,,,
Prescod,Styles,Notre Dame,379,2027,IOL,,,,,,,,,,
Cherry,Tyler,Indiana,380,2027,QB,,,,,,,,,,
Sanders,William,Alabama,381,2027,IOL,,,,,,,,,,
Edwards,Witt,Oklahoma,382,2027,TE,,,,,,,,,,
Atkins,Xavier,LSU,383,2027,LB,,,,,,,,,,
Lucas,Xavier,Miami (FL),384,2027,S,,,,,,,,,,
Mincey,Zay,Alabama,385,2027,CB,,,,,,,,,,
Martin,Quinton,Penn State,386,2027,RB,,,,,,,,,,
Tatum,Taylor,Oklahoma,387,2027,RB,,,,,,,,,,
Young,Bryce,Notre Dame,388,2027,DL,,,,,,,,,,
Davis,Ellis,Texas Tech,389,2027,OT,,,,,,,,,,
Lambert,Guerby,Notre Dame,390,2027,OT,,,,,,,,,,
Howard,Jamari,Florida State,391,2027,CB,,,,,,,,,,
Shipp,Jordan,North Carolina,392,2027,WR,,,,,,,,,,
Hudson,Micah,Texas Tech,393,2027,WR,,,,,,,,,,
Puglisi,Ryan,Georgia,394,2027,QB,,,,,,,,,,
Anderson,Terrell,NC State,395,2027,WR,,,,,,,,,,
Gregory,Wendell,South Carolina,396,2027,EDGE,,,,,,,,,,
Jackson,Amir,Florida,397,2027,TE,,,,,,,,,,
Phillips,Joe,Auburn,398,2027,EDGE,,,,,,,,,,
Breland,Aydin,Oregon,399,2027,DL,,,,,,,,,,
Robinson,Brian,Kentucky,400,2027,DL,,,,,,,,,,
Dooley,Cam,Kentucky,401,2027,S,,,,,,,,,,
Thurmon,Elyjah,Clemson,402,2027,IOL,,,,,,,,,,
Crader,Fox,Oregon,403,2027,OT,,,,,,,,,,
Miller,Dre'lon,Colorado,404,2027,WR,,,,,,,,,,
Weisskopf,Derek,Iowa,405,2027,LB,,,,,,,,,,
Sensabaugh,Jaren,Missouri,406,2027,CB,,,,,,,,,,
Patterson,Jaiden,North Carolina,407,2027,S,,,,,,,,,,
Jonah-Ajonye,Joseph,Georgia,408,2027,DL,,,,,,,,,,
Mikell,Kam,Colorado,409,2027,WR,,,,,,,,,,
Thomas,Landen,Florida State,410,2027,TE,,,,,,,,,,
Simmons,Malcolm,Auburn,411,2027,WR,,,,,,,,,,
Smith II,Nigel,Oklahoma,412,2027,DL,,,,,,,,,,
Sims,Xadavien,Oregon,413,2027,DL,,,,,,,,,,
Bussey,Terry,Texas A&M,414,2027,WR,,,,,,,,,,
Chiles,Aaron,Florida,415,2027,LB,,,,,,,,,,