PLPO,FirstName,LastName,FullName,Filename,Description
plpo_legends_Abdul-JabbarKarim,Karim,Abdul-Jabbar,Karim Abdul-Jabbar,plpo_legends_Abdul-JabbarKarim.png,Legend - Karim Abdul-Jabbar
plpo_legends_AdaliusThomas,Thomas,Adalius,Thomas Adalius,plpo_legends_AdaliusThomas.png,Legend - Thomas Adalius
plpo_legends_AdamsSam,Sam,Adams,Sam Adams,plpo_legends_AdamsSam.png,Legend - Sam Adams
plpo_legends_AdderleyHerb,Herb,Adderley,Herb Adderley,plpo_legends_AdderleyHerb.png,Legend - Herb Adderley
plpo_legends_AkersDavid,David,Akers,David Akers,plpo_legends_AkersDavid.png,Legend - David Akers
plpo_legends_AlexanderShaun,Shaun,Alexander,Shaun Alexander,plpo_legends_AlexanderShaun.png,Legend - Shaun Alexander
plpo_legends_AllenEric,Eric,Allen,Eric Allen,plpo_legends_AllenEric.png,Legend - Eric Allen
plpo_legends_AllenJared,Jared,Allen,Jared Allen,plpo_legends_AllenJared.png,Legend - Jared Allen
plpo_legends_AllenLarry,Larry,Allen,Larry Allen,plpo_legends_AllenLarry.png,Legend - Larry Allen
plpo_legends_AllenMarcus,Marcus,Allen,Marcus Allen,plpo_legends_AllenMarcus.png,Legend - Marcus Allen
plpo_legends_AlstottMike,Mike,Alstott,Mike Alstott,plpo_legends_AlstottMike.png,Legend - Mike Alstott
plpo_legends_AlworthLance,Lance,Alworth,Lance Alworth,plpo_legends_AlworthLance.png,Legend - Lance Alworth
plpo_legends_AmobiOkoye,Okoye,Amobi,Okoye Amobi,plpo_legends_AmobiOkoye.png,Legend - Okoye Amobi
plpo_legends_AndersenMorten,Morten,Andersen,Morten Andersen,plpo_legends_AndersenMorten.png,Legend - Morten Andersen
plpo_legends_AndersonGary,Gary,Anderson,Gary Anderson,plpo_legends_AndersonGary.png,Legend - Gary Anderson
plpo_legends_AndersonOttis,Ottis,Anderson,Ottis Anderson,plpo_legends_AndersonOttis.png,Legend - Ottis Anderson
plpo_legends_AndersonWillie,Willie,Anderson,Willie Anderson,plpo_legends_AndersonWillie.png,Legend - Willie Anderson
plpo_legends_AqibTalib,Talib,Aqib,Talib Aqib,plpo_legends_AqibTalib.png,Legend - Talib Aqib
plpo_legends_ArcherDri,Dri,Archer,Dri Archer,plpo_legends_ArcherDri.png,Legend - Dri Archer
plpo_legends_ArchuletaAdam,Adam,Archuleta,Adam Archuleta,plpo_legends_ArchuletaAdam.png,Legend - Adam Archuleta
plpo_legends_ArringtonLavar,Lavar,Arrington,Lavar Arrington,plpo_legends_ArringtonLavar.png,Legend - Lavar Arrington
plpo_legends_AsanteSamuel,Samuel,Asante,Samuel Asante,plpo_legends_AsanteSamuel.png,Legend - Samuel Asante
plpo_legends_AsomughaNnamdi,Nnamdi,Asomugha,Nnamdi Asomugha,plpo_legends_AsomughaNnamdi.png,Legend - Nnamdi Asomugha
plpo_legends_AtkinsDoug,Doug,Atkins,Doug Atkins,plpo_legends_AtkinsDoug.png,Legend - Doug Atkins
plpo_legends_AtwaterSteve,Steve,Atwater,Steve Atwater,plpo_legends_AtwaterSteve.png,Legend - Steve Atwater
plpo_legends_BaileyChamp,Champ,Bailey,Champ Bailey,plpo_legends_BaileyChamp.png,Legend - Champ Bailey
plpo_legends_BaldwinDoug,Doug,Baldwin,Doug Baldwin,plpo_legends_BaldwinDoug.png,Legend - Doug Baldwin
plpo_legends_BanksCarl,Carl,Banks,Carl Banks,plpo_legends_BanksCarl.png,Legend - Carl Banks
plpo_legends_BarberRonde,Ronde,Barber,Ronde Barber,plpo_legends_BarberRonde.png,Legend - Ronde Barber
plpo_legends_BarnettNick,Nick,Barnett,Nick Barnett,plpo_legends_BarnettNick.png,Legend - Nick Barnett
plpo_legends_BarneyLem,Lem,Barney,Lem Barney,plpo_legends_BarneyLem.png,Legend - Lem Barney
plpo_legends_BarrySanders_Profile,Sanders_Profile,Barry,Sanders_Profile Barry,plpo_legends_BarrySanders_Profile.png,Legend - Sanders_Profile Barry
plpo_legends_BatesBill,Bill,Bates,Bill Bates,plpo_legends_BatesBill.png,Legend - Bill Bates
plpo_legends_Baugh_Sammy,Sammy,Baugh_,Sammy Baugh_,plpo_legends_Baugh_Sammy.png,Legend - Sammy Baugh_
plpo_legends_BellBobby,Bobby,Bell,Bobby Bell,plpo_legends_BellBobby.png,Legend - Bobby Bell
plpo_legends_BerryEric,Eric,Berry,Eric Berry,plpo_legends_BerryEric.png,Legend - Eric Berry
plpo_legends_Biletnikoff_Fred,Fred,Biletnikoff_,Fred Biletnikoff_,plpo_legends_Biletnikoff_Fred.png,Legend - Fred Biletnikoff_
plpo_legends_BirkMatt,Matt,Birk,Matt Birk,plpo_legends_BirkMatt.png,Legend - Matt Birk
plpo_legends_BlandaGeorge,George,Blanda,George Blanda,plpo_legends_BlandaGeorge.png,Legend - George Blanda
plpo_legends_BledsoeDrew,Drew,Bledsoe,Drew Bledsoe,plpo_legends_BledsoeDrew.png,Legend - Drew Bledsoe
plpo_legends_BlountMel,Mel,Blount,Mel Blount,plpo_legends_BlountMel.png,Legend - Mel Blount
plpo_legends_BoJackson,Jackson,Bo,Jackson Bo,plpo_legends_BoJackson.png,Legend - Jackson Bo
plpo_legends_BobSanders,Sanders,Bob,Sanders Bob,plpo_legends_BobSanders.png,Legend - Sanders Bob
plpo_legends_BobbyBell,Bell,Bobby,Bell Bobby,plpo_legends_BobbyBell.png,Legend - Bell Bobby
plpo_legends_BoldinAnquan,Anquan,Boldin,Anquan Boldin,plpo_legends_BoldinAnquan.png,Legend - Anquan Boldin
plpo_legends_BoselliTony,Tony,Boselli,Tony Boselli,plpo_legends_BoselliTony.png,Legend - Tony Boselli
plpo_legends_BosworthBrian,Brian,Bosworth,Brian Bosworth,plpo_legends_BosworthBrian.png,Legend - Brian Bosworth
plpo_legends_BoweDwayne,Dwayne,Bowe,Dwayne Bowe,plpo_legends_BoweDwayne.png,Legend - Dwayne Bowe
plpo_legends_BowmanNaVorro,NaVorro,Bowman,NaVorro Bowman,plpo_legends_BowmanNaVorro.png,Legend - NaVorro Bowman
plpo_legends_BrackensTony,Tony,Brackens,Tony Brackens,plpo_legends_BrackensTony.png,Legend - Tony Brackens
plpo_legends_BradshawTerry,Terry,Bradshaw,Terry Bradshaw,plpo_legends_BradshawTerry.png,Legend - Terry Bradshaw
plpo_legends_BranchDeion,Deion,Branch,Deion Branch,plpo_legends_BranchDeion.png,Legend - Deion Branch
plpo_legends_BrazileRobert,Robert,Brazile,Robert Brazile,plpo_legends_BrazileRobert.png,Legend - Robert Brazile
plpo_legends_BreesDrew,Drew,Brees,Drew Brees,plpo_legends_BreesDrew.png,Legend - Drew Brees
plpo_legends_BrianFinneran,Finneran,Brian,Finneran Brian,plpo_legends_BrianFinneran.png,Legend - Finneran Brian
plpo_legends_BriggsLance,Lance,Briggs,Lance Briggs,plpo_legends_BriggsLance.png,Legend - Lance Briggs
plpo_legends_BrookingKeith,Keith,Brooking,Keith Brooking,plpo_legends_BrookingKeith.png,Legend - Keith Brooking
plpo_legends_BrooksDerrick,Derrick,Brooks,Derrick Brooks,plpo_legends_BrooksDerrick.png,Legend - Derrick Brooks
plpo_legends_BrownBob,Bob,Brown,Bob Brown,plpo_legends_BrownBob.png,Legend - Bob Brown
plpo_legends_BrownJim,Jim,Brown,Jim Brown,plpo_legends_BrownJim.png,Legend - Jim Brown
plpo_legends_BrownLomas,Lomas,Brown,Lomas Brown,plpo_legends_BrownLomas.png,Legend - Lomas Brown
plpo_legends_BrownMike,Mike,Brown,Mike Brown,plpo_legends_BrownMike.png,Legend - Mike Brown
plpo_legends_BrownRuben,Ruben,Brown,Ruben Brown,plpo_legends_BrownRuben.png,Legend - Ruben Brown
plpo_legends_BrownTim,Tim,Brown,Tim Brown,plpo_legends_BrownTim.png,Legend - Tim Brown
plpo_legends_BrownWillie,Willie,Brown,Willie Brown,plpo_legends_BrownWillie.png,Legend - Willie Brown
plpo_legends_BrownerJoey,Joey,Browner,Joey Browner,plpo_legends_BrownerJoey.png,Legend - Joey Browner
plpo_legends_Bruce_Isaac,Isaac,Bruce_,Isaac Bruce_,plpo_legends_Bruce_Isaac.png,Legend - Isaac Bruce_
plpo_legends_BryantAntonio,Antonio,Bryant,Antonio Bryant,plpo_legends_BryantAntonio.png,Legend - Antonio Bryant
plpo_legends_BryantDez,Dez,Bryant,Dez Bryant,plpo_legends_BryantDez.png,Legend - Dez Bryant
plpo_legends_BuckleyTerrell,Terrell,Buckley,Terrell Buckley,plpo_legends_BuckleyTerrell.png,Legend - Terrell Buckley
plpo_legends_BulluckKeith,Keith,Bulluck,Keith Bulluck,plpo_legends_BulluckKeith.png,Legend - Keith Bulluck
plpo_legends_BurressPlaxico,Plaxico,Burress,Plaxico Burress,plpo_legends_BurressPlaxico.png,Legend - Plaxico Burress
plpo_legends_BushReggie,Reggie,Bush,Reggie Bush,plpo_legends_BushReggie.png,Legend - Reggie Bush
plpo_legends_ButkusDick,Dick,Butkus,Dick Butkus,plpo_legends_ButkusDick.png,Legend - Dick Butkus
plpo_legends_ByarsKeith,Keith,Byars,Keith Byars,plpo_legends_ByarsKeith.png,Legend - Keith Byars
plpo_legends_CampbellEarl,Earl,Campbell,Earl Campbell,plpo_legends_CampbellEarl.png,Legend - Earl Campbell
plpo_legends_CarsonHarry,Harry,Carson,Harry Carson,plpo_legends_CarsonHarry.png,Legend - Harry Carson
plpo_legends_CarterKevin,Kevin,Carter,Kevin Carter,plpo_legends_CarterKevin.png,Legend - Kevin Carter
plpo_legends_Carter_Cris,Cris,Carter_,Cris Carter_,plpo_legends_Carter_Cris.png,Legend - Cris Carter_
plpo_legends_CaseyJurrell,Jurrell,Casey,Jurrell Casey,plpo_legends_CaseyJurrell.png,Legend - Jurrell Casey
plpo_legends_CasillasTony,Tony,Casillas,Tony Casillas,plpo_legends_CasillasTony.png,Legend - Tony Casillas
plpo_legends_ChancellorKam,Kam,Chancellor,Kam Chancellor,plpo_legends_ChancellorKam.png,Legend - Kam Chancellor
plpo_legends_ChandlerWes,Wes,Chandler,Wes Chandler,plpo_legends_ChandlerWes.png,Legend - Wes Chandler
plpo_legends_ChavousCorey,Corey,Chavous,Corey Chavous,plpo_legends_ChavousCorey.png,Legend - Corey Chavous
plpo_legends_ChrebetWayne,Wayne,Chrebet,Wayne Chrebet,plpo_legends_ChrebetWayne.png,Legend - Wayne Chrebet
plpo_legends_ChrisCooley,Cooley,Chris,Cooley Chris,plpo_legends_ChrisCooley.png,Legend - Cooley Chris
plpo_legends_ClarkDallas,Dallas,Clark,Dallas Clark,plpo_legends_ClarkDallas.png,Legend - Dallas Clark
plpo_legends_ClarkDwight,Dwight,Clark,Dwight Clark,plpo_legends_ClarkDwight.png,Legend - Dwight Clark
plpo_legends_CliffBranch,Branch,Cliff,Branch Cliff,plpo_legends_CliffBranch.png,Legend - Branch Cliff
plpo_legends_CliffHarris,Harris,Cliff,Harris Cliff,plpo_legends_CliffHarris.png,Legend - Harris Cliff
plpo_legends_ColemanMarcus,Marcus,Coleman,Marcus Coleman,plpo_legends_ColemanMarcus.png,Legend - Marcus Coleman
plpo_legends_CollinsworthCris,Cris,Collinsworth,Cris Collinsworth,plpo_legends_CollinsworthCris.png,Legend - Cris Collinsworth
plpo_legends_CorneliusBennett,Bennett,Cornelius,Bennett Cornelius,plpo_legends_CorneliusBennett.png,Legend - Bennett Cornelius
plpo_legends_CrockettRay,Ray,Crockett,Ray Crockett,plpo_legends_CrockettRay.png,Legend - Ray Crockett
plpo_legends_CromartieAntonio,Antonio,Cromartie,Antonio Cromartie,plpo_legends_CromartieAntonio.png,Legend - Antonio Cromartie
plpo_legends_CrumplerAlge,Alge,Crumpler,Alge Crumpler,plpo_legends_CrumplerAlge.png,Legend - Alge Crumpler
plpo_legends_CruzVictor,Victor,Cruz,Victor Cruz,plpo_legends_CruzVictor.png,Legend - Victor Cruz
plpo_legends_CsonkaLarry,Larry,Csonka,Larry Csonka,plpo_legends_CsonkaLarry.png,Legend - Larry Csonka
plpo_legends_Cunningham_Randall,Randall,Cunningham_,Randall Cunningham_,plpo_legends_Cunningham_Randall.png,Legend - Randall Cunningham_
plpo_legends_CushingBrian,Brian,Cushing,Brian Cushing,plpo_legends_CushingBrian.png,Legend - Brian Cushing
plpo_legends_CutlerJay,Jay,Cutler,Jay Cutler,plpo_legends_CutlerJay.png,Legend - Jay Cutler
plpo_legends_DanMarino_Profile,Marino_Profile,Dan,Marino_Profile Dan,plpo_legends_DanMarino_Profile.png,Legend - Marino_Profile Dan
plpo_legends_DansbyKarlos,Karlos,Dansby,Karlos Dansby,plpo_legends_DansbyKarlos.png,Legend - Karlos Dansby
plpo_legends_DanteHall,Hall,Dante,Hall Dante,plpo_legends_DanteHall.png,Legend - Hall Dante
plpo_legends_DariusDonovin,Donovin,Darius,Donovin Darius,plpo_legends_DariusDonovin.png,Legend - Donovin Darius
plpo_legends_DaunteCulpepper,Culpepper,Daunte,Culpepper Daunte,plpo_legends_DaunteCulpepper.png,Legend - Culpepper Daunte
plpo_legends_DaveCasper_Profile,Casper_Profile,Dave,Casper_Profile Dave,plpo_legends_DaveCasper_Profile.png,Legend - Casper_Profile Dave
plpo_legends_DavisTerrell,Terrell,Davis,Terrell Davis,plpo_legends_DavisTerrell.png,Legend - Terrell Davis
plpo_legends_DavisThomas,Thomas,Davis,Thomas Davis,plpo_legends_DavisThomas.png,Legend - Thomas Davis
plpo_legends_DavisVernon,Vernon,Davis,Vernon Davis,plpo_legends_DavisVernon.png,Legend - Vernon Davis
plpo_legends_DavisVontae,Vontae,Davis,Vontae Davis,plpo_legends_DavisVontae.png,Legend - Vontae Davis
plpo_legends_DawkinsBrian,Brian,Dawkins,Brian Dawkins,plpo_legends_DawkinsBrian.png,Legend - Brian Dawkins
plpo_legends_DawsonDermontti,Dermontti,Dawson,Dermontti Dawson,plpo_legends_DawsonDermontti.png,Legend - Dermontti Dawson
plpo_legends_Dawson_Dermontti,Dermontti,Dawson_,Dermontti Dawson_,plpo_legends_Dawson_Dermontti.png,Legend - Dermontti Dawson_
plpo_legends_DayneRon,Ron,Dayne,Ron Dayne,plpo_legends_DayneRon.png,Legend - Ron Dayne
plpo_legends_DeanPerryMichael,PerryMichael,Dean,PerryMichael Dean,plpo_legends_DeanPerryMichael.png,Legend - PerryMichael Dean
plpo_legends_DeionSanders_Profile,Sanders_Profile,Deion,Sanders_Profile Deion,plpo_legends_DeionSanders_Profile.png,Legend - Sanders_Profile Deion
plpo_legends_DerrickBrooks_Profile,Brooks_Profile,Derrick,Brooks_Profile Derrick,plpo_legends_DerrickBrooks_Profile.png,Legend - Brooks_Profile Derrick
plpo_legends_DerrickThomas,Thomas,Derrick,Thomas Derrick,plpo_legends_DerrickThomas.png,Legend - Thomas Derrick
plpo_legends_DickLane_Profile,Lane_Profile,Dick,Lane_Profile Dick,plpo_legends_DickLane_Profile.png,Legend - Lane_Profile Dick
plpo_legends_DickersonEric,Eric,Dickerson,Eric Dickerson,plpo_legends_DickersonEric.png,Legend - Eric Dickerson
plpo_legends_DickersonErick,Erick,Dickerson,Erick Dickerson,plpo_legends_DickersonErick.png,Legend - Erick Dickerson
plpo_legends_Dierdorf_Dan,Dan,Dierdorf_,Dan Dierdorf_,plpo_legends_Dierdorf_Dan.png,Legend - Dan Dierdorf_
plpo_legends_DillonCorey,Corey,Dillon,Corey Dillon,plpo_legends_DillonCorey.png,Legend - Corey Dillon
plpo_legends_Ditka_Mike_player,Mike_player,Ditka_,Mike_player Ditka_,plpo_legends_Ditka_Mike_player.png,Legend - Mike_player Ditka_
plpo_legends_DockettDarnell,Darnell,Dockett,Darnell Dockett,plpo_legends_DockettDarnell.png,Legend - Darnell Dockett
plpo_legends_DolemanChris,Chris,Doleman,Chris Doleman,plpo_legends_DolemanChris.png,Legend - Chris Doleman
plpo_legends_DreBly,Bly,Dre,Bly Dre,plpo_legends_DreBly.png,Legend - Bly Dre
plpo_legends_DrewBennett,Bennett,Drew,Bennett Drew,plpo_legends_DrewBennett.png,Legend - Bennett Drew
plpo_legends_DriverDonald,Donald,Driver,Donald Driver,plpo_legends_DriverDonald.png,Legend - Donald Driver
plpo_legends_DumervilElvis,Elvis,Dumervil,Elvis Dumervil,plpo_legends_DumervilElvis.png,Legend - Elvis Dumervil
plpo_legends_EasleyKenny,Kenny,Easley,Kenny Easley,plpo_legends_EasleyKenny.png,Legend - Kenny Easley
plpo_legends_EckelKyle,Kyle,Eckel,Kyle Eckel,plpo_legends_EckelKyle.png,Legend - Kyle Eckel
plpo_legends_EdMcCaffrey,McCaffrey,Ed,McCaffrey Ed,plpo_legends_EdMcCaffrey.png,Legend - McCaffrey Ed
plpo_legends_EddieGeorge,George,Eddie,George Eddie,plpo_legends_EddieGeorge.png,Legend - George Eddie
plpo_legends_EdgerrinJames,James,Edgerrin,James Edgerrin,plpo_legends_EdgerrinJames.png,Legend - James Edgerrin
plpo_legends_EisenRich,Rich,Eisen,Rich Eisen,plpo_legends_EisenRich.png,Legend - Rich Eisen
plpo_legends_ElamJason,Jason,Elam,Jason Elam,plpo_legends_ElamJason.png,Legend - Jason Elam
plpo_legends_EllerCarl,Carl,Eller,Carl Eller,plpo_legends_EllerCarl.png,Legend - Carl Eller
plpo_legends_EllisShaun,Shaun,Ellis,Shaun Ellis,plpo_legends_EllisShaun.png,Legend - Shaun Ellis
plpo_legends_EmmittSmith_Profile,Smith_Profile,Emmitt,Smith_Profile Emmitt,plpo_legends_EmmittSmith_Profile.png,Legend - Smith_Profile Emmitt
plpo_legends_EsiasonBoomer,Boomer,Esiason,Boomer Esiason,plpo_legends_EsiasonBoomer.png,Legend - Boomer Esiason
plpo_legends_EvansJahri,Jahri,Evans,Jahri Evans,plpo_legends_EvansJahri.png,Legend - Jahri Evans
plpo_legends_FanecaAlan,Alan,Faneca,Alan Faneca,plpo_legends_FanecaAlan.png,Legend - Alan Faneca
plpo_legends_FaulkKevin,Kevin,Faulk,Kevin Faulk,plpo_legends_FaulkKevin.png,Legend - Kevin Faulk
plpo_legends_FavreBrett,Brett,Favre,Brett Favre,plpo_legends_FavreBrett.png,Legend - Brett Favre
plpo_legends_FitzgeraldLarry,Larry,Fitzgerald,Larry Fitzgerald,plpo_legends_FitzgeraldLarry.png,Legend - Larry Fitzgerald
plpo_legends_FitzpatrickRyan,Ryan,Fitzpatrick,Ryan Fitzpatrick,plpo_legends_FitzpatrickRyan.png,Legend - Ryan Fitzpatrick
plpo_legends_FletcherLondon,London,Fletcher,London Fletcher,plpo_legends_FletcherLondon.png,Legend - London Fletcher
plpo_legends_FloydMalcom,Malcom,Floyd,Malcom Floyd,plpo_legends_FloydMalcom.png,Legend - Malcom Floyd
plpo_legends_FlutieDoug,Doug,Flutie,Doug Flutie,plpo_legends_FlutieDoug.png,Legend - Doug Flutie
plpo_legends_FormanChuck,Chuck,Forman,Chuck Forman,plpo_legends_FormanChuck.png,Legend - Chuck Forman
plpo_legends_ForteMatt,Matt,Forte,Matt Forte,plpo_legends_ForteMatt.png,Legend - Matt Forte
plpo_legends_FosterArian,Arian,Foster,Arian Foster,plpo_legends_FosterArian.png,Legend - Arian Foster
plpo_legends_FoutsDan,Dan,Fouts,Dan Fouts,plpo_legends_FoutsDan.png,Legend - Dan Fouts
plpo_legends_FrankMinnifield,Minnifield,Frank,Minnifield Frank,plpo_legends_FrankMinnifield.png,Legend - Minnifield Frank
plpo_legends_FrazierTommie,Tommie,Frazier,Tommie Frazier,plpo_legends_FrazierTommie.png,Legend - Tommie Frazier
plpo_legends_FreeneyDwight,Dwight,Freeney,Dwight Freeney,plpo_legends_FreeneyDwight.png,Legend - Dwight Freeney
plpo_legends_FritzPollard,Pollard,Fritz,Pollard Fritz,plpo_legends_FritzPollard.png,Legend - Pollard Fritz
plpo_legends_FryarIrving,Irving,Fryar,Irving Fryar,plpo_legends_FryarIrving.png,Legend - Irving Fryar
plpo_legends_GallowayJoey,Joey,Galloway,Joey Galloway,plpo_legends_GallowayJoey.png,Legend - Joey Galloway
plpo_legends_GambleChris,Chris,Gamble,Chris Gamble,plpo_legends_GambleChris.png,Legend - Chris Gamble
plpo_legends_GannonRich,Rich,Gannon,Rich Gannon,plpo_legends_GannonRich.png,Legend - Rich Gannon
plpo_legends_GatesAntonio,Antonio,Gates,Antonio Gates,plpo_legends_GatesAntonio.png,Legend - Antonio Gates
plpo_legends_GeneUpshaw_Profile,Upshaw_Profile,Gene,Upshaw_Profile Gene,plpo_legends_GeneUpshaw_Profile.png,Legend - Upshaw_Profile Gene
plpo_legends_GeorgeBlanda_Profile,Blanda_Profile,George,Blanda_Profile George,plpo_legends_GeorgeBlanda_Profile.png,Legend - Blanda_Profile George
plpo_legends_GilchristCookie,Cookie,Gilchrist,Cookie Gilchrist,plpo_legends_GilchristCookie.png,Legend - Cookie Gilchrist
plpo_legends_GildonJason,Jason,Gildon,Jason Gildon,plpo_legends_GildonJason.png,Legend - Jason Gildon
plpo_legends_GlennAaron,Aaron,Glenn,Aaron Glenn,plpo_legends_GlennAaron.png,Legend - Aaron Glenn
plpo_legends_GloverKevin,Kevin,Glover,Kevin Glover,plpo_legends_GloverKevin.png,Legend - Kevin Glover
plpo_legends_GonzalezTony,Tony,Gonzalez,Tony Gonzalez,plpo_legends_GonzalezTony.png,Legend - Tony Gonzalez
plpo_legends_GramaticaMartin,Martin,Gramatica,Martin Gramatica,plpo_legends_GramaticaMartin.png,Legend - Martin Gramatica
plpo_legends_GrangeRed,Red,Grange,Red Grange,plpo_legends_GrangeRed.png,Legend - Red Grange
plpo_legends_GreenDarrell,Darrell,Green,Darrell Green,plpo_legends_GreenDarrell.png,Legend - Darrell Green
plpo_legends_GreenHugh,Hugh,Green,Hugh Green,plpo_legends_GreenHugh.png,Legend - Hugh Green
plpo_legends_GreenVictor,Victor,Green,Victor Green,plpo_legends_GreenVictor.png,Legend - Victor Green
plpo_legends_GreeneKevin,Kevin,Greene,Kevin Greene,plpo_legends_GreeneKevin.png,Legend - Kevin Greene
plpo_legends_GreenwayChad,Chad,Greenway,Chad Greenway,plpo_legends_GreenwayChad.png,Legend - Chad Greenway
plpo_legends_GreggForrest,Forrest,Gregg,Forrest Gregg,plpo_legends_GreggForrest.png,Legend - Forrest Gregg
plpo_legends_GriffinIIIRobert,IIIRobert,Griffin,IIIRobert Griffin,plpo_legends_GriffinIIIRobert.png,Legend - IIIRobert Griffin
plpo_legends_GrimesBrent,Brent,Grimes,Brent Grimes,plpo_legends_GrimesBrent.png,Legend - Brent Grimes
plpo_legends_GrimmRuss,Russ,Grimm,Russ Grimm,plpo_legends_GrimmRuss.png,Legend - Russ Grimm
plpo_legends_GrossJordan,Jordan,Gross,Jordan Gross,plpo_legends_GrossJordan.png,Legend - Jordan Gross
plpo_legends_GuyRay,Ray,Guy,Ray Guy,plpo_legends_GuyRay.png,Legend - Ray Guy
plpo_legends_HaleyCharles,Charles,Haley,Charles Haley,plpo_legends_HaleyCharles.png,Legend - Charles Haley
plpo_legends_HallDeAngelo,DeAngelo,Hall,DeAngelo Hall,plpo_legends_HallDeAngelo.png,Legend - DeAngelo Hall
plpo_legends_Ham_Jack,Jack,Ham_,Jack Ham_,plpo_legends_Ham_Jack.png,Legend - Jack Ham_
plpo_legends_HamiltonKeith,Keith,Hamilton,Keith Hamilton,plpo_legends_HamiltonKeith.png,Legend - Keith Hamilton
plpo_legends_HanksMerton,Merton,Hanks,Merton Hanks,plpo_legends_HanksMerton.png,Legend - Merton Hanks
plpo_legends_HannahJohn,John,Hannah,John Hannah,plpo_legends_HannahJohn.png,Legend - John Hannah
plpo_legends_HaroldCarmichael,Carmichael,Harold,Carmichael Harold,plpo_legends_HaroldCarmichael.png,Legend - Carmichael Harold
plpo_legends_HarperRoman,Roman,Harper,Roman Harper,plpo_legends_HarperRoman.png,Legend - Roman Harper
plpo_legends_HarringtonJoey,Joey,Harrington,Joey Harrington,plpo_legends_HarringtonJoey.png,Legend - Joey Harrington
plpo_legends_HarrisTommie,Tommie,Harris,Tommie Harris,plpo_legends_HarrisTommie.png,Legend - Tommie Harris
plpo_legends_Harris_Franco,Franco,Harris_,Franco Harris_,plpo_legends_Harris_Franco.png,Legend - Franco Harris_
plpo_legends_HarrisonJames,James,Harrison,James Harrison,plpo_legends_HarrisonJames.png,Legend - James Harrison
plpo_legends_HarrisonMarvin,Marvin,Harrison,Marvin Harrison,plpo_legends_HarrisonMarvin.png,Legend - Marvin Harrison
plpo_legends_HarrisonRodney,Rodney,Harrison,Rodney Harrison,plpo_legends_HarrisonRodney.png,Legend - Rodney Harrison
plpo_legends_HarvinPercy,Percy,Harvin,Percy Harvin,plpo_legends_HarvinPercy.png,Legend - Percy Harvin
plpo_legends_HayesLester,Lester,Hayes,Lester Hayes,plpo_legends_HayesLester.png,Legend - Lester Hayes
plpo_legends_HaynesMike,Mike,Haynes,Mike Haynes,plpo_legends_HaynesMike.png,Legend - Mike Haynes
plpo_legends_HaynesworthAlbert,Albert,Haynesworth,Albert Haynesworth,plpo_legends_HaynesworthAlbert.png,Legend - Albert Haynesworth
plpo_legends_HeapTodd,Todd,Heap,Todd Heap,plpo_legends_HeapTodd.png,Legend - Todd Heap
plpo_legends_HendersonJohn,John,Henderson,John Henderson,plpo_legends_HendersonJohn.png,Legend - John Henderson
plpo_legends_HendricksTed,Ted,Hendricks,Ted Hendricks,plpo_legends_HendricksTed.png,Legend - Ted Hendricks
plpo_legends_HentrichCraig,Craig,Hentrich,Craig Hentrich,plpo_legends_HentrichCraig.png,Legend - Craig Hentrich
plpo_legends_HesterDevin,Devin,Hester,Devin Hester,plpo_legends_HesterDevin.png,Legend - Devin Hester
plpo_legends_HilgenbergJay,Jay,Hilgenberg,Jay Hilgenberg,plpo_legends_HilgenbergJay.png,Legend - Jay Hilgenberg
plpo_legends_HillHarlon,Harlon,Hill,Harlon Hill,plpo_legends_HillHarlon.png,Legend - Harlon Hill
plpo_legends_HillisPeyton,Peyton,Hillis,Peyton Hillis,plpo_legends_HillisPeyton.png,Legend - Peyton Hillis
plpo_legends_HintonSrChris,SrChris,Hinton,SrChris Hinton,plpo_legends_HintonSrChris.png,Legend - SrChris Hinton
plpo_legends_HolmesPriest,Priest,Holmes,Priest Holmes,plpo_legends_HolmesPriest.png,Legend - Priest Holmes
plpo_legends_HoltTorry,Torry,Holt,Torry Holt,plpo_legends_HoltTorry.png,Legend - Torry Holt
plpo_legends_HoustonKen,Ken,Houston,Ken Houston,plpo_legends_HoustonKen.png,Legend - Ken Houston
plpo_legends_HutchinsonSteve,Steve,Hutchinson,Steve Hutchinson,plpo_legends_HutchinsonSteve.png,Legend - Steve Hutchinson
plpo_legends_IsmailRaghib,Raghib,Ismail,Raghib Ismail,plpo_legends_IsmailRaghib.png,Legend - Raghib Ismail
plpo_legends_JackYoungblood,Youngblood,Jack,Youngblood Jack,plpo_legends_JackYoungblood.png,Legend - Youngblood Jack
plpo_legends_JacksonBo,Bo,Jackson,Bo Jackson,plpo_legends_JacksonBo.png,Legend - Bo Jackson
plpo_legends_JacksonDexter,Dexter,Jackson,Dexter Jackson,plpo_legends_JacksonDexter.png,Legend - Dexter Jackson
plpo_legends_JacksonDQwell,DQwell,Jackson,DQwell Jackson,plpo_legends_JacksonDQwell.png,Legend - DQwell Jackson
plpo_legends_JacksonKeith,Keith,Jackson,Keith Jackson,plpo_legends_JacksonKeith.png,Legend - Keith Jackson
plpo_legends_JacksonRickey,Rickey,Jackson,Rickey Jackson,plpo_legends_JacksonRickey.png,Legend - Rickey Jackson
plpo_legends_JacobsBrandon,Brandon,Jacobs,Brandon Jacobs,plpo_legends_JacobsBrandon.png,Legend - Brandon Jacobs
plpo_legends_JamesEdgerrin,Edgerrin,James,Edgerrin James,plpo_legends_JamesEdgerrin.png,Legend - Edgerrin James
plpo_legends_JanikowskiSebastian,Sebastian,Janikowski,Sebastian Janikowski,plpo_legends_JanikowskiSebastian.png,Legend - Sebastian Janikowski
plpo_legends_JefferyAlshon,Alshon,Jeffery,Alshon Jeffery,plpo_legends_JefferyAlshon.png,Legend - Alshon Jeffery
plpo_legends_JenningsGreg,Greg,Jennings,Greg Jennings,plpo_legends_JenningsGreg.png,Legend - Greg Jennings
plpo_legends_JermichaelFinley,Finley,Jermichael,Finley Jermichael,plpo_legends_JermichaelFinley.png,Legend - Finley Jermichael
plpo_legends_JeromeBettis,Bettis,Jerome,Bettis Jerome,plpo_legends_JeromeBettis.png,Legend - Bettis Jerome
plpo_legends_JerryRice_Profile,Rice_Profile,Jerry,Rice_Profile Jerry,plpo_legends_JerryRice_Profile.png,Legend - Rice_Profile Jerry
plpo_legends_JevonKearse,Kearse,Jevon,Kearse Jevon,plpo_legends_JevonKearse.png,Legend - Kearse Jevon
plpo_legends_JimCovert,Covert,Jim,Covert Jim,plpo_legends_JimCovert.png,Legend - Covert Jim
plpo_legends_JoeGreene_Profile,Greene_Profile,Joe,Greene_Profile Joe,plpo_legends_JoeGreene_Profile.png,Legend - Greene_Profile Joe
plpo_legends_JoeMontana_Profile,Montana_Profile,Joe,Montana_Profile Joe,plpo_legends_JoeMontana_Profile.png,Legend - Montana_Profile Joe
plpo_legends_JohnElway_Profile,Elway_Profile,John,Elway_Profile John,plpo_legends_JohnElway_Profile.png,Legend - Elway_Profile John
plpo_legends_JohnHannah,Hannah,John,Hannah John,plpo_legends_JohnHannah.png,Legend - Hannah John
plpo_legends_JohnLynch,Lynch,John,Lynch John,plpo_legends_JohnLynch.png,Legend - Lynch John
plpo_legends_JohnMackey_Profile,Mackey_Profile,John,Mackey_Profile John,plpo_legends_JohnMackey_Profile.png,Legend - Mackey_Profile John
plpo_legends_JohnsonAndre,Andre,Johnson,Andre Johnson,plpo_legends_JohnsonAndre.png,Legend - Andre Johnson
plpo_legends_JohnsonCalvin,Calvin,Johnson,Calvin Johnson,plpo_legends_JohnsonCalvin.png,Legend - Calvin Johnson
plpo_legends_JohnsonChad,Chad,Johnson,Chad Johnson,plpo_legends_JohnsonChad.png,Legend - Chad Johnson
plpo_legends_JohnsonCharles,Charles,Johnson,Charles Johnson,plpo_legends_JohnsonCharles.png,Legend - Charles Johnson
plpo_legends_JohnsonChris,Chris,Johnson,Chris Johnson,plpo_legends_JohnsonChris.png,Legend - Chris Johnson
plpo_legends_JohnsonDaryl,Daryl,Johnson,Daryl Johnson,plpo_legends_JohnsonDaryl.png,Legend - Daryl Johnson
plpo_legends_JohnsonDerrick,Derrick,Johnson,Derrick Johnson,plpo_legends_JohnsonDerrick.png,Legend - Derrick Johnson
plpo_legends_JohnsonJimmy,Jimmy,Johnson,Jimmy Johnson,plpo_legends_JohnsonJimmy.png,Legend - Jimmy Johnson
plpo_legends_JohnsonKeyshawn,Keyshawn,Johnson,Keyshawn Johnson,plpo_legends_JohnsonKeyshawn.png,Legend - Keyshawn Johnson
plpo_legends_JohnsonSteve,Steve,Johnson,Steve Johnson,plpo_legends_JohnsonSteve.png,Legend - Steve Johnson
plpo_legends_JohnsonTrumaine,Trumaine,Johnson,Trumaine Johnson,plpo_legends_JohnsonTrumaine.png,Legend - Trumaine Johnson
plpo_legends_JonesEdTooTall,EdTooTall,Jones,EdTooTall Jones,plpo_legends_JonesEdTooTall.png,Legend - EdTooTall Jones
plpo_legends_JonesJacoby,Jacoby,Jones,Jacoby Jones,plpo_legends_JonesJacoby.png,Legend - Jacoby Jones
plpo_legends_JonesMike,Mike,Jones,Mike Jones,plpo_legends_JonesMike.png,Legend - Mike Jones
plpo_legends_JonesReshad,Reshad,Jones,Reshad Jones,plpo_legends_JonesReshad.png,Legend - Reshad Jones
plpo_legends_Jones_Deacon,Deacon,Jones_,Deacon Jones_,plpo_legends_Jones_Deacon.png,Legend - Deacon Jones_
plpo_legends_Jones_Walter,Walter,Jones_,Walter Jones_,plpo_legends_Jones_Walter.png,Legend - Walter Jones_
plpo_legends_Jones-DrewMaurice,Maurice,Jones-Drew,Maurice Jones-Drew,plpo_legends_Jones-DrewMaurice.png,Legend - Maurice Jones-Drew
plpo_legends_JoynerSeth,Seth,Joyner,Seth Joyner,plpo_legends_JoynerSeth.png,Legend - Seth Joyner
plpo_legends_JureviciusJoe,Joe,Jurevicius,Joe Jurevicius,plpo_legends_JureviciusJoe.png,Legend - Joe Jurevicius
plpo_legends_KalilRyan,Ryan,Kalil,Ryan Kalil,plpo_legends_KalilRyan.png,Legend - Ryan Kalil
plpo_legends_KaufmanNapolean,Napolean,Kaufman,Napolean Kaufman,plpo_legends_KaufmanNapolean.png,Legend - Napolean Kaufman
plpo_legends_KeenanMcCardell,McCardell,Keenan,McCardell Keenan,plpo_legends_KeenanMcCardell.png,Legend - McCardell Keenan
plpo_legends_KellenWinslowSr_Profile,WinslowSr_Profile,Kellen,WinslowSr_Profile Kellen,plpo_legends_KellenWinslowSr_Profile.png,Legend - WinslowSr_Profile Kellen
plpo_legends_KellyJim,Jim,Kelly,Jim Kelly,plpo_legends_KellyJim.png,Legend - Jim Kelly
plpo_legends_KellyLeroy,Leroy,Kelly,Leroy Kelly,plpo_legends_KellyLeroy.png,Legend - Leroy Kelly
plpo_legends_KennedyCortez,Cortez,Kennedy,Cortez Kennedy,plpo_legends_KennedyCortez.png,Legend - Cortez Kennedy
plpo_legends_KennedyLincoln,Lincoln,Kennedy,Lincoln Kennedy,plpo_legends_KennedyLincoln.png,Legend - Lincoln Kennedy
plpo_legends_KirklandLevon,Levon,Kirkland,Levon Kirkland,plpo_legends_KirklandLevon.png,Legend - Levon Kirkland
plpo_legends_KnightSammy,Sammy,Knight,Sammy Knight,plpo_legends_KnightSammy.png,Legend - Sammy Knight
plpo_legends_KosarBernie,Bernie,Kosar,Bernie Kosar,plpo_legends_KosarBernie.png,Legend - Bernie Kosar
plpo_legends_KrausePaul,Paul,Krause,Paul Krause,plpo_legends_KrausePaul.png,Legend - Paul Krause
plpo_legends_KreutzOlin,Olin,Kreutz,Olin Kreutz,plpo_legends_KreutzOlin.png,Legend - Olin Kreutz
plpo_legends_KrugerPaul,Paul,Kruger,Paul Kruger,plpo_legends_KrugerPaul.png,Legend - Paul Kruger
plpo_legends_KuechlyLuke,Luke,Kuechly,Luke Kuechly,plpo_legends_KuechlyLuke.png,Legend - Luke Kuechly
plpo_legends_KurtWarner_Profile,Warner_Profile,Kurt,Warner_Profile Kurt,plpo_legends_KurtWarner_Profile.png,Legend - Warner_Profile Kurt
plpo_legends_LCGreenwood,CGreenwood,L,CGreenwood L,plpo_legends_LCGreenwood.png,Legend - CGreenwood L
plpo_legends_LT_Profile,T_Profile,L,T_Profile L,plpo_legends_LT_Profile.png,Legend - T_Profile L
plpo_legends_LaRoiGlover,RoiGlover,La,RoiGlover La,plpo_legends_LaRoiGlover.png,Legend - RoiGlover La
plpo_legends_LacyEddie,Eddie,Lacy,Eddie Lacy,plpo_legends_LacyEddie.png,Legend - Eddie Lacy
plpo_legends_LangerJim,Jim,Langer,Jim Langer,plpo_legends_LangerJim.png,Legend - Jim Langer
plpo_legends_LanierWillie,Willie,Lanier,Willie Lanier,plpo_legends_LanierWillie.png,Legend - Willie Lanier
plpo_legends_Largent_Steve,Steve,Largent_,Steve Largent_,plpo_legends_Largent_Steve.png,Legend - Steve Largent_
plpo_legends_LaryYale,Yale,Lary,Yale Lary,plpo_legends_LaryYale.png,Legend - Yale Lary
plpo_legends_LawTy,Ty,Law,Ty Law,plpo_legends_LawTy.png,Legend - Ty Law
plpo_legends_LawrenceTaylor,Taylor,Lawrence,Taylor Lawrence,plpo_legends_LawrenceTaylor.png,Legend - Taylor Lawrence
plpo_legends_LeafRyan,Ryan,Leaf,Ryan Leaf,plpo_legends_LeafRyan.png,Legend - Ryan Leaf
plpo_legends_LeinartMatt,Matt,Leinart,Matt Leinart,plpo_legends_LeinartMatt.png,Legend - Matt Leinart
plpo_legends_LevensDorsey,Dorsey,Levens,Dorsey Levens,plpo_legends_LevensDorsey.png,Legend - Dorsey Levens
plpo_legends_LewisMo,Mo,Lewis,Mo Lewis,plpo_legends_LewisMo.png,Legend - Mo Lewis
plpo_legends_LewisRay,Ray,Lewis,Ray Lewis,plpo_legends_LewisRay.png,Legend - Ray Lewis
plpo_legends_LittleLarry,Larry,Little,Larry Little,plpo_legends_LittleLarry.png,Legend - Larry Little
plpo_legends_LockerJake,Jake,Locker,Jake Locker,plpo_legends_LockerJake.png,Legend - Jake Locker
plpo_legends_LoftonJames,James,Lofton,James Lofton,plpo_legends_LoftonJames.png,Legend - James Lofton
plpo_legends_LondonFletcher,Fletcher,London,Fletcher London,plpo_legends_LondonFletcher.png,Legend - Fletcher London
plpo_legends_LongChris,Chris,Long,Chris Long,plpo_legends_LongChris.png,Legend - Chris Long
plpo_legends_LongHowie,Howie,Long,Howie Long,plpo_legends_LongHowie.png,Legend - Howie Long
plpo_legends_LuckAndrew,Andrew,Luck,Andrew Luck,plpo_legends_LuckAndrew.png,Legend - Andrew Luck
plpo_legends_LuckmanSid,Sid,Luckman,Sid Luckman,plpo_legends_LuckmanSid.png,Legend - Sid Luckman
plpo_legends_LynchJohn,John,Lynch,John Lynch,plpo_legends_LynchJohn.png,Legend - John Lynch
plpo_legends_LynchMarshawn,Marshawn,Lynch,Marshawn Lynch,plpo_legends_LynchMarshawn.png,Legend - Marshawn Lynch
plpo_legends_MackStrong,Strong,Mack,Strong Mack,plpo_legends_MackStrong.png,Legend - Strong Mack
plpo_legends_MaddenJohnPlayer,JohnPlayer,Madden,JohnPlayer Madden,plpo_legends_MaddenJohnPlayer.png,Legend - JohnPlayer Madden
plpo_legends_MaloneTom,Tom,Malone,Tom Malone,plpo_legends_MaloneTom.png,Legend - Tom Malone
plpo_legends_MandarichTony,Tony,Mandarich,Tony Mandarich,plpo_legends_MandarichTony.png,Legend - Tony Mandarich
plpo_legends_ManleyDexter,Dexter,Manley,Dexter Manley,plpo_legends_ManleyDexter.png,Legend - Dexter Manley
plpo_legends_ManningArchie,Archie,Manning,Archie Manning,plpo_legends_ManningArchie.png,Legend - Archie Manning
plpo_legends_ManningEli,Eli,Manning,Eli Manning,plpo_legends_ManningEli.png,Legend - Eli Manning
plpo_legends_ManzielJohnny,Johnny,Manziel,Johnny Manziel,plpo_legends_ManzielJohnny.png,Legend - Johnny Manziel
plpo_legends_MarkClayton,Clayton,Mark,Clayton Mark,plpo_legends_MarkClayton.png,Legend - Clayton Mark
plpo_legends_MarkClaytonDolphins,ClaytonDolphins,Mark,ClaytonDolphins Mark,plpo_legends_MarkClaytonDolphins.png,Legend - ClaytonDolphins Mark
plpo_legends_MarshallBrandon,Brandon,Marshall,Brandon Marshall,plpo_legends_MarshallBrandon.png,Legend - Brandon Marshall
plpo_legends_MarshallFaulk_Profile,Faulk_Profile,Marshall,Faulk_Profile Marshall,plpo_legends_MarshallFaulk_Profile.png,Legend - Faulk_Profile Marshall
plpo_legends_MartinCurtis,Curtis,Martin,Curtis Martin,plpo_legends_MartinCurtis.png,Legend - Curtis Martin
plpo_legends_Martin_Curtis,Curtis,Martin_,Curtis Martin_,plpo_legends_Martin_Curtis.png,Legend - Curtis Martin_
plpo_legends_MasonDerrick,Derrick,Mason,Derrick Mason,plpo_legends_MasonDerrick.png,Legend - Derrick Mason
plpo_legends_MathisRashean,Rashean,Mathis,Rashean Mathis,plpo_legends_MathisRashean.png,Legend - Rashean Mathis
plpo_legends_MathisRobert,Robert,Mathis,Robert Mathis,plpo_legends_MathisRobert.png,Legend - Robert Mathis
plpo_legends_MatthewsBruce,Bruce,Matthews,Bruce Matthews,plpo_legends_MatthewsBruce.png,Legend - Bruce Matthews
plpo_legends_MatthewsClay,Clay,Matthews,Clay Matthews,plpo_legends_MatthewsClay.png,Legend - Clay Matthews
plpo_legends_MawaeKevin,Kevin,Mawae,Kevin Mawae,plpo_legends_MawaeKevin.png,Legend - Kevin Mawae
plpo_legends_MaynardDon,Don,Maynard,Don Maynard,plpo_legends_MaynardDon.png,Legend - Don Maynard
plpo_legends_McAfeePat,AfeePat,Mc,AfeePat Mc,plpo_legends_McAfeePat.png,Legend - AfeePat Mc
plpo_legends_McAlisterChris,AlisterChris,Mc,AlisterChris Mc,plpo_legends_McAlisterChris.png,Legend - AlisterChris Mc
plpo_legends_McAllisterDeuce,AllisterDeuce,Mc,AllisterDeuce Mc,plpo_legends_McAllisterDeuce.png,Legend - AllisterDeuce Mc
plpo_legends_McDanielRandall,DanielRandall,Mc,DanielRandall Mc,plpo_legends_McDanielRandall.png,Legend - DanielRandall Mc
plpo_legends_McFarlandAnthony,FarlandAnthony,Mc,FarlandAnthony Mc,plpo_legends_McFarlandAnthony.png,Legend - FarlandAnthony Mc
plpo_legends_McGinestWillie,GinestWillie,Mc,GinestWillie Mc,plpo_legends_McGinestWillie.png,Legend - GinestWillie Mc
plpo_legends_McKinnieBryant,KinnieBryant,Mc,KinnieBryant Mc,plpo_legends_McKinnieBryant.png,Legend - KinnieBryant Mc
plpo_legends_McMahonJim,MahonJim,Mc,MahonJim Mc,plpo_legends_McMahonJim.png,Legend - MahonJim Mc
plpo_legends_McNabbDonovan,NabbDonovan,Mc,NabbDonovan Mc,plpo_legends_McNabbDonovan.png,Legend - NabbDonovan Mc
plpo_legends_McNairSteve,NairSteve,Mc,NairSteve Mc,plpo_legends_McNairSteve.png,Legend - NairSteve Mc
plpo_legends_McNeilFreeman,NeilFreeman,Mc,NeilFreeman Mc,plpo_legends_McNeilFreeman.png,Legend - NeilFreeman Mc
plpo_legends_McNeilRyan,NeilRyan,Mc,NeilRyan Mc,plpo_legends_McNeilRyan.png,Legend - NeilRyan Mc
plpo_legends_MeesterBrad,Brad,Meester,Brad Meester,plpo_legends_MeesterBrad.png,Legend - Brad Meester
plpo_legends_MerlinOlsen,Olsen,Merlin,Olsen Merlin,plpo_legends_MerlinOlsen.png,Legend - Olsen Merlin
plpo_legends_MetzelaarsPete,Pete,Metzelaars,Pete Metzelaars,plpo_legends_MetzelaarsPete.png,Legend - Pete Metzelaars
plpo_legends_MichaelIrvin_Profile,Irvin_Profile,Michael,Irvin_Profile Michael,plpo_legends_MichaelIrvin_Profile.png,Legend - Irvin_Profile Michael
plpo_legends_MillerHeath,Heath,Miller,Heath Miller,plpo_legends_MillerHeath.png,Legend - Heath Miller
plpo_legends_MilloyLawyer,Lawyer,Milloy,Lawyer Milloy,plpo_legends_MilloyLawyer.png,Legend - Lawyer Milloy
plpo_legends_MillsSam,Sam,Mills,Sam Mills,plpo_legends_MillsSam.png,Legend - Sam Mills
plpo_legends_MoLewis,Lewis,Mo,Lewis Mo,plpo_legends_MoLewis.png,Legend - Lewis Mo
plpo_legends_MonkArt,Art,Monk,Art Monk,plpo_legends_MonkArt.png,Legend - Art Monk
plpo_legends_MooreHerman,Herman,Moore,Herman Moore,plpo_legends_MooreHerman.png,Legend - Herman Moore
plpo_legends_MooreLenny,Lenny,Moore,Lenny Moore,plpo_legends_MooreLenny.png,Legend - Lenny Moore
plpo_legends_MossRandy,Randy,Moss,Randy Moss,plpo_legends_MossRandy.png,Legend - Randy Moss
plpo_legends_MouldsEric,Eric,Moulds,Eric Moulds,plpo_legends_MouldsEric.png,Legend - Eric Moulds
plpo_legends_MunchakMike,Mike,Munchak,Mike Munchak,plpo_legends_MunchakMike.png,Legend - Mike Munchak
plpo_legends_MunozAnthony,Anthony,Munoz,Anthony Munoz,plpo_legends_MunozAnthony.png,Legend - Anthony Munoz
plpo_legends_MurrayDemarco,Demarco,Murray,Demarco Murray,plpo_legends_MurrayDemarco.png,Legend - Demarco Murray
plpo_legends_MyersChris,Chris,Myers,Chris Myers,plpo_legends_MyersChris.png,Legend - Chris Myers
plpo_legends_NalenTom,Tom,Nalen,Tom Nalen,plpo_legends_NalenTom.png,Legend - Tom Nalen
plpo_legends_NamathJoe,Joe,Namath,Joe Namath,plpo_legends_NamathJoe.png,Legend - Joe Namath
plpo_legends_NealLorenzo,Lorenzo,Neal,Lorenzo Neal,plpo_legends_NealLorenzo.png,Legend - Lorenzo Neal
plpo_legends_NewmanTerrance,Terrance,Newman,Terrance Newman,plpo_legends_NewmanTerrance.png,Legend - Terrance Newman
plpo_legends_NewsomeOzzie,Ozzie,Newsome,Ozzie Newsome,plpo_legends_NewsomeOzzie.png,Legend - Ozzie Newsome
plpo_legends_NgataHaloti,Haloti,Ngata,Haloti Ngata,plpo_legends_NgataHaloti.png,Legend - Haloti Ngata
plpo_legends_NickersonHardy,Hardy,Nickerson,Hardy Nickerson,plpo_legends_NickersonHardy.png,Legend - Hardy Nickerson
plpo_legends_NitschkeRay,Ray,Nitschke,Ray Nitschke,plpo_legends_NitschkeRay.png,Legend - Ray Nitschke
plpo_legends_NnamdiAsomugha,Asomugha,Nnamdi,Asomugha Nnamdi,plpo_legends_NnamdiAsomugha.png,Legend - Asomugha Nnamdi
plpo_legends_NovacekJay,Jay,Novacek,Jay Novacek,plpo_legends_NovacekJay.png,Legend - Jay Novacek
plpo_legends_OgdenJonathan,Jonathan,Ogden,Jonathan Ogden,plpo_legends_OgdenJonathan.png,Legend - Jonathan Ogden
plpo_legends_OkoyeChristian,Christian,Okoye,Christian Okoye,plpo_legends_OkoyeChristian.png,Legend - Christian Okoye
plpo_legends_OlsenGreg,Greg,Olsen,Greg Olsen,plpo_legends_OlsenGreg.png,Legend - Greg Olsen
plpo_legends_OrlandoPace,Pace,Orlando,Pace Orlando,plpo_legends_OrlandoPace.png,Legend - Pace Orlando
plpo_legends_OttoGraham_Profile,Graham_Profile,Otto,Graham_Profile Otto,plpo_legends_OttoGraham_Profile.png,Legend - Graham_Profile Otto
plpo_legends_OttoJim,Jim,Otto,Jim Otto,plpo_legends_OttoJim.png,Legend - Jim Otto
plpo_legends_OwensTerrell,Terrell,Owens,Terrell Owens,plpo_legends_OwensTerrell.png,Legend - Terrell Owens
plpo_legends_PageAlan,Alan,Page,Alan Page,plpo_legends_PageAlan.png,Legend - Alan Page
plpo_legends_ParkerJim,Jim,Parker,Jim Parker,plpo_legends_ParkerJim.png,Legend - Jim Parker
plpo_legends_PearsonDrew,Drew,Pearson,Drew Pearson,plpo_legends_PearsonDrew.png,Legend - Drew Pearson
plpo_legends_PeppersJulius,Julius,Peppers,Julius Peppers,plpo_legends_PeppersJulius.png,Legend - Julius Peppers
plpo_legends_PerryJoe,Joe,Perry,Joe Perry,plpo_legends_PerryJoe.png,Legend - Joe Perry
plpo_legends_Perry_William,William,Perry_,William Perry_,plpo_legends_Perry_William.png,Legend - William Perry_
plpo_legends_PhillipsShaun,Shaun,Phillips,Shaun Phillips,plpo_legends_PhillipsShaun.png,Legend - Shaun Phillips
plpo_legends_PlummerJake,Jake,Plummer,Jake Plummer,plpo_legends_PlummerJake.png,Legend - Jake Plummer
plpo_legends_PolamaluTroy,Troy,Polamalu,Troy Polamalu,plpo_legends_PolamaluTroy.png,Legend - Troy Polamalu
plpo_legends_PorterJoey,Joey,Porter,Joey Porter,plpo_legends_PorterJoey.png,Legend - Joey Porter
plpo_legends_PortisClinton,Clinton,Portis,Clinton Portis,plpo_legends_PortisClinton.png,Legend - Clinton Portis
plpo_legends_QuinGlover,Glover,Quin,Glover Quin,plpo_legends_QuinGlover.png,Legend - Glover Quin
plpo_legends_RajiBJ,BJ,Raji,BJ Raji,plpo_legends_RajiBJ.png,Legend - BJ Raji
plpo_legends_RandleElAntwaan,ElAntwaan,Randle,ElAntwaan Randle,plpo_legends_RandleElAntwaan.png,Legend - ElAntwaan Randle
plpo_legends_Randle_John,John,Randle_,John Randle_,plpo_legends_Randle_John.png,Legend - John Randle_
plpo_legends_RashadAhmad,Ahmad,Rashad,Ahmad Rashad,plpo_legends_RashadAhmad.png,Legend - Ahmad Rashad
plpo_legends_RathmanTom,Tom,Rathman,Tom Rathman,plpo_legends_RathmanTom.png,Legend - Tom Rathman
plpo_legends_ReedAndre,Andre,Reed,Andre Reed,plpo_legends_ReedAndre.png,Legend - Andre Reed
plpo_legends_ReedEd,Ed,Reed,Ed Reed,plpo_legends_ReedEd.png,Legend - Ed Reed
plpo_legends_ReggieWhite_Profile,White_Profile,Reggie,White_Profile Reggie,plpo_legends_ReggieWhite_Profile.png,Legend - White_Profile Reggie
plpo_legends_RenfroMel,Mel,Renfro,Mel Renfro,plpo_legends_RenfroMel.png,Legend - Mel Renfro
plpo_legends_RevisDarrelle,Darrelle,Revis,Darrelle Revis,plpo_legends_RevisDarrelle.png,Legend - Darrelle Revis
plpo_legends_RiceJerry02,Jerry02,Rice,Jerry02 Rice,plpo_legends_RiceJerry02.png,Legend - Jerry02 Rice
plpo_legends_RiceSidney,Sidney,Rice,Sidney Rice,plpo_legends_RiceSidney.png,Legend - Sidney Rice
plpo_legends_RiceSimeon,Simeon,Rice,Simeon Rice,plpo_legends_RiceSimeon.png,Legend - Simeon Rice
plpo_legends_RigginsJohn,John,Riggins,John Riggins,plpo_legends_RigginsJohn.png,Legend - John Riggins
plpo_legends_RimingtonDave,Dave,Rimington,Dave Rimington,plpo_legends_RimingtonDave.png,Legend - Dave Rimington
plpo_legends_RisonAndre,Andre,Rison,Andre Rison,plpo_legends_RisonAndre.png,Legend - Andre Rison
plpo_legends_RoafWillie,Willie,Roaf,Willie Roaf,plpo_legends_RoafWillie.png,Legend - Willie Roaf
plpo_legends_RobertPorcher,Porcher,Robert,Porcher Robert,plpo_legends_RobertPorcher.png,Legend - Porcher Robert
plpo_legends_RobinsonDenard,Denard,Robinson,Denard Robinson,plpo_legends_RobinsonDenard.png,Legend - Denard Robinson
plpo_legends_RobinsonDunta,Dunta,Robinson,Dunta Robinson,plpo_legends_RobinsonDunta.png,Legend - Dunta Robinson
plpo_legends_RodWoodson_Profile,Woodson_Profile,Rod,Woodson_Profile Rod,plpo_legends_RodWoodson_Profile.png,Legend - Woodson_Profile Rod
plpo_legends_RogersCarlos,Carlos,Rogers,Carlos Rogers,plpo_legends_RogersCarlos.png,Legend - Carlos Rogers
plpo_legends_RomanowskiBill,Bill,Romanowski,Bill Romanowski,plpo_legends_RomanowskiBill.png,Legend - Bill Romanowski
plpo_legends_RonnieLott_Profile,Lott_Profile,Ronnie,Lott_Profile Ronnie,plpo_legends_RonnieLott_Profile.png,Legend - Lott_Profile Ronnie
plpo_legends_RunyanJon,Jon,Runyan,Jon Runyan,plpo_legends_RunyanJon.png,Legend - Jon Runyan
plpo_legends_RussellJaMarcus,JaMarcus,Russell,JaMarcus Russell,plpo_legends_RussellJaMarcus.png,Legend - JaMarcus Russell
plpo_legends_SamariRolle,Rolle,Samari,Rolle Samari,plpo_legends_SamariRolle.png,Legend - Rolle Samari
plpo_legends_SandersDeion02,Deion02,Sanders,Deion02 Sanders,plpo_legends_SandersDeion02.png,Legend - Deion02 Sanders
plpo_legends_SaturdayJeff,Jeff,Saturday,Jeff Saturday,plpo_legends_SaturdayJeff.png,Legend - Jeff Saturday
plpo_legends_SayersGale,Gale,Sayers,Gale Sayers,plpo_legends_SayersGale.png,Legend - Gale Sayers
plpo_legends_SchlerethMark,Mark,Schlereth,Mark Schlereth,plpo_legends_SchlerethMark.png,Legend - Mark Schlereth
plpo_legends_SchlesingerCory,Cory,Schlesinger,Cory Schlesinger,plpo_legends_SchlesingerCory.png,Legend - Cory Schlesinger
plpo_legends_SeauJunior,Junior,Seau,Junior Seau,plpo_legends_SeauJunior.png,Legend - Junior Seau
plpo_legends_SehornJason,Jason,Sehorn,Jason Sehorn,plpo_legends_SehornJason.png,Legend - Jason Sehorn
plpo_legends_SelmonLeeRoy,LeeRoy,Selmon,LeeRoy Selmon,plpo_legends_SelmonLeeRoy.png,Legend - LeeRoy Selmon
plpo_legends_SeymourRichard,Richard,Seymour,Richard Seymour,plpo_legends_SeymourRichard.png,Legend - Richard Seymour
plpo_legends_SharpeLuis,Luis,Sharpe,Luis Sharpe,plpo_legends_SharpeLuis.png,Legend - Luis Sharpe
plpo_legends_SharpeShannon,Shannon,Sharpe,Shannon Sharpe,plpo_legends_SharpeShannon.png,Legend - Shannon Sharpe
plpo_legends_SharpeSterling,Sterling,Sharpe,Sterling Sharpe,plpo_legends_SharpeSterling.png,Legend - Sterling Sharpe
plpo_legends_SharperDarren,Darren,Sharper,Darren Sharper,plpo_legends_SharperDarren.png,Legend - Darren Sharper
plpo_legends_ShazierRyan,Ryan,Shazier,Ryan Shazier,plpo_legends_ShazierRyan.png,Legend - Ryan Shazier
plpo_legends_ShieldsSam,Sam,Shields,Sam Shields,plpo_legends_ShieldsSam.png,Legend - Sam Shields
plpo_legends_ShieldsWill,Will,Shields,Will Shields,plpo_legends_ShieldsWill.png,Legend - Will Shields
plpo_legends_ShipleyJordan,Jordan,Shipley,Jordan Shipley,plpo_legends_ShipleyJordan.png,Legend - Jordan Shipley
plpo_legends_ShockeyJeremy,Jeremy,Shockey,Jeremy Shockey,plpo_legends_ShockeyJeremy.png,Legend - Jeremy Shockey
plpo_legends_SimsBilly,Billy,Sims,Billy Sims,plpo_legends_SimsBilly.png,Legend - Billy Sims
plpo_legends_SingletaryMike,Mike,Singletary,Mike Singletary,plpo_legends_SingletaryMike.png,Legend - Mike Singletary
plpo_legends_SiragusaTony,Tony,Siragusa,Tony Siragusa,plpo_legends_SiragusaTony.png,Legend - Tony Siragusa
plpo_legends_SlaterJackie,Jackie,Slater,Jackie Slater,plpo_legends_SlaterJackie.png,Legend - Jackie Slater
plpo_legends_SlatonSteve,Steve,Slaton,Steve Slaton,plpo_legends_SlatonSteve.png,Legend - Steve Slaton
plpo_legends_SmithBruce,Bruce,Smith,Bruce Smith,plpo_legends_SmithBruce.png,Legend - Bruce Smith
plpo_legends_SmithBubba,Bubba,Smith,Bubba Smith,plpo_legends_SmithBubba.png,Legend - Bubba Smith
plpo_legends_SmithDennis,Dennis,Smith,Dennis Smith,plpo_legends_SmithDennis.png,Legend - Dennis Smith
plpo_legends_SmithJimmey,Jimmey,Smith,Jimmey Smith,plpo_legends_SmithJimmey.png,Legend - Jimmey Smith
plpo_legends_SmithRobert,Robert,Smith,Robert Smith,plpo_legends_SmithRobert.png,Legend - Robert Smith
plpo_legends_SmithRod,Rod,Smith,Rod Smith,plpo_legends_SmithRod.png,Legend - Rod Smith
plpo_legends_SmithSr.Steve,Sr.Steve,Smith,Sr.Steve Smith,plpo_legends_SmithSr.Steve.png,Legend - Sr.Steve Smith
plpo_legends_SmithSrSteve,SrSteve,Smith,SrSteve Smith,plpo_legends_SmithSrSteve.png,Legend - SrSteve Smith
plpo_legends_SpielmanChris,Chris,Spielman,Chris Spielman,plpo_legends_SpielmanChris.png,Legend - Chris Spielman
plpo_legends_StablerKen,Ken,Stabler,Ken Stabler,plpo_legends_StablerKen.png,Legend - Ken Stabler
plpo_legends_StarksDuane,Duane,Starks,Duane Starks,plpo_legends_StarksDuane.png,Legend - Duane Starks
plpo_legends_StarrBart,Bart,Starr,Bart Starr,plpo_legends_StarrBart.png,Legend - Bart Starr
plpo_legends_StaubachRoger,Roger,Staubach,Roger Staubach,plpo_legends_StaubachRoger.png,Legend - Roger Staubach
plpo_legends_StenerudJan,Jan,Stenerud,Jan Stenerud,plpo_legends_StenerudJan.png,Legend - Jan Stenerud
plpo_legends_SteveMcNair,McNair,Steve,McNair Steve,plpo_legends_SteveMcNair.png,Legend - McNair Steve
plpo_legends_SteveYoung_Profile,Young_Profile,Steve,Young_Profile Steve,plpo_legends_SteveYoung_Profile.png,Legend - Young_Profile Steve
plpo_legends_StewartKordell,Kordell,Stewart,Kordell Stewart,plpo_legends_StewartKordell.png,Legend - Kordell Stewart
plpo_legends_StrahanMichael,Michael,Strahan,Michael Strahan,plpo_legends_StrahanMichael.png,Legend - Michael Strahan
plpo_legends_SuggsTerrell,Terrell,Suggs,Terrell Suggs,plpo_legends_SuggsTerrell.png,Legend - Terrell Suggs
plpo_legends_SurtainPatrick,Patrick,Surtain,Patrick Surtain,plpo_legends_SurtainPatrick.png,Legend - Patrick Surtain
plpo_legends_SwannLynn,Lynn,Swann,Lynn Swann,plpo_legends_SwannLynn.png,Legend - Lynn Swann
plpo_legends_TakeoSpikes,Spikes,Takeo,Spikes Takeo,plpo_legends_TakeoSpikes.png,Legend - Spikes Takeo
plpo_legends_TarkentonFran,Fran,Tarkenton,Fran Tarkenton,plpo_legends_TarkentonFran.png,Legend - Fran Tarkenton
plpo_legends_TatumJack,Jack,Tatum,Jack Tatum,plpo_legends_TatumJack.png,Legend - Jack Tatum
plpo_legends_TatupuLofa,Lofa,Tatupu,Lofa Tatupu,plpo_legends_TatupuLofa.png,Legend - Lofa Tatupu
plpo_legends_TaylorJason,Jason,Taylor,Jason Taylor,plpo_legends_TaylorJason.png,Legend - Jason Taylor
plpo_legends_TaylorOtis,Otis,Taylor,Otis Taylor,plpo_legends_TaylorOtis.png,Legend - Otis Taylor
plpo_legends_TaylorSean,Sean,Taylor,Sean Taylor,plpo_legends_TaylorSean.png,Legend - Sean Taylor
plpo_legends_TestaverdeVinny,Vinny,Testaverde,Vinny Testaverde,plpo_legends_TestaverdeVinny.png,Legend - Vinny Testaverde
plpo_legends_TheismannJoe,Joe,Theismann,Joe Theismann,plpo_legends_TheismannJoe.png,Legend - Joe Theismann
plpo_legends_ThomasDemaryius,Demaryius,Thomas,Demaryius Thomas,plpo_legends_ThomasDemaryius.png,Legend - Demaryius Thomas
plpo_legends_ThomasEarl,Earl,Thomas,Earl Thomas,plpo_legends_ThomasEarl.png,Legend - Earl Thomas
plpo_legends_ThomasJulius,Julius,Thomas,Julius Thomas,plpo_legends_ThomasJulius.png,Legend - Julius Thomas
plpo_legends_ThomasThurman,Thurman,Thomas,Thurman Thomas,plpo_legends_ThomasThurman.png,Legend - Thurman Thomas
plpo_legends_ThomasZach,Zach,Thomas,Zach Thomas,plpo_legends_ThomasZach.png,Legend - Zach Thomas
plpo_legends_Thomas_Phillip,Phillip,Thomas_,Phillip Thomas_,plpo_legends_Thomas_Phillip.png,Legend - Phillip Thomas_
plpo_legends_ThorpeJim,Jim,Thorpe,Jim Thorpe,plpo_legends_ThorpeJim.png,Legend - Jim Thorpe
plpo_legends_TillmanCharles,Charles,Tillman,Charles Tillman,plpo_legends_TillmanCharles.png,Legend - Charles Tillman
plpo_legends_TillmanPat,Pat,Tillman,Pat Tillman,plpo_legends_TillmanPat.png,Legend - Pat Tillman
plpo_legends_TimmermanAdam,Adam,Timmerman,Adam Timmerman,plpo_legends_TimmermanAdam.png,Legend - Adam Timmerman
plpo_legends_TomlinsonLaDainian,LaDainian,Tomlinson,LaDainian Tomlinson,plpo_legends_TomlinsonLaDainian.png,Legend - LaDainian Tomlinson
plpo_legends_TroyAikman_Profile,Aikman_Profile,Troy,Aikman_Profile Troy,plpo_legends_TroyAikman_Profile.png,Legend - Aikman_Profile Troy
plpo_legends_TroyVincent,Vincent,Troy,Vincent Troy,plpo_legends_TroyVincent.png,Legend - Vincent Troy
plpo_legends_TuggleJessie,Jessie,Tuggle,Jessie Tuggle,plpo_legends_TuggleJessie.png,Legend - Jessie Tuggle
plpo_legends_TunnellEmlen,Emlen,Tunnell,Emlen Tunnell,plpo_legends_TunnellEmlen.png,Legend - Emlen Tunnell
plpo_legends_TyreeDavid,David,Tyree,David Tyree,plpo_legends_TyreeDavid.png,Legend - David Tyree
plpo_legends_UmenyioraOsi,Osi,Umenyiora,Osi Umenyiora,plpo_legends_UmenyioraOsi.png,Legend - Osi Umenyiora
plpo_legends_UnitasJohnny,Johnny,Unitas,Johnny Unitas,plpo_legends_UnitasJohnny.png,Legend - Johnny Unitas
plpo_legends_UrlacherBrian,Brian,Urlacher,Brian Urlacher,plpo_legends_UrlacherBrian.png,Legend - Brian Urlacher
plpo_legends_VickMike,Mike,Vick,Mike Vick,plpo_legends_VickMike.png,Legend - Mike Vick
plpo_legends_VilmaJonathan,Jonathan,Vilma,Jonathan Vilma,plpo_legends_VilmaJonathan.png,Legend - Jonathan Vilma
plpo_legends_VrabelMike,Mike,Vrabel,Mike Vrabel,plpo_legends_VrabelMike.png,Legend - Mike Vrabel
plpo_legends_WakeCam,Cam,Wake,Cam Wake,plpo_legends_WakeCam.png,Legend - Cam Wake
plpo_legends_WalkerDelanie,Delanie,Walker,Delanie Walker,plpo_legends_WalkerDelanie.png,Legend - Delanie Walker
plpo_legends_WalkerHerschel,Herschel,Walker,Herschel Walker,plpo_legends_WalkerHerschel.png,Legend - Herschel Walker
plpo_legends_WallaceMike,Mike,Wallace,Mike Wallace,plpo_legends_WallaceMike.png,Legend - Mike Wallace
plpo_legends_WallsEverson,Everson,Walls,Everson Walls,plpo_legends_WallsEverson.png,Legend - Everson Walls
plpo_legends_WalterPayton_Profile,Payton_Profile,Walter,Payton_Profile Walter,plpo_legends_WalterPayton_Profile.png,Legend - Payton_Profile Walter
plpo_legends_WardHines,Hines,Ward,Hines Ward,plpo_legends_WardHines.png,Legend - Hines Ward
plpo_legends_WareDeMarcus,DeMarcus,Ware,DeMarcus Ware,plpo_legends_WareDeMarcus.png,Legend - DeMarcus Ware
plpo_legends_WarfieldPaul,Paul,Warfield,Paul Warfield,plpo_legends_WarfieldPaul.png,Legend - Paul Warfield
plpo_legends_WarnerKurt,Kurt,Warner,Kurt Warner,plpo_legends_WarnerKurt.png,Legend - Kurt Warner
plpo_legends_WarrenChris,Chris,Warren,Chris Warren,plpo_legends_WarrenChris.png,Legend - Chris Warren
plpo_legends_WarrenMoon_Profile,Moon_Profile,Warren,Moon_Profile Warren,plpo_legends_WarrenMoon_Profile.png,Legend - Moon_Profile Warren
plpo_legends_WarrenSapp,Sapp,Warren,Sapp Warren,plpo_legends_WarrenSapp.png,Legend - Sapp Warren
plpo_legends_WarrickDunn,Dunn,Warrick,Dunn Warrick,plpo_legends_WarrickDunn.png,Legend - Dunn Warrick
plpo_legends_WarrickPeter,Peter,Warrick,Peter Warrick,plpo_legends_WarrickPeter.png,Legend - Peter Warrick
plpo_legends_WashingtonTed,Ted,Washington,Ted Washington,plpo_legends_WashingtonTed.png,Legend - Ted Washington
plpo_legends_WatersBrian,Brian,Waters,Brian Waters,plpo_legends_WatersBrian.png,Legend - Brian Waters
plpo_legends_Webster_Mike,Mike,Webster_,Mike Webster_,plpo_legends_Webster_Mike.png,Legend - Mike Webster_
plpo_legends_WelkerWes,Wes,Welker,Wes Welker,plpo_legends_WelkerWes.png,Legend - Wes Welker
plpo_legends_WhitePat,Pat,White,Pat White,plpo_legends_WhitePat.png,Legend - Pat White
plpo_legends_WhiteRandy,Randy,White,Randy White,plpo_legends_WhiteRandy.png,Legend - Randy White
plpo_legends_WhiteRoddy,Roddy,White,Roddy White,plpo_legends_WhiteRoddy.png,Legend - Roddy White
plpo_legends_WilliamPerry,Perry,William,Perry William,plpo_legends_WilliamPerry.png,Legend - Perry William
plpo_legends_WilliamsAeneas,Aeneas,Williams,Aeneas Williams,plpo_legends_WilliamsAeneas.png,Legend - Aeneas Williams
plpo_legends_WilliamsCadillac,Cadillac,Williams,Cadillac Williams,plpo_legends_WilliamsCadillac.png,Legend - Cadillac Williams
plpo_legends_WilliamsDoug,Doug,Williams,Doug Williams,plpo_legends_WilliamsDoug.png,Legend - Doug Williams
plpo_legends_WilliamsErik,Erik,Williams,Erik Williams,plpo_legends_WilliamsErik.png,Legend - Erik Williams
plpo_legends_WilliamsReggie,Reggie,Williams,Reggie Williams,plpo_legends_WilliamsReggie.png,Legend - Reggie Williams
plpo_legends_WilliamsRicky,Ricky,Williams,Ricky Williams,plpo_legends_WilliamsRicky.png,Legend - Ricky Williams
plpo_legends_WilliamsRoy,Roy,Williams,Roy Williams,plpo_legends_WilliamsRoy.png,Legend - Roy Williams
plpo_legends_WillisPatrick,Patrick,Willis,Patrick Willis,plpo_legends_WillisPatrick.png,Legend - Patrick Willis
plpo_legends_WilsonAdrian,Adrian,Wilson,Adrian Wilson,plpo_legends_WilsonAdrian.png,Legend - Adrian Wilson
plpo_legends_WilsonLarry,Larry,Wilson,Larry Wilson,plpo_legends_WilsonLarry.png,Legend - Larry Wilson
plpo_legends_WinfieldAntoine,Antoine,Winfield,Antoine Winfield,plpo_legends_WinfieldAntoine.png,Legend - Antoine Winfield
plpo_legends_WinslowKellen,Kellen,Winslow,Kellen Winslow,plpo_legends_WinslowKellen.png,Legend - Kellen Winslow
plpo_legends_WisniewskiSteve,Steve,Wisniewski,Steve Wisniewski,plpo_legends_WisniewskiSteve.png,Legend - Steve Wisniewski
plpo_legends_WittenJason,Jason,Witten,Jason Witten,plpo_legends_WittenJason.png,Legend - Jason Witten
plpo_legends_WoodWillie,Willie,Wood,Willie Wood,plpo_legends_WoodWillie.png,Legend - Willie Wood
plpo_legends_WoodsonCharles,Charles,Woodson,Charles Woodson,plpo_legends_WoodsonCharles.png,Legend - Charles Woodson
plpo_legends_WoodsonDarren,Darren,Woodson,Darren Woodson,plpo_legends_WoodsonDarren.png,Legend - Darren Woodson
plpo_legends_WoodyDamien,Damien,Woody,Damien Woody,plpo_legends_WoodyDamien.png,Legend - Damien Woody
plpo_legends_WrightRayfield,Rayfield,Wright,Rayfield Wright,plpo_legends_WrightRayfield.png,Legend - Rayfield Wright
plpo_legends_WycheckFrank,Frank,Wycheck,Frank Wycheck,plpo_legends_WycheckFrank.png,Legend - Frank Wycheck
plpo_legends_YandaMarshal,Marshal,Yanda,Marshal Yanda,plpo_legends_YandaMarshal.png,Legend - Marshal Yanda
plpo_legends_YaryRon,Ron,Yary,Ron Yary,plpo_legends_YaryRon.png,Legend - Ron Yary
plpo_legends_YoungBryant,Bryant,Young,Bryant Young,plpo_legends_YoungBryant.png,Legend - Bryant Young
plpo_legends_YoungCharle,Charle,Young,Charle Young,plpo_legends_YoungCharle.png,Legend - Charle Young
plpo_legends_YoungVince,Vince,Young,Vince Young,plpo_legends_YoungVince.png,Legend - Vince Young