Last Name,First Name,Asset ID,PID
Abanikanda,Israel,abanikandaIsrael_22741,22741
Abdullah,Ameer,abdullahAmeer_2402,2402
Abram,Johnathan,abramJohnathan_20459,20459
Achane,Devon,achaneDevon_22692,22692
Adams,Davante,adamsDavante_10823,10823
Adams,Jamal,adamsJamal_12524,12524
Addae,Jahleel,addaeJahleel_9919,9919
Adderley,Nasir,adderleyNasir_20455,20455
Addison,Jordan,addisonJordan_22693,22693
Addison,Mario,addisonMario_10984,10984
Agholor,Nelson,agholorNelson_2442,2442
Aguayo,Roberto,aguayoRoberto_17695,17695
Aiyuk,Brandon,AiyukBrandon_21069,21069
Akers,Cam,akersCam_20919,20919
Al,Shaairazeez,alShaairAzeez_20688,20688
Alexander,Lorenzo,alexanderLorenzo_28291,28291
Alexander,Mackensie,alexanderMackensie_17553,17553
Alexander,Maurice,alexanderMaurice_2101,2101
Allegretti,Nick,allegrettiNick_20724,20724
Allen,Brandon,allenBrandon_17606,17606
Allen,Brian,allenBrian_13223,13223
Allen,Jonathan,allenJonathan_12521,12521
Allen,Josh,allenJosh_13197,13197
Allen,Josh,AllenJosh_20410,20410
Allen,Keenan,allenKeenan_505,505
Allen,Larry,allenLarry_12223,12223
Allogier,Tyler,AllogierTyler_22315,22315
Alstottt,Mike,alstotttMike_12232,12232
Alt,Joe,AltJoe_14694,14694
Anderson,Derek,andersonDerek_26674,26674
Anderson,Jrwill,andersonJrWill_22702,22702
Anderson,Robby,andersonRobby_17960,17960
Anger,Bryan,AngerBryan_11594,11594
Antetokounmpo,Giannis,antetokounmpoGiannis_2995,2995
Antetokounmpo,Kostas,antetokounmpoKostas_2997,2997
Anzalone,Alex,anzaloneAlex_12613,12613
Apple,Eli,appleEli_17653,17653
Arcega,Whitesidejj,arcegaWhitesideJJ_20344,20344
Armstead,Arik,armsteadArik_2533,2533
Armstead,Terron,armsteadTerron_964,964
Arroyo,Elijah,ArroyoElijah_15119,15119
Asamoahl,Ibrian,asamoahlIBrian_22190,22190
Atkins,Geno,atkinsGeno_9867,9867
Austin,Tavon,austinTavon_494,494
Avril,Cliff,avrilCliff_28460,28460
Awuzie,Chidobe,awuzieChidobe_12587,12587
Ayers,Demarcus,ayersDeMarcus_17865,17865
Bagent,Tyson,bagentTyson_22900,22900
Bailey,Dan,baileyDan_10933,10933
Bailey,Jake,baileyJake_20480,20480
Baker,Budda,bakerBudda_12549,12549
Bakhtiari,David,bakhtiariDavid_1713,1713
Banks,Jrkelvin,BanksJrKelvin_15161,15161
Barber,Peyton,barberPeyton_17612,17612
Barkley,Saquon,BarkleySaquon_13085,13085
Barmore,Christian,barmoreChristian_21765,21765
Barton,Cody,bartonCody_20692,20692
Barwin,Connor,barwinConnor_20153,20153
Bates,Iiijessie,BatesIIIJessie_13202,13202
Beasley,Cole,beasleyCole_11791,11791
Beathard,Cj,beathardCJ_12652,12652
Beckham,Jrodell,beckhamJrOdell_10829,10829
Becton,Mekhi,bectonMekhi_20969,20969
Bell,Leveon,bellLeVeon_344,344
Bell,Vonn,bellVonn_17654,17654
Bellore,Nick,BelloreNick_10939,10939
Benson,Trey,bensonTrey_14622,14622
Benton,Keeanu,bentonKeeanu_22934,22934
Bernard,Giovani,bernardGiovani_323,323
Berry,Eric,berryEric_9950,9950
Bersin,Brenton,bersinBrenton_2271,2271
Bettis,Jerome,BettisJerome_1655,1655
Blackmon,Julian,blackmonJulian_21269,21269
Bland,Daron,BlandDaron_22485,22485
Blankenship,Rodrigo,blankenshipRodrigo_21168,21168
Blanton,Robert,blantonRobert_11682,11682
Bolden,Brandon,boldenBrandon_11244,11244
Bolton,Nick,boltonNick_21474,21474
Booker,Devontae,bookerDevontae_17575,17575
Booker,Tyler,bookerTyler_15162,15162
Booth,Jrandrew,boothJrAndrew_22255,22255
Bortles,Blake,bortlesBlake_10834,10834
Bosa,Joey,bosaJoey_17537,17537
Bosa,Nick,bosaNick_20565,20565
Bosher,Matt,bosherMatt_10806,10806
Boston,Tre,bostonTre_2089,2089
Boswell,Chris,boswellChris_2262,2262
Bouye,Aj,bouyeAJ_14134,14134
Bowers,Brock,bowersBrock_14678,14678
Boyd,Tyler,boydTyler_17593,17593
Bradberry,James,bradberryJames_17825,17825
Brady,Tom,bradyTom_1327,1327
Branch,Brian,BranchBrian_23024,23024
Brees,Drew,breesDrew_14118,14118
Bridgewater,Teddy,bridgewaterTeddy_10837,10837
Britt,Justin,BrittJustin_2122,2122
Britt,Kenny,brittKenny_20057,20057
Brockers,Michael,brockersMichael_11298,11298
Brown,Corey,brownCorey_2292,2292
Brown,Derrick,BrownDerrick_21286,21286
Brown,Duane,brownDuane_28431,28431
Brown,Marlon,brownMarlon_14057,14057
Brown,Marquise,brownMarquise_20497,20497
Brown,Orlando,brownOrlando_13083,13083
Browning,Jake,browningJake_20329,20329
Bryant,Coby,BryantCoby_22211,22211
Bucannon,Deone,bucannonDeone_10841,10841
Buckner,Deforest,bucknerDeForest_17542,17542
Bullock,Randy,bullockRandy_11601,11601
Burden,Iiiluther,BurdenIIILuther_15095,15095
Burks,Treylon,burksTreylon_22069,22069
Burns,Artie,burnsArtie_17657,17657
Burns,Brian,burnsBrian_20566,20566
Burrow,Joe,BurrowJoe_20948,20948
Bush,Devin,bushDevin_20583,20583
Butker,Harrison,butkerHarrison_12863,12863
Butler,Hakeem,butlerHakeem_20499,20499
Butt,Jake,buttJake_12568,12568
Campbell,Calais,campbellCalais_28363,28363
Campbell,Jihaad,CampbellJihaad_15268,15268
Campbell,Parris,campbellParris_20355,20355
Campbell,Tyson,CampbellTyson_21696,21696
Campbell,Will,CampbellWill_15160,15160
Cann,Aj,cannAJ_2506,2506
Carr,Brandon,carrBrandon_28491,28491
Carr,Derek,carrDerek_10843,10843
Carter,Abdul,CarterAbdul_15198,15198
Carter,Michael,carterMichael_21568,21568
Cashman,Blake,cashmanBlake_20693,20693
Cassel,Matt,casselMatt_27037,27037
Cephus,Quintez,cephusQuintez_20946,20946
Chaisson,Klavon,chaissonKLavon_20991,20991
Charbonnet,Zach,CharbonnetZach_22732,22732
Chark,Dj,charkDJ_13255,13255
Charles,Jamaal,charlesJamaal_28343,28343
Charlton,Taco,charltonTaco_12535,12535
Chase,Jamarr,chaseJaMarr_21586,21586
Chinn,Jeremy,chinnJeremy_21151,21151
Chubb,Bradley,chubbBradley_13079,13079
Chubb,Nick,chubbNick_13129,13129
Chung,Patrick,chungPatrick_20146,20146
Cine,Lewis,cineLewis_22397,22397
Clark,Kenny,ClarkKenny_17661,17661
Clement,Corey,clementCorey_12653,12653
Clowney,Jadeveon,clowneyJadeveon_10845,10845
Cobb,Randall,cobbRandall_10619,10619
Cohen,Tarik,cohenTarik_12786,12786
Coleman,Bobby,colemanBobby_197,197
Coleman,Corey,colemanCorey_17556,17556
Coleman,Keon,ColemanKeon_14646,14646
Coleman,Tevin,colemanTevin_2401,2401
Collins,Alex,collinsAlex_17576,17576
Collins,Jamie,collinsJamie_1285,1285
Collins,Lael,collinsLael_2499,2499
Collins,Maliek,collinsMaliek_17738,17738
Collins,Nico,collinsNico_21587,21587
Collins,Srjamie,collinsSrJamie_1285,1285
Collins,Zaven,CollinsZaven_21495,21495
Colquitt,Britton,colquittBritton_29169,29169
Colquitt,Dustin,colquittDustin_26820,26820
Compton,Will,comptonWill_2336,2336
Conley,Gareon,conleyGareon_12565,12565
Conner,James,connerJames_12664,12664
Cook,Dalvin,cookDalvin_12523,12523
Cook,James,cookJames_22054,22054
Cook,Jared,cookJared_20090,20090
Cooks,Brandin,cooksBrandin_10847,10847
Cooper,Pharaoh,cooperPharaoh_17595,17595
Cosmi,Sam,CosmiSam_21533,21533
Cousins,Kirk,cousinsKirk_11215,11215
Covington,Chris,covingtonChris_13451,13451
Crawford,Tyrone,crawfordTyrone_11519,11519
Crawley,Ken,crawleyKen_12429,12429
Crosby,Maxx,crosbyMaxx_20571,20571
Crowder,Jamison,crowderJamison_2450,2450
Cunningham,Zach,cunninghamZach_12581,12581
Curl,Kamren,curlKamren_21012,21012
Dalton,Andy,daltonAndy_10439,10439
Daniels,Jayden,DanielsJayden_14579,14579
Darkwa,Orleans,darkwaOrleans_2316,2316
Darrisaw,Christian,DarrisawChristian_21534,21534
Dart,Jaxson,DartJaxson_14796,14796
David,Lavonte,davidLavonte_11306,11306
Davis,Ashtyn,davisAshtyn_21152,21152
Davis,Corey,davisCorey_12540,12540
Davis,Demario,davisDemario_11555,11555
Davis,Gabriel,davisGabriel_20935,20935
Davis,Jamin,davisJamin_21917,21917
Davis,Jarrad,davisJarrad_12547,12547
Davis,Jordan,davisJordan_22164,22164
Davis,Sean,davisSean_17707,17707
Davis,Srthomas,davisSrThomas_26761,26761
Dawkins,Brian,DawkinsBrian_12246,12246
De,Castrodavid,deCastroDavid_11287,11287
De,Jeancooper,DeJeanCooper_14923,14923
Dean,Jamel,deanJamel_20703,20703
Decker,Taylor,DeckerTaylor_17665,17665
Delpit,Grant,delpitGrant_21019,21019
Dennard,Darqueze,dennardDarqueze_10850,10850
Dickerson,Eric,DickersonEric_10898,10898
Dickson,Michael,dicksonMichael_13391,13391
Diggs,Stefon,diggsStefon_2454,2454
Diggs,Trevon,diggsTrevon_21260,21260
Dillon,Aj,dillonAJ_20917,20917
Dixon,Riley,dixonRiley_17818,17818
Dobbins,Jk,DobbinsJK_20926,20926
Dobbs,Joshua,dobbsJoshua_12708,12708
Doctson,Josh,doctsonJosh_17563,17563
Dogg,Snoop,doggSnoop_2966,2966
Donald,Aaron,donaldAaron_10852,10852
Douglas,Harry,douglasHarry_28455,28455
Dowdle,Rico,DowdleRico_21039,21039
Downs,Josh,DownsJosh_22763,22763
Doyle,Jack,doyleJack_9968,9968
Drake,Kenyan,drakeKenyan_17585,17585
Dugger,Kyle,duggerKyle_21161,21161
Dulcich,Greg,dulcichGreg_22344,22344
Dunlap,Carlos,dunlapCarlos_9839,9839
Dupree,Bud,dupreeBud_2532,2532
Easley,Dominique,easleyDominique_10854,10854
Ebron,Eric,ebronEric_10855,10855
Edmunds,Terrell,edmundsTerrell_13361,13361
Edmunds,Tremaine,edmundsTremaine_13119,13119
Edwards,Bryan,edwardsBryan_21302,21302
Edwards,Helaireclyde,edwardsHelaireClyde_20957,20957
Egbuka,Emeka,EgbukaEmeka_15054,15054
Ehling,Sam,EhlingSam_21554,21554
Eifert,Tyler,eifertTyler_849,849
Ekeler,Austin,ekelerAustin_12948,12948
Eli,Apple,eliApple_17653,17653
Elliott,Ezekiel,elliottEzekiel_17547,17547
Elliott,Jake,elliottJake_12809,12809
Ellison,Rhett,ellisonRhett_11681,11681
Elway,John,elwayJohn_11251,11251
Emerson,Martin,EmersonMartin_22258,22258
Emmanwori,Nick,EmmanworiNick_15359,15359
Engram,Evan,engramEvan_12589,12589
Epenesa,Aj,epenesaAJ_20984,20984
Ertz,Zach,ertzZach_857,857
Evans,Mike,evansMike_10857,10857
Everett,Gerald,everettGerald_12583,12583
Fant,Noah,fantNoah_20511,20511
Farley,Caleb,farleyCaleb_21448,21448
Fashanu,Olumuyiwa,FashanuOlumuyiwa_14695,14695
Favre,Brett,favreBrett_32742,32742
Ferguson,Jake,FergusonJake_22094,22094
Ferguson,Terrance,FergusonTerrance_15105,15105
Ferrell,Clelin,FerrellClelin_20567,20567
Fisher,Eric,fisherEric_915,915
Fisher,Gabe,fisherGabe_198,198
Fitzpatrick,Minkah,fitzpatrickMinkah_13084,13084
Fitzpatrick,Ryan,fitzpatrickRyan_27061,27061
Flowers,Zay,flowersZay_22768,22768
Floyd,Leonard,floydLeonard_17554,17554
Foles,Nick,folesNick_11214,11214
Forbath,Kai,forbathKai_10900,10900
Forbes,Emmanuel,ForbesEmmanuel_23029,23029
Ford,Dee,fordDee_10861,10861
Foster,Reuben,fosterReuben_12522,12522
Fox,Jack,foxJack_20716,20716
Franklin,Troy,FranklinTroy_14647,14647
Franklin,Zaire,FranklinZaire_13480,13480
Free,Doug,freeDoug_27967,27967
Freeman,Royce,freemanRoyce_13121,13121
Freiermuth,Pat,freiermuthPat_21561,21561
Fuaga,Taliese,FuagaTaliese_14696,14696
Fuller,Kendall,fullerKendall_17668,17668
Fuller,Kyle,fullerKyle_10863,10863
Fuller,Vwill,fullerVWill_17565,17565
Fulton,Kristian,fultonKristian_21259,21259
Funchess,Devin,funchessDevin_2444,2444
Gabbert,Blaine,gabbertBlaine_10435,10435
Gainwell,Kenneth,gainwellKenneth_21571,21571
Gallimore,Neville,gallimoreNeville_20563,20563
Gallman,Wayne,gallmanWayne_12602,12602
Gallup,Michael,gallupMichael_13108,13108
Gano,Graham,ganoGraham_28887,28887
Gardner,Ahmad,gardnerAhmad_22260,22260
Gardner,Johnsonchauncey,gardnerJohnsonChauncey_20621,20621
Garoppolo,Jimmy,GaroppoloJimmy_10866,10866
Garrett,Myles,garrettMyles_12520,12520
Gaskin,Myles,gaskinMyles_20338,20338
Gates,Antonio,gatesAntonio_17523,17523
Gaylr,Willie,gaylrWillie_21001,21001
Gesicki,Mike,gesickiMike_13192,13192
Gibson,Antonio,GibsonAntonio_21048,21048
Gilmore,Stephon,gilmoreStephon_11436,11436
Ginn,Jrted,ginnJrTed_27907,27907
Gipson,Tashaun,gipsonTashaun_11818,11818
Glennon,Mike,glennonMike_251,251
Godwin,Chris,godwinChris_12614,12614
Goedert,Dallas,goedertDallas_13128,13128
Golden,Matthew,GoldenMatthew_15096,15096
Golladay,Kenny,golladayKenny_12830,12830
Gonzalez,Christian,gonzalezChristian_23026,23026
Gonzalez,Tony,gonzalezTony_11395,11395
Gordon,Josh,gordonJosh_11783,11783
Gordon,Kyler,GordonKyler_22261,22261
Gordon,Melvin,gordonMelvin_2398,2398
Gore,Frank,goreFrank_26639,26639
Gostkowski,Stephen,gostkowskiStephen_27420,27420
Graham,Jimmy,grahamJimmy_9793,9793
Graham,Mason,GrahamMason_15237,15237
Grant,Kenneth,GrantKenneth_15238,15238
Green,Aj,greenAJ_10614,10614
Green,Tj,greenTJ_17754,17754
Greene,Srrashad,greeneSrRashad_2445,2445
Greenlaw,Dre,GreenlawDre_20475,20475
Gregory,Randy,gregoryRandy_2529,2529
Grier,Will,grierWill_20330,20330
Griffin,Iiirobert,griffinIIIRobert_11210,11210
Griffin,Shaquill,griffinShaquill_12829,12829
Grimes,Brent,grimesBrent_28301,28301
Gronkowski,Rob,gronkowskiRob_9784,9784
Gross,Matosyetur,grossMatosYetur_20995,20995
Grugier,Hillkamu,grugierHillKamu_17852,17852
Gurley,Iitodd,gurleyIITodd_2399,2399
Haden,Joe,hadenJoe_9922,9922
Haener,Jake,HaenerJake_22715,22715
Hairston,Maxwell,HairstonMaxwell_15328,15328
Hall,Breece,hallBreece_22326,22326
Hall,Bryce,hallBryce_21263,21263
Hall,Logan,hallLogan_22180,22180
Ham,Cj,HamCJ_12967,12967
Hamilton,Daesean,hamiltonDaesean_13170,13170
Hamilton,Davon,hamiltonDavon_21122,21122
Hampton,Omarion,HamptonOmarion_15045,15045
Hardman,Mecole,hardmanMecole_20508,20508
Hargreaves,Iiivernon,hargreavesIIIVernon_17546,17546
Harmon,Derrick,HarmonDerrick_15239,15239
Harris,Charles,harrisCharles_12550,12550
Harris,Christian,HarrisChristian_22405,22405
Harris,Damien,harrisDamien_20337,20337
Harris,Darius,harrisDarius_21421,21421
Harris,Jrchris,harrisJrChris_11008,11008
Harry,Nkeal,harryNKeal_20496,20496
Henderson,Cj,hendersonCJ_21004,21004
Henderson,Darrell,hendersonDarrell_20509,20509
Henderson,Treveyon,HendersonTreVeyon_14810,14810
Henne,Chad,henneChad_28328,28328
Henry,Derrick,henryDerrick_17557,17557
Henry,Hunter,henryHunter_17643,17643
Herbert,Justin,HerbertJustin_21034,21034
Herbert,Khalil,herbertKhalil_21628,21628
Herbig,Nate,herbigNate_20537,20537
Hernandez,Will,hernandezWill_13114,13114
Herzlich,Mark,herzlichMark_10903,10903
Hester,Devin,hesterDevin_11613,11613
Hewitt,Ryan,hewittRyan_2296,2296
Heyward,Cameron,heywardCameron_10698,10698
Hicks,Akiem,hicksAkiem_11541,11541
Higbee,Tyler,higbeeTyler_17644,17644
Higgins,Jayden,HigginsJayden_15057,15057
Higgins,Tee,HigginsTee_20962,20962
Highsmith,Alex,highsmithAlex_21234,21234
Hightower,Donta,hightowerDonta_11432,11432
Hill,Daxton,hillDaxton_22263,22263
Hill,Justice,hillJustice_20490,20490
Hill,Trysten,hillTrysten_20561,20561
Hill,Tyreek,HillTyreek_17838,17838
Hilton,Ty,hiltonTY_11276,11276
Hines,Nyheim,hinesNyheim_13268,13268
Hockenson,Tj,hockensonTJ_20518,20518
Hodge,Khadarel,HodgeKhaDarel_13870,13870
Hodges,Bucky,hodgesBucky_12615,12615
Hogan,Chris,hoganChris_11149,11149
Holland,Jevon,hollandJevon_21470,21470
Hollins,Justin,hollinsJustin_20572,20572
Holmes,Darnay,holmesDarnay_21006,21006
Hood,Ziggy,hoodZiggy_20113,20113
Hooker,Amani,hookerAmani_20629,20629
Hooper,Austin,hooperAustin_17645,17645
Horn,Jaycee,hornJaycee_21451,21451
Howard,Jordan,howardJordan_17580,17580
Howard,Oj,howardOJ_12536,12536
Howard,Xavien,howardXavien_17709,17709
Howell,Sam,HowellSam_22380,22380
Hoyer,Brian,hoyerBrian_20162,20162
Hubbard,Chuba,hubbardChuba_21574,21574
Huber,Kevin,huberKevin_20261,20261
Hughes,Mike,hughesMike_13148,13148
Humphrey,Creed,humphreyCreed_21551,21551
Humphrey,Liljordan,humphreyLilJordan_20501,20501
Humphrey,Marlon,humphreyMarlon_12544,12544
Hunt,Kareem,huntKareem_12633,12633
Hunt,Robert,huntRobert_21291,21291
Hunter,Danielle,HunterDanielle_2540,2540
Hunter,Travis,HunterTravis_15101,15101
Hurns,Allen,hurnsAllen_2221,2221
Hurst,Hayden,hurstHayden_13256,13256
Hurst,Maurice,hurstMaurice_13086,13086
Hurts,Jalen,HurtsJalen_21033,21033
Hutchinson,Aidan,hutchinsonAidan_22145,22145
Hutchinson,Steve,hutchinsonSteve_11370,11370
Hyatt,Jalin,HyattJalin_22696,22696
Hyde,Carlos,hydeCarlos_10874,10874
Igbinoghene,Noah,igbinogheneNoah_21013,21013
Iloka,George,ilokaGeorge_11605,11605
Ingold,Alec,ingoldAlec_20390,20390
Ingram,Iimark,ingramIIMark_10585,10585
Ingram,Melvin,ingramMelvin_11291,11291
Inman,Dontrelle,inmanDontrelle_2195,2195
Irvin,Bruce,irvinBruce_11550,11550
Irvin,Michael,irvinMichael_11782,11782
Isabella,Andy,isabellaAndy_20388,20388
Ishmael,Kemal,ishmaelKemal_12285,12285
Ivory,Chris,ivoryChris_10055,10055
Jack,Myles,jackMyles_17539,17539
Jackson,Bo,jacksonBo_9877,9877
Jackson,Desean,jacksonDesean_28349,28349
Jackson,Donte,jacksonDonte_13169,13169
Jackson,Eddie,jacksonEddie_12634,12634
Jackson,Lamar,JacksonLamar_13092,13092
Jackson,Steven,jacksonSteven_17289,17289
Jacobs,Josh,jacobsJosh_20488,20488
James,Derwin,jamesDerwin_13080,13080
Jefferson,Justin,JeffersonJustin_20961,20961
Jefferson,Tony,jeffersonTony_9879,9879
Jefferson,Van,jeffersonVan_21072,21072
Jeffery,Alshon,jefferyAlshon_11258,11258
Jenkins,Elgton,jenkinsElgton_20376,20376
Jenkins,Janoris,jenkinsJanoris_11437,11437
Jennings,Jauan,jenningsJauan_21073,21073
Jernigan,Tim,jerniganTim_10877,10877
Jeudy,Jerry,JeudyJerry_20940,20940
Johnson,Calvin,johnsonCalvin_27903,27903
Johnson,David,JohnsonDavid_2406,2406
Johnson,David,johnsonDavid_28867,28867
Johnson,Diontae,johnsonDiontae_20653,20653
Johnson,Iijermaine,johnsonIIJermaine_22141,22141
Johnson,Jaylon,johnsonJaylon_21009,21009
Johnson,John,johnsonJohn_12611,12611
Johnson,Jrduke,johnsonJrDuke_2403,2403
Johnson,Jrparis,johnsonJrParis_22699,22699
Johnson,Keyshawn,johnsonKeyshawn_29455,29455
Johnson,Lane,johnsonLane_927,927
Johnson,Trumaine,johnsonTrumaine_11576,11576
Johnson,Will,JohnsonWill_15267,15267
Johnston,Quentin,johnstonQuentin_22695,22695
Jones,Byron,jonesByron_2577,2577
Jones,Chandler,jonesChandler_11295,11295
Jones,Chris,jonesChris_11072,11072
Jones,Daniel,jonesDaniel_20427,20427
Jones,Dawand,jonesDawand_22855,22855
Jones,Deion,jonesDeion_17677,17677
Jones,Drewmaurice,jonesDrewMaurice_27231,27231
Jones,Ivsidney,jonesIVSidney_12537,12537
Jones,Mac,JonesMac_21763,21763
Jones,Zay,jonesZay_12564,12564
Jordan,Cameron,jordanCameron_10697,10697
Jordan,Dion,jordanDion_1230,1230
Joseph,Kerby,josephKerby_22227,22227
Joseph,Linval,josephLinval_9870,9870
Joyner,Lamarcus,joynerLamarcus_12337,12337
Judkins,Quinshon,JudkinsQuinshon_14811,14811
Kaepernick,Colin,kaepernickColin_10578,10578
Kalil,Ryan,kalilRyan_27925,27925
Kamara,Alvin,kamaraAlvin_12551,12551
Karlaftis,George,karlaftisGeorge_22140,22140
Kazee,Damontae,kazeeDamontae_12594,12594
Kearse,Jermaine,kearseJermaine_11457,11457
Keenum,Case,keenumCase_11222,11222
Kelce,Jason,kelceJason_10690,10690
Kelce,Travis,kelceTravis_890,890
Kendricks,Mychal,kendricksMychal_11433,11433
Kern,Brett,kernBrett_28614,28614
Kerrigan,Ryan,kerriganRyan_10695,10695
Killebrew,Miles,KillebrewMiles_17756,17756
Kincaid,Dalton,KincaidDalton_22823,22823
King,Desmond,kingDesmond_12570,12570
Kinlaw,Javon,kinlawJavon_21133,21133
Kirk,Christian,kirkChristian_13186,13186
Kirksey,Christian,kirkseyChristian_2020,2020
Kittle,George,kittleGeorge_12836,12836
Kizer,Deshone,kizerDeShone_12554,12554
Kmet,Cole,kmetCole_20952,20952
Knight,Jrdemetrius,KnightJrDemetrius_15245,15245
Knox,Dawson,knoxDawson_20523,20523
Koch,Sam,kochSam_27443,27443
Kuechly,Luke,kuechlyLuke_11309,11309
Kuhn,John,kuhnJohn_28238,28238
Kupp,Cooper,kuppCooper_12558,12558
La,Portasam,LaPortaSam_22826,22826
Lacy,Eddie,lacyEddie_299,299
Lamb,Ceedee,LambCeeDee_20932,20932
Lance,Trey,lanceTrey_21555,21555
Landry,Carter,LandryCarter_24437,24437
Landry,Harold,landryHarold_13172,13172
Landry,Jarvis,landryJarvis_12339,12339
Lane,Nighttrain,laneNightTrain_11204,11204
Lattimore,Marshon,lattimoreMarshon_12528,12528
Latu,Laiatu,LatuLaiatu_14750,14750
Lauletta,Kyle,laulettaKyle_13264,13264
Lawrence,Demarcus,lawrenceDeMarcus_11079,11079
Lawrence,Dexter,LawrenceDexter_20552,20552
Lawson,Carl,lawsonCarl_12575,12575
Lawson,Shaq,lawsonShaq_17551,17551
Lee,Darron,leeDarron_17549,17549
Lee,Marqise,leeMarqise_12342,12342
Legette,Xavier,LegetteXavier_14652,14652
Leonard,Darius,leonardDarius_13130,13130
Levis,Will,levisWill_22687,22687
Lewan,Taylor,lewanTaylor_10613,10613
Lewis,Jourdan,lewisJourdan_12555,12555
Lewis,Ray,lewisRay_11377,11377
Linderbaum,Tyler,linderbaumTyler_22274,22274
Lindsay,Phillip,lindsayPhillip_13347,13347
Lindstrom,Chris,lindstromChris_20369,20369
Liuget,Corey,liugetCorey_10720,10720
Lloyd,Marshawn,lloydMarShawn_14628,14628
Lock,Drew,lockDrew_20328,20328
Lockett,Tyler,lockettTyler_2448,2448
London,Drake,londonDrake_22068,22068
Lott,Ronnie,lottRonnie_11469,11469
Love,Bryce,loveBryce_20336,20336
Love,Jordan,loveJordan_20915,20915
Love,Julian,loveJulian_20602,20602
Lynch,Marshawn,lynchMarshawn_27912,27912
Mack,Alex,mackAlex_20067,20067
Mack,Khalil,mackKhalil_12344,12344
Madden,John,maddenJohn_22684,22684
Madubuike,Justin,madubuikeJustin_20982,20982
Mahomes,Iipatrick,mahomesIIPatrick_12635,12635
Manning,Eli,manningEli_17272,17272
Manning,Peyton,manningPeyton_678,678
Manuel,Ej,manuelEJ_248,248
Marino,Dan,marinoDan_10893,10893
Mariota,Marcus,mariotaMarcus_19983,19983
Marshall,Brandon,marshallBrandon_11566,11566
Marshall,Brandon,marshallBrandon_27301,27301
Marshall,Keith,marshallKeith_17587,17587
Martin,Doug,martinDoug_11230,11230
Martin,Zack,martinZack_12348,12348
Martinez,Blake,martinezBlake_17680,17680
Massie,Bobby,massieBobby_11473,11473
Mathieu,Tyrann,MathieuTyrann_11892,11892
Matthews,Jake,matthewsJake_12349,12349
Matthews,Tommy,MatthewsTommy_FOTF,FOTF
Mattison,Alexander,mattisonAlexander_20641,20641
Maye,Drake,MayeDrake_14501,14501
Mayfield,Baker,MayfieldBaker_13117,13117
Mc,Bridetrey,McBrideTrey_22093,22093
Mc,Carthyjj,McCarthyJJ_14610,14610
Mc,Cloudrayray,McCloudRayRay_13362,13362
Mc,Conkeyladd,McConkeyLadd_14651,14651
Mc,Coycolt,mcCoyColt_9713,9713
Mc,Coylesean,mcCoyLeSean_20093,20093
Mc,Crearyroger,mcCrearyRoger_22206,22206
Mc,Donaldjrtj,mcDonaldJrTJ_11904,11904
Mc,Donaldvance,mcDonaldVance_907,907
Mc,Dowellmalik,mcDowellMalik_12543,12543
Mc,Duffietrent,mcDuffieTrent_22265,22265
Mc,Gloinmatt,mcGloinMatt_12052,12052
Mc,Kinneybenardrick,mcKinneyBenardrick_2558,2558
Mc,Kinneyxavier,mcKinneyXavier_21023,21023
Mc,Kinnonjerick,mcKinnonJerick_12354,12354
Mc,Lendonsteve,mcLendonSteve_10142,10142
Mc,Manissherrick,mcManisSherrick_9940,9940
Mc,Manusbrandon,mcManusBrandon_2278,2278
Mc,Millanraekwon,mcMillanRaekwon_12578,12578
Mc,Millantetairoa,McMillanTetairoa_15097,15097
Mccaffrey,Christian,mccaffreyChristian_12556,12556
Mccourty,Devin,mccourtyDevin_9925,9925
Mccourty,Jason,mccourtyJason_28829,28829
Mccoy,Gerald,mccoyGerald_9859,9859
Membou,Armand,MembouArmand_15159,15159
Mercilus,Whitney,mercilusWhitney_11292,11292
Metcalf,Dk,metcalfDK_20353,20353
Metchiell,John,metchiellJohn_22361,22361
Meyers,Jakobi,meyersJakobi_20433,20433
Milano,Matt,MilanoMatt_12781,12781
Miller,Braxton,millerBraxton_17561,17561
Miller,Kendre,MillerKendre_22742,22742
Miller,Lamar,millerLamar_11229,11229
Mills,Davis,millsDavis_21556,21556
Mills,Jalen,millsJalen_17682,17682
Mims,Jrmarvin,mimsJrMarvin_22767,22767
Mingo,Jonathan,mingoJonathan_22770,22770
Minshewll,Gardner,minshewllGardner_20347,20347
Mitchell,Adonai,mitchellAdonai_14649,14649
Mitchell,Keaton,mitchellKeaton_23134,23134
Mitchell,Mike,mitchellMike_20308,20308
Mitchell,Quinyon,MitchellQuinyon_14932,14932
Mixon,Joe,mixonJoe_12625,12625
Molden,Elijah,moldenElijah_21660,21660
Mond,Kellen,mondKellen_21623,21623
Montana,Joe,montanaJoe_11208,11208
Montgomery,Ty,montgomeryTy_2456,2456
Mooney,Darnell,mooneyDarnell_21324,21324
Moore,Matt,mooreMatt_28251,28251
Moore,Skyy,mooreSkyy_22362,22362
Moorell,Kenny,moorellKenny_12965,12965
Moreau,Foster,moreauFoster_20393,20393
Morstead,Thomas,morsteadThomas_20305,20305
Mosley,Cj,mosleyCJ_12362,12362
Moss,Zack,mossZack_21332,21332
Mullen,Trayvon,mullenTrayvon_20603,20603
Munnerlyn,Captain,munnerlynCaptain_20202,20202
Murphy,Buntingsean,murphyBuntingSean_20608,20608
Murphy,Byron,murphyByron_20599,20599
Murphy,Myles,murphyMyles_22914,22914
Murray,Jrkenneth,murrayJrKenneth_20998,20998
Murray,Kyler,MurrayKyler_20430,20430
Murray,Latavius,murrayLatavius_11943,11943
Murray,Patrick,murrayPatrick_2334,2334
Musgrave,Luke,MusgraveLuke_22825,22825
Nabers,Malik,NabersMalik_14644,14644
Nacua,Puka,NacuaPuka_22811,22811
Neal,Evan,nealEvan_22441,22441
Neal,Keanu,nealKeanu_17683,17683
Nelson,Jordy,nelsonJordy_28433,28433
Nelson,Quenton,nelsonQuenton_13081,13081
Newsomell,Greg,newsomellGreg_21457,21457
Newton,Cam,newtonCam_10436,10436
Newton,Jerzhan,NewtonJerZhan_14751,14751
Ngakoue,Yannick,ngakoueYannick_17734,17734
Nicholson,Montae,nicholsonMontae_12667,12667
Ninkovich,Rob,ninkovichRob_27849,27849
Nix,Bo,NixBo_14609,14609
Njoku,David,njokuDavid_12532,12532
Nolen,Walter,NolenWalter_15235,15235
Norman,Josh,normanJosh_11579,11579
O,Connellaidan,OConnellAidan_22716,22716
O,Donnellpat,oDonnellPat_2002,2002
O,Neillbrian,ONeillBrian_13257,13257
Odunze,Rome,OdunzeRome_14645,14645
Ogbah,Emmanuel,ogbahEmmanuel_17686,17686
Ojabo,David,ojaboDavid_22311,22311
Okereke,Bobby,okerekeBobby_20425,20425
Okonkwo,Chigoziem,OkonkwoChigoziem_22347,22347
Okudah,Jeff,OkudahJeff_21010,21010
Okung,Russell,okungRussell_9798,9798
Olave,Chris,olaveChris_22072,22072
Oliver,Ed,oliverEd_20548,20548
Olsen,Greg,olsenGreg_27929,27929
Orakpo,Brian,orakpoBrian_20117,20117
Osweiler,Brock,osweilerBrock_11212,11212
Oweh,Odafe,owehOdafe_21511,21511
Owens,Terrell,owensTerrell_939,939
Owusu,Koramoahjeremiah,owusuKoramoahJeremiah_21500,21500
Pace,Jrivan,paceJrIvan_22977,22977
Parker,Devante,parkerDeVante_2437,2437
Parker,Ron,parkerRon_11056,11056
Parsons,Micah,ParsonsMicah_21476,21476
Patterson,Cordarrelle,pattersonCordarrelle_498,498
Paye,Kwity,payeKwity_21884,21884
Payne,Daron,payneDaRon_13104,13104
Payton,Walter,paytonWalter_27505,27505
Pearsall,Ricky,pearsallRicky_14657,14657
Penix,Jrmichael,PenixJrMichael_14608,14608
Penning,Trevor,penningTrevor_22103,22103
Penny,Rashaad,pennyRashaad_13215,13215
Peppers,Jabrill,peppersJabrill_12531,12531
Perine,Samaje,perineSamaje_12627,12627
Perkins,Paul,perkinsPaul_17578,17578
Perriman,Breshad,perrimanBreshad_2440,2440
Peterman,Nathan,petermanNathan_12612,12612
Peters,Jason,petersJason_27021,27021
Peterson,Adrian,petersonAdrian_27899,27899
Peterson,Patrick,petersonPatrick_10743,10743
Petty,Bryce,pettyBryce_2385,2385
Phillips,Adrian,phillipsAdrian_2759,2759
Pickett,Kenny,pickettKenny_22046,22046
Pierce,Alec,pierceAlec_22085,22085
Pierce,Dameon,pierceDameon_22067,22067
Pierre,Pauljason,pierrePaulJason_9835,9835
Pinion,Bradley,pinionBradley_2604,2604
Pitre,Jalen,PitreJalen_22230,22230
Pitts,Kyle,pittsKyle_21565,21565
Poe,Dontari,poeDontari_11296,11296
Polamalu,Troy,polamaluTroy_16548,16548
Pollard,Tony,pollardTony_20473,20473
Porter,Jrjoey,PorterJrJoey_22706,22706
Pouncey,Maurkice,pounceyMaurkice_9827,9827
Pouncey,Mike,pounceyMike_10686,10686
Powell,Bilal,powellBilal_10598,10598
Pratt,Germaine,prattGermaine_20424,20424
Prescott,Dak,prescottDak_17567,17567
Prosise,Cj,prosiseCJ_17577,17577
Purdy,Brock,PurdyBrock_22383,22383
Quinn,Robert,quinnRobert_10694,10694
Ragland,Reggie,raglandReggie_17687,17687
Ramczyk,Ryan,ramczykRyan_12533,12533
Ramsey,Jalen,ramseyJalen_17538,17538
Randall,Damarious,randallDamarious_2592,2592
Rankins,Sheldon,rankinsSheldon_17550,17550
Rapp,Taylor,rappTaylor_20622,20622
Reagor,Jalen,reagorJalen_20938,20938
Reddick,Haason,reddickHaason_12560,12560
Reed,Jayden,ReedJayden_22786,22786
Reid,Eric,reidEric_1477,1477
Reiff,Riley,reiffRiley_11284,11284
Renfrow,Hunter,RenfrowHunter_20356,20356
Ricard,Patrick,ricardPatrick_12959,12959
Rice,Jerry,riceJerry_10894,10894
Rice,Rashee,RiceRashee_22765,22765
Richardson,Anthony,richardsonAnthony_22689,22689
Richardson,Paul,richardsonPaul_10463,10463
Richardson,Sheldon,richardsonSheldon_1042,1042
Ridder,Desmond,ridderDesmond_22047,22047
Riddick,Theo,riddickTheo_11947,11947
Ridley,Calvin,ridleyCalvin_13113,13113
Riley,Duke,rileyDuke_12617,12617
Roberts,Andre,robertsAndre_9766,9766
Robinson,Ashawn,robinsonAShawn_17562,17562
Robinson,Bijan,robinsonBijan_22690,22690
Robinson,Cam,robinsonCam_12557,12557
Robinson,James,RobinsonJames_21043,21043
Robinson,Jrbrian,robinsonJrBrian_22055,22055
Robinson,Patrick,robinsonPatrick_9924,9924
Robinson,Wandale,robinsonWanDale_22368,22368
Rodgers,Aaron,rodgersAaron_26668,26668
Romo,Tony,romoTony_17083,17083
Rosen,Josh,RosenJosh_13094,13094
Ross,John,rossJohn_12539,12539
Rudolph,Kyle,rudolphKyle_10642,10642
Rudolph,Mason,rudolphMason_13088,13088
Ruggs,Iiihenry,RuggsIIIHenry_20936,20936
Rush,Cooper,rushCooper_12931,12931
Ryan,Logan,ryanLogan_1435,1435
Ryan,Matt,ryanMatt_28325,28325
Rypien,Brett,RypienBrett_20331,20331
Samuel,Curtis,samuelCurtis_12579,12579
Samuel,Deebo,samuelDeebo_20348,20348
Samuel,Jrasante,samuelJrAsante_21459,21459
Samuels,Jaylen,samuelsJaylen_13173,13173
Sanchez,Mark,sanchezMark_20052,20052
Sanders,Barry,sandersBarry_10890,10890
Sanders,Deion02,SandersDeion02_10888,10888
Sanders,Emmanuel,SandersEmmanuel_9773,9773
Sanders,Miles,sandersMiles_20492,20492
Santos,Cairo,santosCairo_2200,2200
Sanu,Srmohamed,sanuSrMohamed_11257,11257
Savage,Jrdarnell,savageJrDarnell_20458,20458
Scarbrough,Bo,scarbroughBo_13293,13293
Scherff,Brandon,scherffBrandon_2497,2497
Schmidt,Colton,schmidtColton_2291,2291
Schoonmaker,Luke,schoonmakerLuke_22843,22843
Schultz,Dalton,schultzDalton_13435,13435
Scourton,Nic,ScourtonNic_15203,15203
Seals,Jonesricky,sealsJonesRicky_12698,12698
Seumalo,Isaac,seumaloIsaac_17776,17776
Sewell,Penei,SewellPenei_21540,21540
Shaheed,Rashid,ShaheedRashid_22666,22666
Shakir,Khalil,ShakirKhalil_22074,22074
Sharpe,Shannon,sharpeShannon_11427,11427
Sharpe,Tajae,sharpeTajae_17604,17604
Sheard,Jabaal,sheardJabaal_10700,10700
Shenault,Jrlaviska,shenaultJrLaviska_20942,20942
Shepard,Sterling,shepardSterling_17592,17592
Shields,Sam,shieldsSam_10065,10065
Shockey,Jeremy,shockeyJeremy_14823,14823
Short,Kawann,shortKawann_1112,1112
Shough,Tyler,ShoughTyler_14788,14788
Siemian,Trevor,siemianTrevor_2691,2691
Simmons,Isaiah,SimmonsIsaiah_21000,21000
Simmons,Josh,simmonsJosh_15124,15124
Simpson,Trenton,SimpsonTrenton_22704,22704
Singletary,Mike,singletaryMike_2917,2917
Sitton,Josh,sittonJosh_28487,28487
Skrine,Buster,skrineBuster_10785,10785
Slater,Matthew,slaterMatthew_28503,28503
Slater,Rashawn,slaterRashawn_21541,21541
Slay,Jrdarius,slayJrDarius_1426,1426
Slayton,Darius,slaytonDarius_20655,20655
Smith,Cam,smithCam_22708,22708
Smith,Devin,smithDevin_2441,2441
Smith,Emmitt,smithEmmitt_11206,11206
Smith,Geno,smithGeno_112,112
Smith,Harrison,smithHarrison_11440,11440
Smith,Ito,smithIto_13158,13158
Smith,Jaylon,smithJaylon_17544,17544
Smith,Jimmy,smithJimmy_10767,10767
Smith,Jonnu,SmithJonnu_12700,12700
Smith,Jrjry,smithJrJry_20519,20519
Smith,Lee,smithLee_10649,10649
Smith,Njigbajaxon,SmithNjigbaJaxon_22694,22694
Smith,Nolan,smithNolan_22700,22700
Smith,Preston,smithPreston_2534,2534
Smith,Roquan,smithRoquan_13082,13082
Smith,Schusterjuju,smithSchusterJuJu_12571,12571
Smith,Srsteve,smithSrSteve_14165,14165
Smith,Telvin,smithTelvin_2064,2064
Smith,Trey,smithTrey_21648,21648
Smith,Tyler,smithTyler_22445,22445
Smith,Tyron,smithTyron_10653,10653
Sneed,Ljarius,sneedLJarius_21351,21351
Solder,Nate,solderNate_10654,10654
Spears,Tyjae,spearsTyjae_22749,22749
Stafford,Matthew,staffordMatthew_20051,20051
Staley,Joe,staleyJoe_27965,27965
Stanley,Ronnie,stanleyRonnie_17545,17545
Stanton,Drew,stantonDrew_27939,27939
Starks,Malaki,StarksMalaki_15357,15357
Sternberger,Jace,sternbergerJace_20522,20522
Stevenson,Rhamondre,stevensonRhamondre_21632,21632
Stick,Easton,StickEaston_20335,20335
Stidham,Jarrett,stidhamJarrett_20381,20381
Stingley,Jrderek,stingleyJrDerek_22269,22269
Stokes,Eric,stokesEric_21705,21705
Strahan,Michael,StrahanMichael_999,999
Strange,Cole,strangeCole_22137,22137
Stroud,Cj,stroudCJ_22688,22688
Sturgis,Caleb,sturgisCaleb_11940,11940
Suh,Ndamukong,suhNdamukong_9858,9858
Surtain,Iipatrick,surtainIIPatrick_21764,21764
Sutton,Courtland,suttonCourtland_13087,13087
Sweat,Montez,sweatMontez_20411,20411
Swift,Dandre,SwiftDAndre_20920,20920
Tabor,Teez,taborTeez_12534,12534
Tagovailoa,Tua,tagovailoaTua_20916,20916
Takitaki,Sione,takitakiSione_20487,20487
Talib,Aqib,talibAqib_28387,28387
Tankersley,Cordrea,tankersleyCordrea_12637,12637
Tannehill,Ryan,tannehillRyan_11211,11211
Tatelll,Golden,tatelllGolden_9755,9755
Taylor,Jawaan,taylorJawaan_20534,20534
Taylor,Jonathan,taylorJonathan_20928,20928
Taylor,Lawrence,taylorLawrence_10891,10891
Taylor,Mason,TaylorMason_15118,15118
Taylor,Sean,taylorSean_17497,17497
Taylor,Srphil,taylorSrPhil_10721,10721
Taylor,Trent,taylorTrent_12743,12743
Taylor,Tyrod,taylorTyrod_10583,10583
Teller,Wyatt,TellerWyatt_13208,13208
Terrell,Aj,terrellAJ_21002,21002
Thibodeaux,Kayvon,thibodeauxKayvon_22139,22139
Thielen,Adam,thielenAdam_2280,2280
Thomas,Andrew,ThomasAndrew_20964,20964
Thomas,Deanthony,thomasDeAnthony_12383,12383
Thomas,Jrbrian,ThomasJrBrian_14648,14648
Thomas,Michael,thomasMichael_17552,17552
Thomas,Solomon,thomasSolomon_12526,12526
Thompson,Shaq,thompsonShaq_2562,2562
Thornhill,Juan,ThornhillJuan_20456,20456
Thornton,Tyquan,ThorntonTyquan_22371,22371
Toilolo,Levine,toiloloLevine_1686,1686
Tolbert,Jalen,tolbertJalen_22088,22088
Tomlinson,Dalvin,tomlinsonDalvin_12595,12595
Tomlinson,Ladainian,tomlinsonLaDainian_14130,14130
Toney,Kadarius,toneyKadarius_21609,21609
Too,Toohenry,TooTooHenry_22998,22998
Tranquil,Idrue,tranquilIDrue_20444,20444
Trask,Kyle,traskKyle_21558,21558
Trautman,Adam,trautmanAdam_21092,21092
Treadwell,Laquon,treadwellLaquon_17555,17555
Tremble,Tommy,trembleTommy_21777,21777
Trubisky,Mitchell,trubiskyMitchell_12552,12552
Tucker,Justin,tuckerJustin_11814,11814
Tuipulotu,Marlon,tuipulotuMarlon_21528,21528
Tuitt,Stephon,tuittStephon_12386,12386
Tunsil,Laremy,tunsilLaremy_17541,17541
Turbin,Robert,turbinRobert_11235,11235
Turner,Dallas,TurnerDallas_14894,14894
Turner,Trai,TurnerTrai_11453,11453
Turpin,Kavontae,TurpinKaVontae_22599,22599
Uche,Josh,ucheJosh_20990,20990
Urlacher,Brian,urlacherBrian_1895,1895
Vaccaro,Kenny,vaccaroKenny_1466,1466
Van,Nesslukas,VanNessLukas_22926,22926
Van,Noykyle,vanNoyKyle_12387,12387
Vanden,Boschkyle,VandenBoschKyle_14238,14238
Vander,Eschleighton,vanderEschLeighton_13139,13139
Vea,Vita,veaVita_13091,13091
Verner,Alterraun,vernerAlterraun_9938,9938
Vernon,Olivier,vernonOlivier_11528,11528
Verret,Jason,verretJason_12388,12388
Verse,Jared,VerseJared_14752,14752
Vick,Mike,vickMike_14120,14120
Waddle,Jaylen,waddleJaylen_21760,21760
Wagner,Bobby,wagnerBobby_11567,11567
Walker,Iiikenneth,walkerIIIKenneth_22338,22338
Walker,Jalon,walkerJalon_15265,15265
Walker,Travon,walkerTravon_22305,22305
Wallace,Tylan,wallaceTylan_21619,21619
Walsh,Blair,walshBlair_11683,11683
Ward,Cam,WardCam_14778,14778
Ward,Charvarius,WardCharvarius_13507,13507
Ward,Denzel,wardDenzel_13101,13101
Ward,Tj,wardTJ_9958,9958
Warren,Jaylen,WarrenJaylen_22471,22471
Warren,Tyler,WarrenTyler_15102,15102
Watkins,Carlos,watkinsCarlos_12599,12599
Watkins,Quez,watkinsQuez_20945,20945
Watson,Christian,watsonChristian_22373,22373
Watson,Dekoda,watsonDekoda_9887,9887
Watt,Jj,wattJJ_10693,10693
Watt,Tj,wattTJ_12562,12562
Way,Tress,wayTress_2335,2335
Weddle,Eric,weddleEric_27992,27992
West,Terrance,westTerrance_12391,12391
Westbrook,Dede,westbrookDede_12618,12618
White,Mike,whiteMike_13250,13250
White,Rachaad,whiteRachaad_22056,22056
White,Reggie,whiteReggie_11250,11250
White,Tredavious,whiteTreDavious_12548,12548
Whitehead,Lucky,whiteheadLucky_2788,2788
Whitworth,Andrew,whitworthAndrew_27243,27243
Wiggins,Nate,wigginsNate_14924,14924
Wilber,Kyle,wilberKyle_11554,11554
Wilfork,Vince,wilforkVince_17417,17417
Wilkerson,Muhammad,wilkersonMuhammad_10699,10699
Wilkins,Christian,wilkinsChristian_20550,20550
Williams,Caleb,WilliamsCaleb_14500,14500
Williams,Greedy,williamsGreedy_20600,20600
Williams,Jamaal,williamsJamaal_12663,12663
Williams,Jameson,williamsJameson_22375,22375
Williams,Javonte,williamsJavonte_21581,21581
Williams,Karlos,williamsKarlos_2410,2410
Williams,Kyren,williamsKyren_22051,22051
Williams,Leonard,williamsLeonard_2527,2527
Williams,Marcus,williamsMarcus_12573,12573
Williams,Mike,williamsMike_12529,12529
Williams,Mykel,WilliamsMykel_15199,15199
Williams,Quinnen,WilliamsQuinnen_20547,20547
Williams,Ricky,williamsRicky_1554,1554
Williams,Sam,williamsSam_22150,22150
Williams,Tim,williamsTim_12553,12553
Williams,Trayeon,williamsTrayeon_20510,20510
Williams,Trent,williamsTrent_9800,9800
Williams,Tyleik,WilliamsTyleik_15204,15204
Williams,Vince,williamsVince_12321,12321
Willis,Malik,willisMalik_22048,22048
Wils,Jrjedrick,wilsJrJedrick_20968,20968
Wilson,Donovan,WilsonDonovan_20713,20713
Wilson,Garrett,wilsonGarrett_22376,22376
Wilson,Jrjeff,WilsonJrJeff_13363,13363
Wilson,Michael,wilsonMichael_22810,22810
Wilson,Quincy,wilsonQuincy_12542,12542
Wilson,Russell,wilsonRussell_11217,11217
Wilson,Srmack,wilsonSrMack_20582,20582
Wilson,Tyree,wilsonTyree_22973,22973
Winfield,Jrantoine,winfieldJrAntoine_21017,21017
Winston,Jameis,winstonJameis_19982,19982
Wirfs,Tristan,wirfsTristan_20971,20971
Wishnowsky,Mitch,wishnowskyMitch_20481,20481
Witherspoon,Devon,WitherspoonDevon_23023,23023
Woods,Robert,woodsRobert_521,521
Woods,Xavier,woodsXavier_12846,12846
Woodson,Charles,woodsonCharles_1370,1370
Woodson,Rod,woodsonRod_10889,10889
