PGHE,PFCG,GPAN,GSLP,PSXP,CPVF
1,"1_B_B_005","GenericHead_1_B_B_005_portrait",0,4058,1
2,"1_B_G_01","GenericHead_1_B_G_01_portrait",0,3455,1
3,"1_B_N_0012","GenericHead_1_B_N_0012_portrait",0,3359,1
4,"1_B_N_007","GenericHead_1_B_N_007_portrait",0,4062,1
5,"1_B_N_01","GenericHead_1_B_N_01_portrait",0,4060,1
6,"1_B_N_010","GenericHead_1_B_N_010_portrait",0,4063,1
7,"1_B_N_011","GenericHead_1_B_N_011_portrait",0,3380,1
8,"1_B_N_02","GenericHead_1_B_N_02_portrait",0,4061,1
9,"1_B_N_03","GenericHead_1_B_N_03_portrait",0,3360,1
10,"1_B_N_04","GenericHead_1_B_N_04_portrait",0,3361,0
11,"1_B_S_001","GenericHead_1_B_S_001_portrait",0,4064,1
12,"1_B_S_002","GenericHead_1_B_S_002_portrait",0,4065,1
13,"1_BM_MB_005","GenericHead_1_BM_MB_005_portrait",0,4071,1
14,"1_H_B_009","GenericHead_1_H_B_009_portrait",0,4073,0
15,"1_H_BD_01","GenericHead_1_H_BD_01_portrait",0,4074,1
16,"1_H_BD_02","GenericHead_1_H_BD_02_portrait",0,4075,1
17,"1_H_N_010","GenericHead_1_H_N_010_portrait",0,4313,1
18,"1_H_N_015","GenericHead_1_H_N_015_portrait",0,4078,1
19,"1_H_S_003","GenericHead_1_H_S_003_portrait",0,4079,1
20,"1_H_S_008","GenericHead_1_H_S_008_portrait",0,4081,1
21,"1_M_N_02","GenericHead_1_M_N_02_portrait",0,4083,1
22,"1_M_S_011","GenericHead_1_M_S_011_portrait",0,4088,0
23,"2_B_B_004","GenericHead_2_B_B_004_portrait",0,4094,1
24,"2_B_B_005","GenericHead_2_B_B_005_portrait",0,3381,1
25,"2_B_B_006","GenericHead_2_B_B_006_portrait",0,3662,1
26,"2_B_BD_03","GenericHead_2_B_BD_03_portrait",0,4184,1
27,"2_B_N_0010","GenericHead_2_B_N_0010_portrait",0,3666,1
28,"2_B_N_0011","GenericHead_2_B_N_0011_portrait",0,3667,1
29,"2_B_N_0012","GenericHead_2_B_N_0012_portrait",0,3362,1
30,"2_B_N_0013","GenericHead_2_B_N_0013_portrait",0,3382,1
31,"2_B_N_0014","GenericHead_2_B_N_0014_portrait",0,3383,1
32,"2_B_N_0015","GenericHead_2_B_N_0015_portrait",0,3671,1
33,"2_B_N_0016","GenericHead_2_B_N_0016_portrait",0,3405,1
34,"2_B_N_0017","GenericHead_2_B_N_0017_portrait",0,3404,1
35,"2_B_N_0018","GenericHead_2_B_N_0018_portrait",0,3407,1
36,"2_B_N_006","GenericHead_2_B_N_006_portrait",0,4186,1
37,"2_B_N_009","GenericHead_2_B_N_009_portrait",0,4188,1
38,"2_B_N_01","GenericHead_2_B_N_01_portrait",0,3363,1
39,"2_B_N_02","GenericHead_2_B_N_02_portrait",0,3384,1
40,"2_B_N_03","GenericHead_2_B_N_03_portrait",0,3673,1
41,"2_B_S_001","GenericHead_2_B_S_001_portrait",0,4189,1
42,"2_B_S_005","GenericHead_2_B_S_005_portrait",0,4190,1
43,"2_B_S_006","GenericHead_2_B_S_006_portrait",0,3364,1
44,"2_B_S_007","GenericHead_2_B_S_007_portrait",0,3351,1
45,"2_B_S_008","GenericHead_2_B_S_008_portrait",0,3686,0
46,"2_B_S_009","GenericHead_2_B_S_009_portrait",0,3718,1
47,"2_BMH_G_009","GenericHead_2_BMH_G_009_portrait",0,4192,1
48,"2_BMH_S_002","GenericHead_2_BMH_S_002_portrait",0,4089,1
49,"2_BMH_S_003","GenericHead_2_BMH_S_003_portrait",0,3756,1
50,"2_BMH_S_004","GenericHead_2_BMH_S_004_portrait",0,3771,1
51,"2_BMH_S_010","GenericHead_2_BMH_S_010_portrait",0,4094,1
52,"2_H_B_002","GenericHead_2_H_B_002_portrait",0,0,0
53,"2_H_B_004","GenericHead_2_H_B_004_portrait",0,4135,1
54,"2_H_B_005","GenericHead_2_H_B_005_portrait",0,3365,1
55,"2_H_B_010","GenericHead_2_H_B_010_portrait",0,4193,1
56,"2_H_BD_03","GenericHead_2_H_BD_03_portrait",0,4144,1
57,"2_H_G_01","GenericHead_2_H_G_01_portrait",0,4195,1
58,"2_H_G_02","GenericHead_2_H_G_02_portrait",0,3806,0
59,"2_H_GM_004","GenericHead_2_H_GM_004_portrait",0,4196,1
60,"2_H_MB_012","GenericHead_2_H_MB_012_portrait",0,4197,1
61,"2_H_N_006","GenericHead_2_H_N_006_portrait",0,4199,1
62,"2_H_N_007","GenericHead_2_H_N_007_portrait",0,4200,1
63,"2_H_N_009","GenericHead_2_H_N_009_portrait",0,4201,1
64,"2_M_B_01","GenericHead_2_M_B_01_portrait",0,3811,1
65,"2_M_B_02","GenericHead_2_M_B_02_portrait",0,3816,1
66,"2_M_N_007","GenericHead_2_M_N_007_portrait",0,4203,1
67,"2_M_N_04","GenericHead_2_M_N_04_portrait",0,4287,1
68,"2_M_N_05","GenericHead_2_M_N_05_portrait",0,3366,1
69,"2_M_N_22","GenericHead_2_M_N_22_portrait",0,4227,1
70,"2_M_S_001","GenericHead_2_M_S_001_portrait",0,4140,0
71,"2_M_S_011","GenericHead_2_M_S_011_portrait",0,4204,1
72,"2_T_N_01","GenericHead_2_T_N_01_portrait",0,3821,1
73,"2_T_N_02","GenericHead_2_T_N_02_portrait",0,3824,1
74,"2_T_S_007","GenericHead_2_T_S_007_portrait",0,4208,1
75,"2_T_S_01","GenericHead_2_T_S_01_portrait",0,3827,0
76,"3_B_B_001","GenericHead_3_B_B_001_portrait",0,4209,0
77,"3_B_B_009","GenericHead_3_B_B_009_portrait",0,3367,1
78,"3_B_B_01","GenericHead_3_B_B_01_portrait",0,3352,1
79,"3_B_BD_02","GenericHead_3_B_BD_02_portrait",0,4210,1
80,"3_B_N_004","GenericHead_3_B_N_004_portrait",0,4213,1
81,"3_B_N_006","GenericHead_3_B_N_006_portrait",0,4214,0
82,"3_B_N_007","GenericHead_3_B_N_007_portrait",0,3368,1
83,"3_B_N_01","GenericHead_3_B_N_01_portrait",0,3369,1
84,"3_B_N_02","GenericHead_3_B_N_02_portrait",0,3353,1
85,"3_B_S_010","GenericHead_3_B_S_010_portrait",0,3871,1
86,"3_B_S_011","GenericHead_3_B_S_011_portrait",0,3370,1
87,"3_BMT_S_003","GenericHead_3_BMT_S_003_portrait",0,4227,0
88,"3_H_B_008","GenericHead_3_H_B_008_portrait",0,3879,1
89,"3_H_B_01","GenericHead_3_H_B_01_portrait",0,3853,1
90,"3_H_BD_01","GenericHead_3_H_BD_01_portrait",0,3880,1
91,"3_H_MS_01","GenericHead_3_H_MS_01_portrait",0,3881,1
92,"3_H_N_01","GenericHead_3_H_N_01_portrait",0,3854,1
93,"3_H_S_001","GenericHead_3_H_S_001_portrait",0,3915,1
94,"3_M_N_01","GenericHead_3_M_N_01_portrait",0,3876,1
95,"3_M_N_21","GenericHead_3_M_N_21_portrait",0,0,0
96,"3_T_N_004","GenericHead_3_T_N_004_portrait",0,3910,1
97,"3_T_N_01","GenericHead_3_T_N_01_portrait",0,3856,1
98,"4_B_B_004","GenericHead_4_B_B_004_portrait",0,3371,1
99,"4_B_BM_01","GenericHead_4_B_BM_01_portrait",0,3372,1
100,"4_B_G_003","GenericHead_4_B_G_003_portrait",0,3882,1
101,"4_B_G_004","GenericHead_4_B_G_004_portrait",0,3883,1
102,"4_B_M_01","GenericHead_4_B_M_01_portrait",0,3884,1
103,"4_B_MS_01","GenericHead_4_B_MS_01_portrait",0,3422,1
104,"4_B_MS_02","GenericHead_4_B_MS_02_portrait",0,3911,1
105,"4_B_MS_03","GenericHead_4_B_MS_03_portrait",0,3901,1
106,"4_B_N_002","GenericHead_4_B_N_002_portrait",0,3900,1
107,"4_B_N_003","GenericHead_4_B_N_003_portrait",0,3373,1
108,"4_B_N_004","GenericHead_4_B_N_004_portrait",0,3386,1
109,"4_B_N_005","GenericHead_4_B_N_005_portrait",0,3905,1
110,"4_B_N_01","GenericHead_4_B_N_01_portrait",0,3913,1
111,"4_B_N_02","GenericHead_4_B_N_02_portrait",0,3907,1
112,"4_BHM_S_01","GenericHead_4_BHM_S_01_portrait",0,3909,1
113,"4_BM_B_001","GenericHead_4_BM_B_001_portrait",0,3903,1
114,"4_H_BD_01","GenericHead_4_H_BD_01_portrait",0,3902,1
115,"4_H_N_001","GenericHead_4_H_N_001_portrait",0,0,0
116,"4_H_N_003","GenericHead_4_H_N_003_portrait",0,3374,1
117,"4_H_N_004","GenericHead_4_H_N_004_portrait",0,3872,1
118,"4_H_N_005","GenericHead_4_H_N_005_portrait",0,3912,1
119,"4_M_BD_02","GenericHead_4_M_BD_02_portrait",0,3895,1
120,"4_M_M_005","GenericHead_4_M_M_005_portrait",0,3875,1
121,"4_M_N_01","GenericHead_4_M_N_01_portrait",0,3906,1
122,"4_T_G_01","GenericHead_4_T_G_01_portrait",0,3375,1
123,"4_T_N_006","GenericHead_4_T_N_006_portrait",0,3908,1
124,"4_T_N_007","GenericHead_4_T_N_007_portrait",0,3354,1
125,"4_T_S_01","GenericHead_4_T_S_01_portrait",0,3918,0
126,"4_T_S_02","GenericHead_4_T_S_02_portrait",0,3376,0
127,"5_B_BD_02","GenericHead_5_B_BD_02_portrait",0,3945,1
128,"5_B_BD_03","GenericHead_5_B_BD_03_portrait",0,3946,1
129,"5_B_G_01","GenericHead_5_B_G_01_portrait",0,3355,1
130,"5_B_G_02","GenericHead_5_B_G_02_portrait",0,3924,1
131,"5_B_MS_02","GenericHead_5_B_MS_02_portrait",0,3955,1
132,"5_B_N_01","GenericHead_5_B_N_01_portrait",0,3947,1
133,"5_B_N_02","GenericHead_5_B_N_02_portrait",0,3926,1
134,"5_B_N_03","GenericHead_5_B_N_03_portrait",0,3377,1
135,"5_B_S_002","GenericHead_5_B_S_002_portrait",0,3943,1
136,"5_B_S_003","GenericHead_5_B_S_003_portrait",0,3356,1
137,"5_B_S_008","GenericHead_5_B_S_008_portrait",0,0,0
138,"5_BHM_M_002","GenericHead_5_BHM_M_002_portrait",0,3937,1
139,"5_BHTM_GS_001","GenericHead_5_BHTM_GS_001_portrait",0,3938,1
140,"5_BTM_N_004","GenericHead_5_BTM_N_004_portrait",0,3939,1
141,"5_H_BD_01","GenericHead_5_H_BD_01_portrait",0,3948,1
142,"5_H_BD_02","GenericHead_5_H_BD_02_portrait",0,3949,1
143,"5_H_G_01","GenericHead_5_H_G_01_portrait",0,3952,1
144,"5_H_MG_006","GenericHead_5_H_MG_006_portrait",0,3919,0
145,"5_H_N_01","GenericHead_5_H_N_01_portrait",0,3950,1
146,"5_M_B_001","GenericHead_5_M_B_001_portrait",0,3970,1
147,"5_M_BD_02","GenericHead_5_M_BD_02_portrait",0,3957,1
148,"5_M_M_005","GenericHead_5_M_M_005_portrait",0,3958,1
149,"5_M_MB_005","GenericHead_5_M_MB_005_portrait",0,3940,0
150,"5_M_N_009","GenericHead_5_M_N_009_portrait",0,3942,1
151,"5_M_N_01","GenericHead_5_M_N_01_portrait",0,3977,1
152,"5_M_N_02","GenericHead_5_M_N_02_portrait",0,3917,1
153,"5_T_G_01","GenericHead_5_T_G_01_portrait",0,3378,1
154,"5_T_GM_003","GenericHead_5_T_GM_003_portrait",0,3963,1
155,"6_B_G_005","GenericHead_6_B_G_005_portrait",0,3466,1
156,"6_B_G_01","GenericHead_6_B_G_01_portrait",0,3965,1
157,"6_B_G_03","GenericHead_6_B_G_03_portrait",0,3350,1
158,"6_B_G_04","GenericHead_6_B_G_04_portrait",0,3357,1
159,"6_B_G_05","GenericHead_6_B_G_05_portrait",0,3402,1
160,"6_B_G_06","GenericHead_6_B_G_06_portrait",0,3403,1
161,"6_B_MS_01","GenericHead_6_B_MS_01_portrait",0,3755,1
162,"6_B_N_0010","GenericHead_6_B_N_0010_portrait",0,3358,1
163,"6_B_N_0011","GenericHead_6_B_N_0011_portrait",0,3406,1
164,"6_B_N_003","GenericHead_6_B_N_003_portrait",0,3975,1
165,"6_B_N_004","GenericHead_6_B_N_004_portrait",0,3760,1
166,"6_B_N_005","GenericHead_6_B_N_005_portrait",0,4059,1
167,"6_B_N_006","GenericHead_6_B_N_006_portrait",0,4066,1
168,"6_B_N_007","GenericHead_6_B_N_007_portrait",0,3400,1
169,"6_B_N_008","GenericHead_6_B_N_008_portrait",0,4067,1
170,"6_B_N_009","GenericHead_6_B_N_009_portrait",0,3410,1
171,"6_B_N_01","GenericHead_6_B_N_01_portrait",0,3757,1
172,"6_B_N_02","GenericHead_6_B_N_02_portrait",0,3758,1
173,"6_B_N_03","GenericHead_6_B_N_03_portrait",0,3759,1
174,"6_B_S_01","GenericHead_6_B_S_01_portrait",0,4068,0
175,"6_B_S_02","GenericHead_6_B_S_02_portrait",0,4069,1
176,"6_BHM_B_01","GenericHead_6_BHM_B_01_portrait",0,4070,1
177,"6_BHM_BM_004","GenericHead_6_BHM_BM_004_portrait",0,3761,1
178,"6_BHM_G_002","GenericHead_6_BHM_G_002_portrait",0,3762,1
179,"6_BM_MG_008","GenericHead_6_BM_MG_008_portrait",0,3763,1
180,"6_BM_N_009","GenericHead_6_BM_N_009_portrait",0,3764,1
181,"6_BM_S_01","GenericHead_6_BM_S_01_portrait",0,4072,0
182,"6_BMH_G_010","GenericHead_6_BMH_G_010_portrait",0,3765,1
183,"6_BMH_N_003","GenericHead_6_BMH_N_003_portrait",0,3845,1
184,"6_BTM_BM_001","GenericHead_6_BTM_BM_001_portrait",0,3766,1
185,"6_H_B_002","GenericHead_6_H_B_002_portrait",0,3767,1
186,"6_H_BD_01","GenericHead_6_H_BD_01_portrait",0,3768,1
187,"6_H_BM_02","GenericHead_6_H_BM_02_portrait",0,4076,1
188,"6_H_G_01","GenericHead_6_H_G_01_portrait",0,3660,1
189,"6_H_G_012","GenericHead_6_H_G_012_portrait",0,3846,1
190,"6_H_MS_01","GenericHead_6_H_MS_01_portrait",0,3663,1
191,"6_H_N_001","GenericHead_6_H_N_001_portrait",0,3664,1
192,"6_H_N_006","GenericHead_6_H_N_006_portrait",0,4077,1
193,"6_H_N_01","GenericHead_6_H_N_01_portrait",0,3665,1
194,"6_H_N_20","GenericHead_6_H_N_20_portrait",0,3669,1
195,"6_M_G_01","GenericHead_6_M_G_01_portrait",0,4080,1
196,"6_M_MB_011","GenericHead_6_M_MB_011_portrait",0,3711,1
197,"6_M_N_009","GenericHead_6_M_N_009_portrait",0,3491,1
198,"6_M_N_01","GenericHead_6_M_N_01_portrait",0,3638,1
199,"6_M_N_02","GenericHead_6_M_N_02_portrait",0,3704,1
200,"6_N_MG_009","GenericHead_6_N_MG_009_portrait",0,4082,1
201,"6_T_G_005","GenericHead_6_T_G_005_portrait",0,3769,1
202,"6_T_MG_006","GenericHead_6_T_MG_006_portrait",0,3770,1
203,"6_T_N_009","GenericHead_6_T_N_009_portrait",0,3737,1
204,"7_B_B_001","GenericHead_7_B_B_001_portrait",0,3554,1
205,"7_B_B_002","GenericHead_7_B_B_002_portrait",0,4084,1
206,"7_B_B_005","GenericHead_7_B_B_005_portrait",0,4085,0
207,"7_B_B_009","GenericHead_7_B_B_009_portrait",0,3772,1
208,"7_B_G_0010","GenericHead_7_B_G_0010_portrait",0,4086,1
209,"7_B_G_004","GenericHead_7_B_G_004_portrait",0,3385,1
210,"7_B_G_005","GenericHead_7_B_G_005_portrait",0,3782,1
211,"7_B_G_007","GenericHead_7_B_G_007_portrait",0,3778,1
212,"7_B_G_008","GenericHead_7_B_G_008_portrait",0,3789,1
213,"7_B_G_009","GenericHead_7_B_G_009_portrait",0,3777,1
214,"7_B_N_0010","GenericHead_7_B_N_0010_portrait",0,4087,1
215,"7_B_N_0011","GenericHead_7_B_N_0011_portrait",0,3379,1
216,"7_B_N_0012","GenericHead_7_B_N_0012_portrait",0,4090,1
217,"7_B_N_0013","GenericHead_7_B_N_0013_portrait",0,4091,1
218,"7_B_N_0014","GenericHead_7_B_N_0014_portrait",0,4092,1
219,"7_B_N_003","GenericHead_7_B_N_003_portrait",0,3798,0
220,"7_B_N_007","GenericHead_7_B_N_007_portrait",0,3828,1
221,"7_B_N_009","GenericHead_7_B_N_009_portrait",0,3830,1
222,"7_B_N_011","GenericHead_7_B_N_011_portrait",0,4093,1
223,"7_B_N_012","GenericHead_7_B_N_012_portrait",0,4187,1
224,"7_B_N_013","GenericHead_7_B_N_013_portrait",0,4191,1
225,"7_B_N_014","GenericHead_7_B_N_014_portrait",0,4198,1
226,"7_B_N_015","GenericHead_7_B_N_015_portrait",0,3401,1
227,"7_B_N_016","GenericHead_7_B_N_016_portrait",0,4202,1
228,"7_B_N_017","GenericHead_7_B_N_017_portrait",0,4205,1
229,"7_B_N_018","GenericHead_7_B_N_018_portrait",0,4206,1
230,"7_B_N_019","GenericHead_7_B_N_019_portrait",0,4207,1
231,"7_B_N_06","GenericHead_7_B_N_06_portrait",0,3566,1
232,"7_B_N_07","GenericHead_7_B_N_07_portrait",0,3696,1
233,"7_B_N_08","GenericHead_7_B_N_08_portrait",0,3640,1
234,"7_B_N_09","GenericHead_7_B_N_09_portrait",0,4211,1
235,"7_B_S_004","GenericHead_7_B_S_004_portrait",0,3832,1
236,"7_B_S_005","GenericHead_7_B_S_005_portrait",0,4212,1
237,"7_BHM_MG_001","GenericHead_7_BHM_MG_001_portrait",0,3851,1
238,"7_BHM_MG_007","GenericHead_7_BHM_MG_007_portrait",0,3858,1
239,"7_BHM_MG_022","GenericHead_7_BHM_MG_022_portrait",0,3857,1
240,"7_BHM_N_002","GenericHead_7_BHM_N_002_portrait",0,3866,1
241,"7_BHM_N_004","GenericHead_7_BHM_N_004_portrait",0,3778,1
242,"7_BHM_S_010","GenericHead_7_BHM_S_010_portrait",0,3787,1
243,"7_BMH_B_006","GenericHead_7_BMH_B_006_portrait",0,3858,1
244,"7_BMH_GS_005","GenericHead_7_BMH_GS_005_portrait",0,3468,1
245,"7_BMH_GS_011","GenericHead_7_BMH_GS_011_portrait",0,3844,1
246,"7_BMH_MB_019","GenericHead_7_BMH_MB_019_portrait",0,3657,1
247,"7_BMH_MG_001","GenericHead_7_BMH_MG_001_portrait",0,3581,1
248,"7_BMH_MG_003","GenericHead_7_BMH_MG_003_portrait",0,3809,1
249,"7_BMH_MG_008","GenericHead_7_BMH_MG_008_portrait",0,3657,1
250,"7_BMH_MG_020","GenericHead_7_BMH_MG_020_portrait",0,3819,1
251,"7_BMH_S_008","GenericHead_7_BMH_S_008_portrait",0,3651,1
252,"7_BMT_BM_012","GenericHead_7_BMT_BM_012_portrait",0,3555,1
253,"7_BMT_M_009","GenericHead_7_BMT_M_009_portrait",0,3721,1
254,"7_BMT_MG_002","GenericHead_7_BMT_MG_002_portrait",0,3844,0
255,"7_BMTH_N_003","GenericHead_7_BMTH_N_003_portrait",0,3846,1
256,"7_BTM_B_021","GenericHead_7_BTM_B_021_portrait",0,3860,1
257,"7_BTM_MB_023","GenericHead_7_BTM_MB_023_portrait",0,3846,0
258,"7_BTM_MG_006","GenericHead_7_BTM_MG_006_portrait",0,3861,1
259,"7_BTM_N_007","GenericHead_7_BTM_N_007_portrait",0,3862,1
260,"7_H_B_010","GenericHead_7_H_B_010_portrait",0,4215,1
261,"7_H_BD_03","GenericHead_7_H_BD_03_portrait",0,3473,1
262,"7_H_BMS_013","GenericHead_7_H_BMS_013_portrait",0,3474,1
263,"7_H_G_001","GenericHead_7_H_G_001_portrait",0,3475,0
264,"7_H_G_004","GenericHead_7_H_G_004_portrait",0,3477,1
265,"7_H_G_006","GenericHead_7_H_G_006_portrait",0,3479,0
266,"7_H_G_008","GenericHead_7_H_G_008_portrait",0,0,0
267,"7_H_G_009","GenericHead_7_H_G_009_portrait",0,3480,1
268,"7_H_G_02","GenericHead_7_H_G_02_portrait",0,3465,1
269,"7_H_N_006","GenericHead_7_H_N_006_portrait",0,3674,1
270,"7_H_N_01","GenericHead_7_H_N_01_portrait",0,3611,1
271,"7_M_B_01","GenericHead_7_M_B_01_portrait",0,4222,1
272,"7_M_BD_01","GenericHead_7_M_BD_01_portrait",0,3807,1
273,"7_M_BD_02","GenericHead_7_M_BD_02_portrait",0,3808,1
274,"7_M_BM_014","GenericHead_7_M_BM_014_portrait",0,3809,1
275,"7_M_G_004","GenericHead_7_M_G_004_portrait",0,3810,1
276,"7_M_G_005","GenericHead_7_M_G_005_portrait",0,3346,1
277,"7_M_GS_015","GenericHead_7_M_GS_015_portrait",0,3571,1
278,"7_M_MB_009","GenericHead_7_M_MB_009_portrait",0,3522,1
279,"7_M_MB_010","GenericHead_7_M_MB_010_portrait",0,3845,0
280,"7_M_MG_025","GenericHead_7_M_MG_025_portrait",0,3846,1
281,"7_M_N_001","GenericHead_7_M_N_001_portrait",0,3842,1
282,"7_M_N_005","GenericHead_7_M_N_005_portrait",0,3347,1
283,"7_M_N_006","GenericHead_7_M_N_006_portrait",0,3348,1
284,"7_M_N_024","GenericHead_7_M_N_024_portrait",0,3869,1
285,"7_T_B_006","GenericHead_7_T_B_006_portrait",0,3349,1
286,"7_T_G_004","GenericHead_7_T_G_004_portrait",0,3852,1
287,"7_T_G_007","GenericHead_7_T_G_007_portrait",0,3825,1
288,"7_T_N_001","GenericHead_7_T_N_001_portrait",0,3846,1
289,"7_T_N_009","GenericHead_7_T_N_009_portrait",0,3787,1
290,"7_T_S_004","GenericHead_7_T_S_004_portrait",0,3870,1
450,"1_T_S_004","GenericHead_1_T_S_004_portrait",0,4092,0
451,"4_M_N_001","GenericHead_4_M_N_001_portrait",0,3905,0
453,"4_H_N_002","GenericHead_4_H_N_002_portrait",0,3871,0
454,"5_H_S_010","GenericHead_5_H_S_010_portrait",0,3952,0
455,"7_M_S_004","GenericHead_7_M_S_004_portrait",0,3844,0