PLPO,Generation,PAM,Type,Filename,Description
plpo_generic_bla_h_041,0,,ethnic,plpo_generic_bla_h_041.png,Generic Black Heavy #041
plpo_generic_bla_h_050,0,,ethnic,plpo_generic_bla_h_050.png,Generic Black Heavy #050
plpo_generic_bla_h_051,0,,ethnic,plpo_generic_bla_h_051.png,Generic Black Heavy #051
plpo_generic_bla_h_053,0,,ethnic,plpo_generic_bla_h_053.png,Generic Black Heavy #053
plpo_generic_bla_h_055,0,,ethnic,plpo_generic_bla_h_055.png,Generic Black Heavy #055
plpo_generic_bla_m_075,0,,ethnic,plpo_generic_bla_m_075.png,Generic Black Medium #075
plpo_generic_bla_m_160,0,,ethnic,plpo_generic_bla_m_160.png,Generic Black Medium #160
plpo_generic_bla_m_183,0,,ethnic,plpo_generic_bla_m_183.png,Generic Black Medium #183
plpo_generic_bla_m_184,0,,ethnic,plpo_generic_bla_m_184.png,Generic Black Medium #184
plpo_generic_bla_m_185,0,,ethnic,plpo_generic_bla_m_185.png,Generic Black Medium #185
plpo_generic_bla_m_189,0,,ethnic,plpo_generic_bla_m_189.png,Generic Black Medium #189
plpo_generic_bla_t_028,0,,ethnic,plpo_generic_bla_t_028.png,Generic Black Thin #028
plpo_generic_bla_t_069,0,,ethnic,plpo_generic_bla_t_069.png,Generic Black Thin #069
plpo_generic_bla_t_074,0,,ethnic,plpo_generic_bla_t_074.png,Generic Black Thin #074
plpo_generic_bla_t_079,0,,ethnic,plpo_generic_bla_t_079.png,Generic Black Thin #079
plpo_generic_CarterLandry,0,,named,plpo_generic_CarterLandry.png,Generic Face CarterLandry
plpo_generic_dbl_h_003,0,,ethnic,plpo_generic_dbl_h_003.png,Generic Dark Black Heavy #003
plpo_generic_dbl_m_009,0,,ethnic,plpo_generic_dbl_m_009.png,Generic Dark Black Medium #009
plpo_generic_dbl_m_019,0,,ethnic,plpo_generic_dbl_m_019.png,Generic Dark Black Medium #019
plpo_generic_dbl_m_036,0,,ethnic,plpo_generic_dbl_m_036.png,Generic Dark Black Medium #036
plpo_generic_dbl_m_055,0,,ethnic,plpo_generic_dbl_m_055.png,Generic Dark Black Medium #055
plpo_generic_dbl_t_011,0,,ethnic,plpo_generic_dbl_t_011.png,Generic Dark Black Thin #011
plpo_generic_dbl_t_016,0,,ethnic,plpo_generic_dbl_t_016.png,Generic Dark Black Thin #016
plpo_generic_lat_h_005,0,,ethnic,plpo_generic_lat_h_005.png,Generic Latino Heavy #005
plpo_generic_lat_h_006,0,,ethnic,plpo_generic_lat_h_006.png,Generic Latino Heavy #006
plpo_generic_lat_h_009,0,,ethnic,plpo_generic_lat_h_009.png,Generic Latino Heavy #009
plpo_generic_lat_h_010,0,,ethnic,plpo_generic_lat_h_010.png,Generic Latino Heavy #010
plpo_generic_lat_m_022,0,,ethnic,plpo_generic_lat_m_022.png,Generic Latino Medium #022
plpo_generic_lat_t_004,0,,ethnic,plpo_generic_lat_t_004.png,Generic Latino Thin #004
plpo_generic_lbl_h_002,0,,ethnic,plpo_generic_lbl_h_002.png,Generic Light Black Heavy #002
plpo_generic_lbl_m_017,0,,ethnic,plpo_generic_lbl_m_017.png,Generic Light Black Medium #017
plpo_generic_lbl_m_026,0,,ethnic,plpo_generic_lbl_m_026.png,Generic Light Black Medium #026
plpo_generic_lbl_m_027,0,,ethnic,plpo_generic_lbl_m_027.png,Generic Light Black Medium #027
plpo_generic_whi_h_083,0,,ethnic,plpo_generic_whi_h_083.png,Generic White Heavy #083
plpo_generic_whi_h_093,0,,ethnic,plpo_generic_whi_h_093.png,Generic White Heavy #093
plpo_generic_whi_h_098,0,,ethnic,plpo_generic_whi_h_098.png,Generic White Heavy #098
plpo_generic_whi_h_099,0,,ethnic,plpo_generic_whi_h_099.png,Generic White Heavy #099
plpo_generic_whi_h_101,0,,ethnic,plpo_generic_whi_h_101.png,Generic White Heavy #101
plpo_generic_whi_h_108,0,,ethnic,plpo_generic_whi_h_108.png,Generic White Heavy #108
plpo_generic_whi_m_046,0,,ethnic,plpo_generic_whi_m_046.png,Generic White Medium #046
plpo_generic_whi_m_098,0,,ethnic,plpo_generic_whi_m_098.png,Generic White Medium #098
plpo_generic_whi_m_105,0,,ethnic,plpo_generic_whi_m_105.png,Generic White Medium #105
plpo_generic_whi_m_114,0,,ethnic,plpo_generic_whi_m_114.png,Generic White Medium #114
plpo_generic_whi_m_115,0,,ethnic,plpo_generic_whi_m_115.png,Generic White Medium #115
plpo_generic_whi_m_116,0,,ethnic,plpo_generic_whi_m_116.png,Generic White Medium #116
plpo_generic_whi_m_119,0,,ethnic,plpo_generic_whi_m_119.png,Generic White Medium #119
plpo_generic_whi_t_096,0,,ethnic,plpo_generic_whi_t_096.png,Generic White Thin #096
plpo_generic_1_001_morphed,1,,numbered,plpo_generic_1_001_morphed.png,Generic Face Gen 1 #001
plpo_generic_1_002_morphed,1,,numbered,plpo_generic_1_002_morphed.png,Generic Face Gen 1 #002
plpo_generic_1_003_morphed,1,,numbered,plpo_generic_1_003_morphed.png,Generic Face Gen 1 #003
plpo_generic_1_004_morphed,1,,numbered,plpo_generic_1_004_morphed.png,Generic Face Gen 1 #004
plpo_generic_1_005_morphed,1,,numbered,plpo_generic_1_005_morphed.png,Generic Face Gen 1 #005
plpo_generic_1_006_morphed,1,,numbered,plpo_generic_1_006_morphed.png,Generic Face Gen 1 #006
plpo_generic_1_007_morphed,1,,numbered,plpo_generic_1_007_morphed.png,Generic Face Gen 1 #007
plpo_generic_1_008_morphed,1,,numbered,plpo_generic_1_008_morphed.png,Generic Face Gen 1 #008
plpo_generic_1_009_morphed,1,,numbered,plpo_generic_1_009_morphed.png,Generic Face Gen 1 #009
plpo_generic_1_010_morphed,1,,numbered,plpo_generic_1_010_morphed.png,Generic Face Gen 1 #010
plpo_generic_1_011_morphed,1,,numbered,plpo_generic_1_011_morphed.png,Generic Face Gen 1 #011
plpo_generic_1_012_morphed,1,,numbered,plpo_generic_1_012_morphed.png,Generic Face Gen 1 #012
plpo_generic_1_013_morphed,1,,numbered,plpo_generic_1_013_morphed.png,Generic Face Gen 1 #013
plpo_generic_1_014_morphed,1,,numbered,plpo_generic_1_014_morphed.png,Generic Face Gen 1 #014
plpo_generic_1_015_morphed,1,,numbered,plpo_generic_1_015_morphed.png,Generic Face Gen 1 #015
plpo_generic_1_016_morphed,1,,numbered,plpo_generic_1_016_morphed.png,Generic Face Gen 1 #016
plpo_generic_1_017_morphed,1,,numbered,plpo_generic_1_017_morphed.png,Generic Face Gen 1 #017
plpo_generic_1_018_morphed,1,,numbered,plpo_generic_1_018_morphed.png,Generic Face Gen 1 #018
plpo_generic_1_019_morphed,1,,numbered,plpo_generic_1_019_morphed.png,Generic Face Gen 1 #019
plpo_generic_1_020_morphed,1,,numbered,plpo_generic_1_020_morphed.png,Generic Face Gen 1 #020
plpo_generic_1_021_morphed,1,,numbered,plpo_generic_1_021_morphed.png,Generic Face Gen 1 #021
plpo_generic_1_022_morphed,1,,numbered,plpo_generic_1_022_morphed.png,Generic Face Gen 1 #022
plpo_generic_1_023_morphed,1,,numbered,plpo_generic_1_023_morphed.png,Generic Face Gen 1 #023
plpo_generic_1_024_morphed,1,,numbered,plpo_generic_1_024_morphed.png,Generic Face Gen 1 #024
plpo_generic_1_025_morphed,1,,numbered,plpo_generic_1_025_morphed.png,Generic Face Gen 1 #025
plpo_generic_1_026_morphed,1,,numbered,plpo_generic_1_026_morphed.png,Generic Face Gen 1 #026
plpo_generic_1_027_morphed,1,,numbered,plpo_generic_1_027_morphed.png,Generic Face Gen 1 #027
plpo_generic_1_028_morphed,1,,numbered,plpo_generic_1_028_morphed.png,Generic Face Gen 1 #028
plpo_generic_1_029_morphed,1,,numbered,plpo_generic_1_029_morphed.png,Generic Face Gen 1 #029
plpo_generic_1_030_morphed,1,,numbered,plpo_generic_1_030_morphed.png,Generic Face Gen 1 #030
plpo_generic_1_031_morphed,1,,numbered,plpo_generic_1_031_morphed.png,Generic Face Gen 1 #031
plpo_generic_1_034_morphed,1,,numbered,plpo_generic_1_034_morphed.png,Generic Face Gen 1 #034
plpo_generic_1_035_morphed,1,,numbered,plpo_generic_1_035_morphed.png,Generic Face Gen 1 #035
plpo_generic_1_036_morphed,1,,numbered,plpo_generic_1_036_morphed.png,Generic Face Gen 1 #036
plpo_generic_1_037_morphed,1,,numbered,plpo_generic_1_037_morphed.png,Generic Face Gen 1 #037
plpo_generic_1_038_morphed,1,,numbered,plpo_generic_1_038_morphed.png,Generic Face Gen 1 #038
plpo_generic_1_039_morphed,1,,numbered,plpo_generic_1_039_morphed.png,Generic Face Gen 1 #039
plpo_generic_1_040_morphed,1,,numbered,plpo_generic_1_040_morphed.png,Generic Face Gen 1 #040
plpo_generic_1_041_morphed,1,,numbered,plpo_generic_1_041_morphed.png,Generic Face Gen 1 #041
plpo_generic_1_BM_MB_005,1,gen_1_BM_MB_005,pam,plpo_generic_1_BM_MB_005.png,Generic Face gen_1_BM_MB_005
plpo_generic_1_B_B_005,1,gen_1_B_B_005,pam,plpo_generic_1_B_B_005.png,Generic Face gen_1_B_B_005
plpo_generic_1_B_G_01,1,gen_1_B_G_01,pam,plpo_generic_1_B_G_01.png,Generic Face gen_1_B_G_01
plpo_generic_1_B_N_0012,1,gen_1_B_N_0012,pam,plpo_generic_1_B_N_0012.png,Generic Face gen_1_B_N_0012
plpo_generic_1_B_N_007,1,gen_1_B_N_007,pam,plpo_generic_1_B_N_007.png,Generic Face gen_1_B_N_007
plpo_generic_1_B_N_01,1,gen_1_B_N_01,pam,plpo_generic_1_B_N_01.png,Generic Face gen_1_B_N_01
plpo_generic_1_B_N_010,1,gen_1_B_N_010,pam,plpo_generic_1_B_N_010.png,Generic Face gen_1_B_N_010
plpo_generic_1_B_N_011,1,gen_1_B_N_011,pam,plpo_generic_1_B_N_011.png,Generic Face gen_1_B_N_011
plpo_generic_1_B_N_02,1,gen_1_B_N_02,pam,plpo_generic_1_B_N_02.png,Generic Face gen_1_B_N_02
plpo_generic_1_B_N_03,1,gen_1_B_N_03,pam,plpo_generic_1_B_N_03.png,Generic Face gen_1_B_N_03
plpo_generic_1_B_S_001,1,gen_1_B_S_001,pam,plpo_generic_1_B_S_001.png,Generic Face gen_1_B_S_001
plpo_generic_1_B_S_002,1,gen_1_B_S_002,pam,plpo_generic_1_B_S_002.png,Generic Face gen_1_B_S_002
plpo_generic_1_H_BD_01,1,gen_1_H_BD_01,pam,plpo_generic_1_H_BD_01.png,Generic Face gen_1_H_BD_01
plpo_generic_1_H_BD_02,1,gen_1_H_BD_02,pam,plpo_generic_1_H_BD_02.png,Generic Face gen_1_H_BD_02
plpo_generic_1_H_N_010,1,gen_1_H_N_010,pam,plpo_generic_1_H_N_010.png,Generic Face gen_1_H_N_010
plpo_generic_1_H_N_015,1,gen_1_H_N_015,pam,plpo_generic_1_H_N_015.png,Generic Face gen_1_H_N_015
plpo_generic_1_H_S_003,1,gen_1_H_S_003,pam,plpo_generic_1_H_S_003.png,Generic Face gen_1_H_S_003
plpo_generic_1_H_S_008,1,gen_1_H_S_008,pam,plpo_generic_1_H_S_008.png,Generic Face gen_1_H_S_008
plpo_generic_1_M_N_02,1,gen_1_M_N_02,pam,plpo_generic_1_M_N_02.png,Generic Face gen_1_M_N_02
plpo_generic_2_001_morphed,2,,numbered,plpo_generic_2_001_morphed.png,Generic Face Gen 2 #001
plpo_generic_2_002_morphed,2,,numbered,plpo_generic_2_002_morphed.png,Generic Face Gen 2 #002
plpo_generic_2_003_morphed,2,,numbered,plpo_generic_2_003_morphed.png,Generic Face Gen 2 #003
plpo_generic_2_004_morphed,2,,numbered,plpo_generic_2_004_morphed.png,Generic Face Gen 2 #004
plpo_generic_2_005_morphed,2,,numbered,plpo_generic_2_005_morphed.png,Generic Face Gen 2 #005
plpo_generic_2_006_morphed,2,,numbered,plpo_generic_2_006_morphed.png,Generic Face Gen 2 #006
plpo_generic_2_007_morphed,2,,numbered,plpo_generic_2_007_morphed.png,Generic Face Gen 2 #007
plpo_generic_2_008_morphed,2,,numbered,plpo_generic_2_008_morphed.png,Generic Face Gen 2 #008
plpo_generic_2_009_morphed,2,,numbered,plpo_generic_2_009_morphed.png,Generic Face Gen 2 #009
plpo_generic_2_010_morphed,2,,numbered,plpo_generic_2_010_morphed.png,Generic Face Gen 2 #010
plpo_generic_2_011_morphed,2,,numbered,plpo_generic_2_011_morphed.png,Generic Face Gen 2 #011
plpo_generic_2_012_morphed,2,,numbered,plpo_generic_2_012_morphed.png,Generic Face Gen 2 #012
plpo_generic_2_013_morphed,2,,numbered,plpo_generic_2_013_morphed.png,Generic Face Gen 2 #013
plpo_generic_2_014_morphed,2,,numbered,plpo_generic_2_014_morphed.png,Generic Face Gen 2 #014
plpo_generic_2_015_morphed,2,,numbered,plpo_generic_2_015_morphed.png,Generic Face Gen 2 #015
plpo_generic_2_016_morphed,2,,numbered,plpo_generic_2_016_morphed.png,Generic Face Gen 2 #016
plpo_generic_2_017_morphed,2,,numbered,plpo_generic_2_017_morphed.png,Generic Face Gen 2 #017
plpo_generic_2_018_morphed,2,,numbered,plpo_generic_2_018_morphed.png,Generic Face Gen 2 #018
plpo_generic_2_019_morphed,2,,numbered,plpo_generic_2_019_morphed.png,Generic Face Gen 2 #019
plpo_generic_2_020_morphed,2,,numbered,plpo_generic_2_020_morphed.png,Generic Face Gen 2 #020
plpo_generic_2_021_morphed,2,,numbered,plpo_generic_2_021_morphed.png,Generic Face Gen 2 #021
plpo_generic_2_022_morphed,2,,numbered,plpo_generic_2_022_morphed.png,Generic Face Gen 2 #022
plpo_generic_2_023_morphed,2,,numbered,plpo_generic_2_023_morphed.png,Generic Face Gen 2 #023
plpo_generic_2_024_morphed,2,,numbered,plpo_generic_2_024_morphed.png,Generic Face Gen 2 #024
plpo_generic_2_025_morphed,2,,numbered,plpo_generic_2_025_morphed.png,Generic Face Gen 2 #025
plpo_generic_2_026_morphed,2,,numbered,plpo_generic_2_026_morphed.png,Generic Face Gen 2 #026
plpo_generic_2_027_morphed,2,,numbered,plpo_generic_2_027_morphed.png,Generic Face Gen 2 #027
plpo_generic_2_028_morphed,2,,numbered,plpo_generic_2_028_morphed.png,Generic Face Gen 2 #028
plpo_generic_2_029_morphed,2,,numbered,plpo_generic_2_029_morphed.png,Generic Face Gen 2 #029
plpo_generic_2_030_morphed,2,,numbered,plpo_generic_2_030_morphed.png,Generic Face Gen 2 #030
plpo_generic_2_031_morphed,2,,numbered,plpo_generic_2_031_morphed.png,Generic Face Gen 2 #031
plpo_generic_2_032_morphed,2,,numbered,plpo_generic_2_032_morphed.png,Generic Face Gen 2 #032
plpo_generic_2_033_morphed,2,,numbered,plpo_generic_2_033_morphed.png,Generic Face Gen 2 #033
plpo_generic_2_034_morphed,2,,numbered,plpo_generic_2_034_morphed.png,Generic Face Gen 2 #034
plpo_generic_2_035_morphed,2,,numbered,plpo_generic_2_035_morphed.png,Generic Face Gen 2 #035
plpo_generic_2_036_morphed,2,,numbered,plpo_generic_2_036_morphed.png,Generic Face Gen 2 #036
plpo_generic_2_037_morphed,2,,numbered,plpo_generic_2_037_morphed.png,Generic Face Gen 2 #037
plpo_generic_2_038_morphed,2,,numbered,plpo_generic_2_038_morphed.png,Generic Face Gen 2 #038
plpo_generic_2_039_morphed,2,,numbered,plpo_generic_2_039_morphed.png,Generic Face Gen 2 #039
plpo_generic_2_040_morphed,2,,numbered,plpo_generic_2_040_morphed.png,Generic Face Gen 2 #040
plpo_generic_2_041_morphed,2,,numbered,plpo_generic_2_041_morphed.png,Generic Face Gen 2 #041
plpo_generic_2_042_morphed,2,,numbered,plpo_generic_2_042_morphed.png,Generic Face Gen 2 #042
plpo_generic_2_043_morphed,2,,numbered,plpo_generic_2_043_morphed.png,Generic Face Gen 2 #043
plpo_generic_2_044_morphed,2,,numbered,plpo_generic_2_044_morphed.png,Generic Face Gen 2 #044
plpo_generic_2_045_morphed,2,,numbered,plpo_generic_2_045_morphed.png,Generic Face Gen 2 #045
plpo_generic_2_046_morphed,2,,numbered,plpo_generic_2_046_morphed.png,Generic Face Gen 2 #046
plpo_generic_2_047_morphed,2,,numbered,plpo_generic_2_047_morphed.png,Generic Face Gen 2 #047
plpo_generic_2_048_morphed,2,,numbered,plpo_generic_2_048_morphed.png,Generic Face Gen 2 #048
plpo_generic_2_049_morphed,2,,numbered,plpo_generic_2_049_morphed.png,Generic Face Gen 2 #049
plpo_generic_2_050_morphed,2,,numbered,plpo_generic_2_050_morphed.png,Generic Face Gen 2 #050
plpo_generic_2_051_morphed,2,,numbered,plpo_generic_2_051_morphed.png,Generic Face Gen 2 #051
plpo_generic_2_052_morphed,2,,numbered,plpo_generic_2_052_morphed.png,Generic Face Gen 2 #052
plpo_generic_2_053_morphed,2,,numbered,plpo_generic_2_053_morphed.png,Generic Face Gen 2 #053
plpo_generic_2_054_morphed,2,,numbered,plpo_generic_2_054_morphed.png,Generic Face Gen 2 #054
plpo_generic_2_055_morphed,2,,numbered,plpo_generic_2_055_morphed.png,Generic Face Gen 2 #055
plpo_generic_2_056_morphed,2,,numbered,plpo_generic_2_056_morphed.png,Generic Face Gen 2 #056
plpo_generic_2_057_morphed,2,,numbered,plpo_generic_2_057_morphed.png,Generic Face Gen 2 #057
plpo_generic_2_058_morphed,2,,numbered,plpo_generic_2_058_morphed.png,Generic Face Gen 2 #058
plpo_generic_2_059_morphed,2,,numbered,plpo_generic_2_059_morphed.png,Generic Face Gen 2 #059
plpo_generic_2_060_morphed,2,,numbered,plpo_generic_2_060_morphed.png,Generic Face Gen 2 #060
plpo_generic_2_061_morphed,2,,numbered,plpo_generic_2_061_morphed.png,Generic Face Gen 2 #061
plpo_generic_2_062_morphed,2,,numbered,plpo_generic_2_062_morphed.png,Generic Face Gen 2 #062
plpo_generic_2_063_morphed,2,,numbered,plpo_generic_2_063_morphed.png,Generic Face Gen 2 #063
plpo_generic_2_BMH_003,2,,pam_short,plpo_generic_2_BMH_003.png,Generic Face Gen 2 BMH #003
plpo_generic_2_BMH_G_009,2,gen_2_BMH_G_009,pam,plpo_generic_2_BMH_G_009.png,Generic Face gen_2_BMH_G_009
plpo_generic_2_BMH_S_002,2,gen_2_BMH_S_002,pam,plpo_generic_2_BMH_S_002.png,Generic Face gen_2_BMH_S_002
plpo_generic_2_BMH_S_003,2,gen_2_BMH_S_003,pam,plpo_generic_2_BMH_S_003.png,Generic Face gen_2_BMH_S_003
plpo_generic_2_BMH_S_004,2,gen_2_BMH_S_004,pam,plpo_generic_2_BMH_S_004.png,Generic Face gen_2_BMH_S_004
plpo_generic_2_BMH_S_010,2,gen_2_BMH_S_010,pam,plpo_generic_2_BMH_S_010.png,Generic Face gen_2_BMH_S_010
plpo_generic_2_B_BD_03,2,gen_2_B_BD_03,pam,plpo_generic_2_B_BD_03.png,Generic Face gen_2_B_BD_03
plpo_generic_2_B_B_004,2,gen_2_B_B_004,pam,plpo_generic_2_B_B_004.png,Generic Face gen_2_B_B_004
plpo_generic_2_B_B_005,2,gen_2_B_B_005,pam,plpo_generic_2_B_B_005.png,Generic Face gen_2_B_B_005
plpo_generic_2_B_B_006,2,gen_2_B_B_006,pam,plpo_generic_2_B_B_006.png,Generic Face gen_2_B_B_006
plpo_generic_2_B_N_0010,2,gen_2_B_N_0010,pam,plpo_generic_2_B_N_0010.png,Generic Face gen_2_B_N_0010
plpo_generic_2_B_N_0011,2,gen_2_B_N_0011,pam,plpo_generic_2_B_N_0011.png,Generic Face gen_2_B_N_0011
plpo_generic_2_B_N_0012,2,gen_2_B_N_0012,pam,plpo_generic_2_B_N_0012.png,Generic Face gen_2_B_N_0012
plpo_generic_2_B_N_0013,2,gen_2_B_N_0013,pam,plpo_generic_2_B_N_0013.png,Generic Face gen_2_B_N_0013
plpo_generic_2_B_N_0014,2,gen_2_B_N_0014,pam,plpo_generic_2_B_N_0014.png,Generic Face gen_2_B_N_0014
plpo_generic_2_B_N_0015,2,gen_2_B_N_0015,pam,plpo_generic_2_B_N_0015.png,Generic Face gen_2_B_N_0015
plpo_generic_2_B_N_0016,2,gen_2_B_N_0016,pam,plpo_generic_2_B_N_0016.png,Generic Face gen_2_B_N_0016
plpo_generic_2_B_N_0017,2,gen_2_B_N_0017,pam,plpo_generic_2_B_N_0017.png,Generic Face gen_2_B_N_0017
plpo_generic_2_B_N_0018,2,gen_2_B_N_0018,pam,plpo_generic_2_B_N_0018.png,Generic Face gen_2_B_N_0018
plpo_generic_2_B_N_006,2,gen_2_B_N_006,pam,plpo_generic_2_B_N_006.png,Generic Face gen_2_B_N_006
plpo_generic_2_B_N_009,2,gen_2_B_N_009,pam,plpo_generic_2_B_N_009.png,Generic Face gen_2_B_N_009
plpo_generic_2_B_N_01,2,gen_2_B_N_01,pam,plpo_generic_2_B_N_01.png,Generic Face gen_2_B_N_01
plpo_generic_2_B_N_02,2,gen_2_B_N_02,pam,plpo_generic_2_B_N_02.png,Generic Face gen_2_B_N_02
plpo_generic_2_B_N_03,2,gen_2_B_N_03,pam,plpo_generic_2_B_N_03.png,Generic Face gen_2_B_N_03
plpo_generic_2_B_S_001,2,gen_2_B_S_001,pam,plpo_generic_2_B_S_001.png,Generic Face gen_2_B_S_001
plpo_generic_2_B_S_005,2,gen_2_B_S_005,pam,plpo_generic_2_B_S_005.png,Generic Face gen_2_B_S_005
plpo_generic_2_B_S_006,2,gen_2_B_S_006,pam,plpo_generic_2_B_S_006.png,Generic Face gen_2_B_S_006
plpo_generic_2_B_S_007,2,gen_2_B_S_007,pam,plpo_generic_2_B_S_007.png,Generic Face gen_2_B_S_007
plpo_generic_2_B_S_009,2,gen_2_B_S_009,pam,plpo_generic_2_B_S_009.png,Generic Face gen_2_B_S_009
plpo_generic_2_H_BD_03,2,gen_2_H_BD_03,pam,plpo_generic_2_H_BD_03.png,Generic Face gen_2_H_BD_03
plpo_generic_2_H_B_004,2,gen_2_H_B_004,pam,plpo_generic_2_H_B_004.png,Generic Face gen_2_H_B_004
plpo_generic_2_H_B_005,2,gen_2_H_B_005,pam,plpo_generic_2_H_B_005.png,Generic Face gen_2_H_B_005
plpo_generic_2_H_B_010,2,gen_2_H_B_010,pam,plpo_generic_2_H_B_010.png,Generic Face gen_2_H_B_010
plpo_generic_2_H_GM_004,2,gen_2_H_GM_004,pam,plpo_generic_2_H_GM_004.png,Generic Face gen_2_H_GM_004
plpo_generic_2_H_G_01,2,gen_2_H_G_01,pam,plpo_generic_2_H_G_01.png,Generic Face gen_2_H_G_01
plpo_generic_2_H_G_02,2,gen_2_H_G_02,pam,plpo_generic_2_H_G_02.png,Generic Face gen_2_H_G_02
plpo_generic_2_H_MB_012,2,gen_2_H_MB_012,pam,plpo_generic_2_H_MB_012.png,Generic Face gen_2_H_MB_012
plpo_generic_2_H_N_006,2,gen_2_H_N_006,pam,plpo_generic_2_H_N_006.png,Generic Face gen_2_H_N_006
plpo_generic_2_H_N_007,2,gen_2_H_N_007,pam,plpo_generic_2_H_N_007.png,Generic Face gen_2_H_N_007
plpo_generic_2_H_N_009,2,gen_2_H_N_009,pam,plpo_generic_2_H_N_009.png,Generic Face gen_2_H_N_009
plpo_generic_2_M_B_01,2,gen_2_M_B_01,pam,plpo_generic_2_M_B_01.png,Generic Face gen_2_M_B_01
plpo_generic_2_M_B_02,2,gen_2_M_B_02,pam,plpo_generic_2_M_B_02.png,Generic Face gen_2_M_B_02
plpo_generic_2_M_N_007,2,gen_2_M_N_007,pam,plpo_generic_2_M_N_007.png,Generic Face gen_2_M_N_007
plpo_generic_2_M_N_04,2,gen_2_M_N_04,pam,plpo_generic_2_M_N_04.png,Generic Face gen_2_M_N_04
plpo_generic_2_M_N_05,2,gen_2_M_N_05,pam,plpo_generic_2_M_N_05.png,Generic Face gen_2_M_N_05
plpo_generic_2_M_N_22,2,gen_2_M_N_22,pam,plpo_generic_2_M_N_22.png,Generic Face gen_2_M_N_22
plpo_generic_2_M_S_011,2,gen_2_M_S_011,pam,plpo_generic_2_M_S_011.png,Generic Face gen_2_M_S_011
plpo_generic_2_T_N_01,2,gen_2_T_N_01,pam,plpo_generic_2_T_N_01.png,Generic Face gen_2_T_N_01
plpo_generic_2_T_N_02,2,gen_2_T_N_02,pam,plpo_generic_2_T_N_02.png,Generic Face gen_2_T_N_02
plpo_generic_2_T_S_007,2,gen_2_T_S_007,pam,plpo_generic_2_T_S_007.png,Generic Face gen_2_T_S_007
plpo_generic_3_001_morphed,3,,numbered,plpo_generic_3_001_morphed.png,Generic Face Gen 3 #001
plpo_generic_3_002_morphed,3,,numbered,plpo_generic_3_002_morphed.png,Generic Face Gen 3 #002
plpo_generic_3_003_morphed,3,,numbered,plpo_generic_3_003_morphed.png,Generic Face Gen 3 #003
plpo_generic_3_004_morphed,3,,numbered,plpo_generic_3_004_morphed.png,Generic Face Gen 3 #004
plpo_generic_3_005_morphed,3,,numbered,plpo_generic_3_005_morphed.png,Generic Face Gen 3 #005
plpo_generic_3_006_morphed,3,,numbered,plpo_generic_3_006_morphed.png,Generic Face Gen 3 #006
plpo_generic_3_007_morphed,3,,numbered,plpo_generic_3_007_morphed.png,Generic Face Gen 3 #007
plpo_generic_3_008_morphed,3,,numbered,plpo_generic_3_008_morphed.png,Generic Face Gen 3 #008
plpo_generic_3_009_morphed,3,,numbered,plpo_generic_3_009_morphed.png,Generic Face Gen 3 #009
plpo_generic_3_010_morphed,3,,numbered,plpo_generic_3_010_morphed.png,Generic Face Gen 3 #010
plpo_generic_3_011_morphed,3,,numbered,plpo_generic_3_011_morphed.png,Generic Face Gen 3 #011
plpo_generic_3_012_morphed,3,,numbered,plpo_generic_3_012_morphed.png,Generic Face Gen 3 #012
plpo_generic_3_013_morphed,3,,numbered,plpo_generic_3_013_morphed.png,Generic Face Gen 3 #013
plpo_generic_3_014_morphed,3,,numbered,plpo_generic_3_014_morphed.png,Generic Face Gen 3 #014
plpo_generic_3_015_morphed,3,,numbered,plpo_generic_3_015_morphed.png,Generic Face Gen 3 #015
plpo_generic_3_016_morphed,3,,numbered,plpo_generic_3_016_morphed.png,Generic Face Gen 3 #016
plpo_generic_3_017_morphed,3,,numbered,plpo_generic_3_017_morphed.png,Generic Face Gen 3 #017
plpo_generic_3_018_morphed,3,,numbered,plpo_generic_3_018_morphed.png,Generic Face Gen 3 #018
plpo_generic_3_019_morphed,3,,numbered,plpo_generic_3_019_morphed.png,Generic Face Gen 3 #019
plpo_generic_3_020_morphed,3,,numbered,plpo_generic_3_020_morphed.png,Generic Face Gen 3 #020
plpo_generic_3_021_morphed,3,,numbered,plpo_generic_3_021_morphed.png,Generic Face Gen 3 #021
plpo_generic_3_022_morphed,3,,numbered,plpo_generic_3_022_morphed.png,Generic Face Gen 3 #022
plpo_generic_3_023_morphed,3,,numbered,plpo_generic_3_023_morphed.png,Generic Face Gen 3 #023
plpo_generic_3_024_morphed,3,,numbered,plpo_generic_3_024_morphed.png,Generic Face Gen 3 #024
plpo_generic_3_025_morphed,3,,numbered,plpo_generic_3_025_morphed.png,Generic Face Gen 3 #025
plpo_generic_3_026_morphed,3,,numbered,plpo_generic_3_026_morphed.png,Generic Face Gen 3 #026
plpo_generic_3_027_morphed,3,,numbered,plpo_generic_3_027_morphed.png,Generic Face Gen 3 #027
plpo_generic_3_028_morphed,3,,numbered,plpo_generic_3_028_morphed.png,Generic Face Gen 3 #028
plpo_generic_3_029_morphed,3,,numbered,plpo_generic_3_029_morphed.png,Generic Face Gen 3 #029
plpo_generic_3_030_morphed,3,,numbered,plpo_generic_3_030_morphed.png,Generic Face Gen 3 #030
plpo_generic_3_031_morphed,3,,numbered,plpo_generic_3_031_morphed.png,Generic Face Gen 3 #031
plpo_generic_3_032_morphed,3,,numbered,plpo_generic_3_032_morphed.png,Generic Face Gen 3 #032
plpo_generic_3_033_morphed,3,,numbered,plpo_generic_3_033_morphed.png,Generic Face Gen 3 #033
plpo_generic_3_034_morphed,3,,numbered,plpo_generic_3_034_morphed.png,Generic Face Gen 3 #034
plpo_generic_3_035_morphed,3,,numbered,plpo_generic_3_035_morphed.png,Generic Face Gen 3 #035
plpo_generic_3_036_morphed,3,,numbered,plpo_generic_3_036_morphed.png,Generic Face Gen 3 #036
plpo_generic_3_037_morphed,3,,numbered,plpo_generic_3_037_morphed.png,Generic Face Gen 3 #037
plpo_generic_3_038_morphed,3,,numbered,plpo_generic_3_038_morphed.png,Generic Face Gen 3 #038
plpo_generic_3_BMT_S_003,3,gen_3_BMT_S_003,pam,plpo_generic_3_BMT_S_003.png,Generic Face gen_3_BMT_S_003
plpo_generic_3_B_BD_02,3,gen_3_B_BD_02,pam,plpo_generic_3_B_BD_02.png,Generic Face gen_3_B_BD_02
plpo_generic_3_B_B_009,3,gen_3_B_B_009,pam,plpo_generic_3_B_B_009.png,Generic Face gen_3_B_B_009
plpo_generic_3_B_B_01,3,gen_3_B_B_01,pam,plpo_generic_3_B_B_01.png,Generic Face gen_3_B_B_01
plpo_generic_3_B_N_004,3,gen_3_B_N_004,pam,plpo_generic_3_B_N_004.png,Generic Face gen_3_B_N_004
plpo_generic_3_B_N_007,3,gen_3_B_N_007,pam,plpo_generic_3_B_N_007.png,Generic Face gen_3_B_N_007
plpo_generic_3_B_N_01,3,gen_3_B_N_01,pam,plpo_generic_3_B_N_01.png,Generic Face gen_3_B_N_01
plpo_generic_3_B_N_02,3,gen_3_B_N_02,pam,plpo_generic_3_B_N_02.png,Generic Face gen_3_B_N_02
plpo_generic_3_B_S_010,3,gen_3_B_S_010,pam,plpo_generic_3_B_S_010.png,Generic Face gen_3_B_S_010
plpo_generic_3_B_S_011,3,gen_3_B_S_011,pam,plpo_generic_3_B_S_011.png,Generic Face gen_3_B_S_011
plpo_generic_3_H_BD_01,3,gen_3_H_BD_01,pam,plpo_generic_3_H_BD_01.png,Generic Face gen_3_H_BD_01
plpo_generic_3_H_B_008,3,gen_3_H_B_008,pam,plpo_generic_3_H_B_008.png,Generic Face gen_3_H_B_008
plpo_generic_3_H_B_01,3,gen_3_H_B_01,pam,plpo_generic_3_H_B_01.png,Generic Face gen_3_H_B_01
plpo_generic_3_H_MS_01,3,gen_3_H_MS_01,pam,plpo_generic_3_H_MS_01.png,Generic Face gen_3_H_MS_01
plpo_generic_3_H_N_01,3,gen_3_H_N_01,pam,plpo_generic_3_H_N_01.png,Generic Face gen_3_H_N_01
plpo_generic_3_H_S_001,3,gen_3_H_S_001,pam,plpo_generic_3_H_S_001.png,Generic Face gen_3_H_S_001
plpo_generic_3_M_N_01,3,gen_3_M_N_01,pam,plpo_generic_3_M_N_01.png,Generic Face gen_3_M_N_01
plpo_generic_3_T_N_004,3,gen_3_T_N_004,pam,plpo_generic_3_T_N_004.png,Generic Face gen_3_T_N_004
plpo_generic_3_T_N_01,3,gen_3_T_N_01,pam,plpo_generic_3_T_N_01.png,Generic Face gen_3_T_N_01
plpo_generic_4_BHM_S_01,4,gen_4_BHM_S_01,pam,plpo_generic_4_BHM_S_01.png,Generic Face gen_4_BHM_S_01
plpo_generic_4_BM_B_001,4,gen_4_BM_B_001,pam,plpo_generic_4_BM_B_001.png,Generic Face gen_4_BM_B_001
plpo_generic_4_B_BM_01,4,gen_4_B_BM_01,pam,plpo_generic_4_B_BM_01.png,Generic Face gen_4_B_BM_01
plpo_generic_4_B_B_004,4,gen_4_B_B_004,pam,plpo_generic_4_B_B_004.png,Generic Face gen_4_B_B_004
plpo_generic_4_B_G_003,4,gen_4_B_G_003,pam,plpo_generic_4_B_G_003.png,Generic Face gen_4_B_G_003
plpo_generic_4_B_G_004,4,gen_4_B_G_004,pam,plpo_generic_4_B_G_004.png,Generic Face gen_4_B_G_004
plpo_generic_4_B_MS_01,4,gen_4_B_MS_01,pam,plpo_generic_4_B_MS_01.png,Generic Face gen_4_B_MS_01
plpo_generic_4_B_MS_02,4,gen_4_B_MS_02,pam,plpo_generic_4_B_MS_02.png,Generic Face gen_4_B_MS_02
plpo_generic_4_B_MS_03,4,gen_4_B_MS_03,pam,plpo_generic_4_B_MS_03.png,Generic Face gen_4_B_MS_03
plpo_generic_4_B_M_01,4,gen_4_B_M_01,pam,plpo_generic_4_B_M_01.png,Generic Face gen_4_B_M_01
plpo_generic_4_B_N_002,4,gen_4_B_N_002,pam,plpo_generic_4_B_N_002.png,Generic Face gen_4_B_N_002
plpo_generic_4_B_N_003,4,gen_4_B_N_003,pam,plpo_generic_4_B_N_003.png,Generic Face gen_4_B_N_003
plpo_generic_4_B_N_004,4,gen_4_B_N_004,pam,plpo_generic_4_B_N_004.png,Generic Face gen_4_B_N_004
plpo_generic_4_B_N_005,4,gen_4_B_N_005,pam,plpo_generic_4_B_N_005.png,Generic Face gen_4_B_N_005
plpo_generic_4_B_N_01,4,gen_4_B_N_01,pam,plpo_generic_4_B_N_01.png,Generic Face gen_4_B_N_01
plpo_generic_4_B_N_02,4,gen_4_B_N_02,pam,plpo_generic_4_B_N_02.png,Generic Face gen_4_B_N_02
plpo_generic_4_H_BD_01,4,gen_4_H_BD_01,pam,plpo_generic_4_H_BD_01.png,Generic Face gen_4_H_BD_01
plpo_generic_4_H_N_003,4,gen_4_H_N_003,pam,plpo_generic_4_H_N_003.png,Generic Face gen_4_H_N_003
plpo_generic_4_H_N_004,4,gen_4_H_N_004,pam,plpo_generic_4_H_N_004.png,Generic Face gen_4_H_N_004
plpo_generic_4_H_N_005,4,gen_4_H_N_005,pam,plpo_generic_4_H_N_005.png,Generic Face gen_4_H_N_005
plpo_generic_4_M_BD_02,4,gen_4_M_BD_02,pam,plpo_generic_4_M_BD_02.png,Generic Face gen_4_M_BD_02
plpo_generic_4_M_M_005,4,gen_4_M_M_005,pam,plpo_generic_4_M_M_005.png,Generic Face gen_4_M_M_005
plpo_generic_4_M_N_01,4,gen_4_M_N_01,pam,plpo_generic_4_M_N_01.png,Generic Face gen_4_M_N_01
plpo_generic_4_T_G_01,4,gen_4_T_G_01,pam,plpo_generic_4_T_G_01.png,Generic Face gen_4_T_G_01
plpo_generic_4_T_N_006,4,gen_4_T_N_006,pam,plpo_generic_4_T_N_006.png,Generic Face gen_4_T_N_006
plpo_generic_4_T_N_007,4,gen_4_T_N_007,pam,plpo_generic_4_T_N_007.png,Generic Face gen_4_T_N_007
plpo_generic_5_001_morphed,5,,numbered,plpo_generic_5_001_morphed.png,Generic Face Gen 5 #001
plpo_generic_5_002_morphed,5,,numbered,plpo_generic_5_002_morphed.png,Generic Face Gen 5 #002
plpo_generic_5_003_morphed,5,,numbered,plpo_generic_5_003_morphed.png,Generic Face Gen 5 #003
plpo_generic_5_004_morphed,5,,numbered,plpo_generic_5_004_morphed.png,Generic Face Gen 5 #004
plpo_generic_5_008_morphed,5,,numbered,plpo_generic_5_008_morphed.png,Generic Face Gen 5 #008
plpo_generic_5_009_morphed,5,,numbered,plpo_generic_5_009_morphed.png,Generic Face Gen 5 #009
plpo_generic_5_010_morphed,5,,numbered,plpo_generic_5_010_morphed.png,Generic Face Gen 5 #010
plpo_generic_5_011_morphed,5,,numbered,plpo_generic_5_011_morphed.png,Generic Face Gen 5 #011
plpo_generic_5_012_morphed,5,,numbered,plpo_generic_5_012_morphed.png,Generic Face Gen 5 #012
plpo_generic_5_013_morphed,5,,numbered,plpo_generic_5_013_morphed.png,Generic Face Gen 5 #013
plpo_generic_5_014_morphed,5,,numbered,plpo_generic_5_014_morphed.png,Generic Face Gen 5 #014
plpo_generic_5_015_morphed,5,,numbered,plpo_generic_5_015_morphed.png,Generic Face Gen 5 #015
plpo_generic_5_016_morphed,5,,numbered,plpo_generic_5_016_morphed.png,Generic Face Gen 5 #016
plpo_generic_5_017_morphed,5,,numbered,plpo_generic_5_017_morphed.png,Generic Face Gen 5 #017
plpo_generic_5_018_morphed,5,,numbered,plpo_generic_5_018_morphed.png,Generic Face Gen 5 #018
plpo_generic_5_019_morphed,5,,numbered,plpo_generic_5_019_morphed.png,Generic Face Gen 5 #019
plpo_generic_5_020_morphed,5,,numbered,plpo_generic_5_020_morphed.png,Generic Face Gen 5 #020
plpo_generic_5_021_morphed,5,,numbered,plpo_generic_5_021_morphed.png,Generic Face Gen 5 #021
plpo_generic_5_023_morphed,5,,numbered,plpo_generic_5_023_morphed.png,Generic Face Gen 5 #023
plpo_generic_5_028_morphed,5,,numbered,plpo_generic_5_028_morphed.png,Generic Face Gen 5 #028
plpo_generic_5_029_morphed,5,,numbered,plpo_generic_5_029_morphed.png,Generic Face Gen 5 #029
plpo_generic_5_030_morphed,5,,numbered,plpo_generic_5_030_morphed.png,Generic Face Gen 5 #030
plpo_generic_5_031_morphed,5,,numbered,plpo_generic_5_031_morphed.png,Generic Face Gen 5 #031
plpo_generic_5_032_morphed,5,,numbered,plpo_generic_5_032_morphed.png,Generic Face Gen 5 #032
plpo_generic_5_033_morphed,5,,numbered,plpo_generic_5_033_morphed.png,Generic Face Gen 5 #033
plpo_generic_5_034_morphed,5,,numbered,plpo_generic_5_034_morphed.png,Generic Face Gen 5 #034
plpo_generic_5_036_morphed,5,,numbered,plpo_generic_5_036_morphed.png,Generic Face Gen 5 #036
plpo_generic_5_038_morphed,5,,numbered,plpo_generic_5_038_morphed.png,Generic Face Gen 5 #038
plpo_generic_5_039_morphed,5,,numbered,plpo_generic_5_039_morphed.png,Generic Face Gen 5 #039
plpo_generic_5_040_morphed,5,,numbered,plpo_generic_5_040_morphed.png,Generic Face Gen 5 #040
plpo_generic_5_041_morphed,5,,numbered,plpo_generic_5_041_morphed.png,Generic Face Gen 5 #041
plpo_generic_5_042_morphed,5,,numbered,plpo_generic_5_042_morphed.png,Generic Face Gen 5 #042
plpo_generic_5_043_morphed,5,,numbered,plpo_generic_5_043_morphed.png,Generic Face Gen 5 #043
plpo_generic_5_044_morphed,5,,numbered,plpo_generic_5_044_morphed.png,Generic Face Gen 5 #044
plpo_generic_5_045_morphed,5,,numbered,plpo_generic_5_045_morphed.png,Generic Face Gen 5 #045
plpo_generic_5_046_morphed,5,,numbered,plpo_generic_5_046_morphed.png,Generic Face Gen 5 #046
plpo_generic_5_047_morphed,5,,numbered,plpo_generic_5_047_morphed.png,Generic Face Gen 5 #047
plpo_generic_5_048_morphed,5,,numbered,plpo_generic_5_048_morphed.png,Generic Face Gen 5 #048
plpo_generic_5_049_morphed,5,,numbered,plpo_generic_5_049_morphed.png,Generic Face Gen 5 #049
plpo_generic_5_050_morphed,5,,numbered,plpo_generic_5_050_morphed.png,Generic Face Gen 5 #050
plpo_generic_5_051_morphed,5,,numbered,plpo_generic_5_051_morphed.png,Generic Face Gen 5 #051
plpo_generic_5_053_morphed,5,,numbered,plpo_generic_5_053_morphed.png,Generic Face Gen 5 #053
plpo_generic_5_054_morphed,5,,numbered,plpo_generic_5_054_morphed.png,Generic Face Gen 5 #054
plpo_generic_5_055_morphed,5,,numbered,plpo_generic_5_055_morphed.png,Generic Face Gen 5 #055
plpo_generic_5_056_morphed,5,,numbered,plpo_generic_5_056_morphed.png,Generic Face Gen 5 #056
plpo_generic_5_057_morphed,5,,numbered,plpo_generic_5_057_morphed.png,Generic Face Gen 5 #057
plpo_generic_5_058_morphed,5,,numbered,plpo_generic_5_058_morphed.png,Generic Face Gen 5 #058
plpo_generic_5_059_morphed,5,,numbered,plpo_generic_5_059_morphed.png,Generic Face Gen 5 #059
plpo_generic_5_060_morphed,5,,numbered,plpo_generic_5_060_morphed.png,Generic Face Gen 5 #060
plpo_generic_5_061_morphed,5,,numbered,plpo_generic_5_061_morphed.png,Generic Face Gen 5 #061
plpo_generic_5_062_morphed,5,,numbered,plpo_generic_5_062_morphed.png,Generic Face Gen 5 #062
plpo_generic_5_063_morphed,5,,numbered,plpo_generic_5_063_morphed.png,Generic Face Gen 5 #063
plpo_generic_5_064_morphed,5,,numbered,plpo_generic_5_064_morphed.png,Generic Face Gen 5 #064
plpo_generic_5_065_morphed,5,,numbered,plpo_generic_5_065_morphed.png,Generic Face Gen 5 #065
plpo_generic_5_066_morphed,5,,numbered,plpo_generic_5_066_morphed.png,Generic Face Gen 5 #066
plpo_generic_5_067_morphed,5,,numbered,plpo_generic_5_067_morphed.png,Generic Face Gen 5 #067
plpo_generic_5_068_morphed,5,,numbered,plpo_generic_5_068_morphed.png,Generic Face Gen 5 #068
plpo_generic_5_069_morphed,5,,numbered,plpo_generic_5_069_morphed.png,Generic Face Gen 5 #069
plpo_generic_5_070_morphed,5,,numbered,plpo_generic_5_070_morphed.png,Generic Face Gen 5 #070
plpo_generic_5_071_morphed,5,,numbered,plpo_generic_5_071_morphed.png,Generic Face Gen 5 #071
plpo_generic_5_072_morphed,5,,numbered,plpo_generic_5_072_morphed.png,Generic Face Gen 5 #072
plpo_generic_5_073_morphed,5,,numbered,plpo_generic_5_073_morphed.png,Generic Face Gen 5 #073
plpo_generic_5_074_morphed,5,,numbered,plpo_generic_5_074_morphed.png,Generic Face Gen 5 #074
plpo_generic_5_075_morphed,5,,numbered,plpo_generic_5_075_morphed.png,Generic Face Gen 5 #075
plpo_generic_5_076_morphed,5,,numbered,plpo_generic_5_076_morphed.png,Generic Face Gen 5 #076
plpo_generic_5_077_morphed,5,,numbered,plpo_generic_5_077_morphed.png,Generic Face Gen 5 #077
plpo_generic_5_078_morphed,5,,numbered,plpo_generic_5_078_morphed.png,Generic Face Gen 5 #078
plpo_generic_5_079_morphed,5,,numbered,plpo_generic_5_079_morphed.png,Generic Face Gen 5 #079
plpo_generic_5_080_morphed,5,,numbered,plpo_generic_5_080_morphed.png,Generic Face Gen 5 #080
plpo_generic_5_081_morphed,5,,numbered,plpo_generic_5_081_morphed.png,Generic Face Gen 5 #081
plpo_generic_5_082_morphed,5,,numbered,plpo_generic_5_082_morphed.png,Generic Face Gen 5 #082
plpo_generic_5_083_morphed,5,,numbered,plpo_generic_5_083_morphed.png,Generic Face Gen 5 #083
plpo_generic_5_084_morphed,5,,numbered,plpo_generic_5_084_morphed.png,Generic Face Gen 5 #084
plpo_generic_5_085_morphed,5,,numbered,plpo_generic_5_085_morphed.png,Generic Face Gen 5 #085
plpo_generic_5_086_morphed,5,,numbered,plpo_generic_5_086_morphed.png,Generic Face Gen 5 #086
plpo_generic_5_087_morphed,5,,numbered,plpo_generic_5_087_morphed.png,Generic Face Gen 5 #087
plpo_generic_5_088_morphed,5,,numbered,plpo_generic_5_088_morphed.png,Generic Face Gen 5 #088
plpo_generic_5_089_morphed,5,,numbered,plpo_generic_5_089_morphed.png,Generic Face Gen 5 #089
plpo_generic_5_090_morphed,5,,numbered,plpo_generic_5_090_morphed.png,Generic Face Gen 5 #090
plpo_generic_5_091_morphed,5,,numbered,plpo_generic_5_091_morphed.png,Generic Face Gen 5 #091
plpo_generic_5_092_morphed,5,,numbered,plpo_generic_5_092_morphed.png,Generic Face Gen 5 #092
plpo_generic_5_093_morphed,5,,numbered,plpo_generic_5_093_morphed.png,Generic Face Gen 5 #093
plpo_generic_5_094_morphed,5,,numbered,plpo_generic_5_094_morphed.png,Generic Face Gen 5 #094
plpo_generic_5_BHM_M_002,5,gen_5_BHM_M_002,pam,plpo_generic_5_BHM_M_002.png,Generic Face gen_5_BHM_M_002
plpo_generic_5_BHTM_GS_001,5,gen_5_BHTM_GS_001,pam,plpo_generic_5_BHTM_GS_001.png,Generic Face gen_5_BHTM_GS_001
plpo_generic_5_BTM_N_004,5,gen_5_BTM_N_004,pam,plpo_generic_5_BTM_N_004.png,Generic Face gen_5_BTM_N_004
plpo_generic_5_B_BD_02,5,gen_5_B_BD_02,pam,plpo_generic_5_B_BD_02.png,Generic Face gen_5_B_BD_02
plpo_generic_5_B_BD_03,5,gen_5_B_BD_03,pam,plpo_generic_5_B_BD_03.png,Generic Face gen_5_B_BD_03
plpo_generic_5_B_G_01,5,gen_5_B_G_01,pam,plpo_generic_5_B_G_01.png,Generic Face gen_5_B_G_01
plpo_generic_5_B_G_02,5,gen_5_B_G_02,pam,plpo_generic_5_B_G_02.png,Generic Face gen_5_B_G_02
plpo_generic_5_B_MS_02,5,gen_5_B_MS_02,pam,plpo_generic_5_B_MS_02.png,Generic Face gen_5_B_MS_02
plpo_generic_5_B_N_01,5,gen_5_B_N_01,pam,plpo_generic_5_B_N_01.png,Generic Face gen_5_B_N_01
plpo_generic_5_B_N_02,5,gen_5_B_N_02,pam,plpo_generic_5_B_N_02.png,Generic Face gen_5_B_N_02
plpo_generic_5_B_N_03,5,gen_5_B_N_03,pam,plpo_generic_5_B_N_03.png,Generic Face gen_5_B_N_03
plpo_generic_5_B_S_002,5,gen_5_B_S_002,pam,plpo_generic_5_B_S_002.png,Generic Face gen_5_B_S_002
plpo_generic_5_B_S_003,5,gen_5_B_S_003,pam,plpo_generic_5_B_S_003.png,Generic Face gen_5_B_S_003
plpo_generic_5_H_BD_01,5,gen_5_H_BD_01,pam,plpo_generic_5_H_BD_01.png,Generic Face gen_5_H_BD_01
plpo_generic_5_H_BD_02,5,gen_5_H_BD_02,pam,plpo_generic_5_H_BD_02.png,Generic Face gen_5_H_BD_02
plpo_generic_5_H_G_01,5,gen_5_H_G_01,pam,plpo_generic_5_H_G_01.png,Generic Face gen_5_H_G_01
plpo_generic_5_H_N_01,5,gen_5_H_N_01,pam,plpo_generic_5_H_N_01.png,Generic Face gen_5_H_N_01
plpo_generic_5_M_BD_02,5,gen_5_M_BD_02,pam,plpo_generic_5_M_BD_02.png,Generic Face gen_5_M_BD_02
plpo_generic_5_M_B_001,5,gen_5_M_B_001,pam,plpo_generic_5_M_B_001.png,Generic Face gen_5_M_B_001
plpo_generic_5_M_M_005,5,gen_5_M_M_005,pam,plpo_generic_5_M_M_005.png,Generic Face gen_5_M_M_005
plpo_generic_5_M_N_009,5,gen_5_M_N_009,pam,plpo_generic_5_M_N_009.png,Generic Face gen_5_M_N_009
plpo_generic_5_M_N_01,5,gen_5_M_N_01,pam,plpo_generic_5_M_N_01.png,Generic Face gen_5_M_N_01
plpo_generic_5_M_N_02,5,gen_5_M_N_02,pam,plpo_generic_5_M_N_02.png,Generic Face gen_5_M_N_02
plpo_generic_5_T_GM_003,5,gen_5_T_GM_003,pam,plpo_generic_5_T_GM_003.png,Generic Face gen_5_T_GM_003
plpo_generic_5_T_G_01,5,gen_5_T_G_01,pam,plpo_generic_5_T_G_01.png,Generic Face gen_5_T_G_01
plpo_generic_6_002_morphed,6,,numbered,plpo_generic_6_002_morphed.png,Generic Face Gen 6 #002
plpo_generic_6_003_morphed,6,,numbered,plpo_generic_6_003_morphed.png,Generic Face Gen 6 #003
plpo_generic_6_004_morphed,6,,numbered,plpo_generic_6_004_morphed.png,Generic Face Gen 6 #004
plpo_generic_6_005_morphed,6,,numbered,plpo_generic_6_005_morphed.png,Generic Face Gen 6 #005
plpo_generic_6_006_morphed,6,,numbered,plpo_generic_6_006_morphed.png,Generic Face Gen 6 #006
plpo_generic_6_007_morphed,6,,numbered,plpo_generic_6_007_morphed.png,Generic Face Gen 6 #007
plpo_generic_6_008_morphed,6,,numbered,plpo_generic_6_008_morphed.png,Generic Face Gen 6 #008
plpo_generic_6_009_morphed,6,,numbered,plpo_generic_6_009_morphed.png,Generic Face Gen 6 #009
plpo_generic_6_010_morphed,6,,numbered,plpo_generic_6_010_morphed.png,Generic Face Gen 6 #010
plpo_generic_6_011_morphed,6,,numbered,plpo_generic_6_011_morphed.png,Generic Face Gen 6 #011
plpo_generic_6_012_morphed,6,,numbered,plpo_generic_6_012_morphed.png,Generic Face Gen 6 #012
plpo_generic_6_013_morphed,6,,numbered,plpo_generic_6_013_morphed.png,Generic Face Gen 6 #013
plpo_generic_6_014_morphed,6,,numbered,plpo_generic_6_014_morphed.png,Generic Face Gen 6 #014
plpo_generic_6_015_morphed,6,,numbered,plpo_generic_6_015_morphed.png,Generic Face Gen 6 #015
plpo_generic_6_016_morphed,6,,numbered,plpo_generic_6_016_morphed.png,Generic Face Gen 6 #016
plpo_generic_6_017_morphed,6,,numbered,plpo_generic_6_017_morphed.png,Generic Face Gen 6 #017
plpo_generic_6_018_morphed,6,,numbered,plpo_generic_6_018_morphed.png,Generic Face Gen 6 #018
plpo_generic_6_019_morphed,6,,numbered,plpo_generic_6_019_morphed.png,Generic Face Gen 6 #019
plpo_generic_6_020_morphed,6,,numbered,plpo_generic_6_020_morphed.png,Generic Face Gen 6 #020
plpo_generic_6_021_morphed,6,,numbered,plpo_generic_6_021_morphed.png,Generic Face Gen 6 #021
plpo_generic_6_022_morphed,6,,numbered,plpo_generic_6_022_morphed.png,Generic Face Gen 6 #022
plpo_generic_6_023_morphed,6,,numbered,plpo_generic_6_023_morphed.png,Generic Face Gen 6 #023
plpo_generic_6_024_morphed,6,,numbered,plpo_generic_6_024_morphed.png,Generic Face Gen 6 #024
plpo_generic_6_025_morphed,6,,numbered,plpo_generic_6_025_morphed.png,Generic Face Gen 6 #025
plpo_generic_6_026_morphed,6,,numbered,plpo_generic_6_026_morphed.png,Generic Face Gen 6 #026
plpo_generic_6_027_morphed,6,,numbered,plpo_generic_6_027_morphed.png,Generic Face Gen 6 #027
plpo_generic_6_028_morphed,6,,numbered,plpo_generic_6_028_morphed.png,Generic Face Gen 6 #028
plpo_generic_6_029_morphed,6,,numbered,plpo_generic_6_029_morphed.png,Generic Face Gen 6 #029
plpo_generic_6_030_morphed,6,,numbered,plpo_generic_6_030_morphed.png,Generic Face Gen 6 #030
plpo_generic_6_031_morphed,6,,numbered,plpo_generic_6_031_morphed.png,Generic Face Gen 6 #031
plpo_generic_6_032_morphed,6,,numbered,plpo_generic_6_032_morphed.png,Generic Face Gen 6 #032
plpo_generic_6_033_morphed,6,,numbered,plpo_generic_6_033_morphed.png,Generic Face Gen 6 #033
plpo_generic_6_034_morphed,6,,numbered,plpo_generic_6_034_morphed.png,Generic Face Gen 6 #034
plpo_generic_6_035_morphed,6,,numbered,plpo_generic_6_035_morphed.png,Generic Face Gen 6 #035
plpo_generic_6_036_morphed,6,,numbered,plpo_generic_6_036_morphed.png,Generic Face Gen 6 #036
plpo_generic_6_037_morphed,6,,numbered,plpo_generic_6_037_morphed.png,Generic Face Gen 6 #037
plpo_generic_6_038_morphed,6,,numbered,plpo_generic_6_038_morphed.png,Generic Face Gen 6 #038
plpo_generic_6_039_morphed,6,,numbered,plpo_generic_6_039_morphed.png,Generic Face Gen 6 #039
plpo_generic_6_040_morphed,6,,numbered,plpo_generic_6_040_morphed.png,Generic Face Gen 6 #040
plpo_generic_6_041_morphed,6,,numbered,plpo_generic_6_041_morphed.png,Generic Face Gen 6 #041
plpo_generic_6_042_morphed,6,,numbered,plpo_generic_6_042_morphed.png,Generic Face Gen 6 #042
plpo_generic_6_043_morphed,6,,numbered,plpo_generic_6_043_morphed.png,Generic Face Gen 6 #043
plpo_generic_6_044_morphed,6,,numbered,plpo_generic_6_044_morphed.png,Generic Face Gen 6 #044
plpo_generic_6_045_morphed,6,,numbered,plpo_generic_6_045_morphed.png,Generic Face Gen 6 #045
plpo_generic_6_046_morphed,6,,numbered,plpo_generic_6_046_morphed.png,Generic Face Gen 6 #046
plpo_generic_6_047_morphed,6,,numbered,plpo_generic_6_047_morphed.png,Generic Face Gen 6 #047
plpo_generic_6_048_morphed,6,,numbered,plpo_generic_6_048_morphed.png,Generic Face Gen 6 #048
plpo_generic_6_049_morphed,6,,numbered,plpo_generic_6_049_morphed.png,Generic Face Gen 6 #049
plpo_generic_6_050_morphed,6,,numbered,plpo_generic_6_050_morphed.png,Generic Face Gen 6 #050
plpo_generic_6_051_morphed,6,,numbered,plpo_generic_6_051_morphed.png,Generic Face Gen 6 #051
plpo_generic_6_052_morphed,6,,numbered,plpo_generic_6_052_morphed.png,Generic Face Gen 6 #052
plpo_generic_6_053_morphed,6,,numbered,plpo_generic_6_053_morphed.png,Generic Face Gen 6 #053
plpo_generic_6_054_morphed,6,,numbered,plpo_generic_6_054_morphed.png,Generic Face Gen 6 #054
plpo_generic_6_055_morphed,6,,numbered,plpo_generic_6_055_morphed.png,Generic Face Gen 6 #055
plpo_generic_6_056_morphed,6,,numbered,plpo_generic_6_056_morphed.png,Generic Face Gen 6 #056
plpo_generic_6_057_morphed,6,,numbered,plpo_generic_6_057_morphed.png,Generic Face Gen 6 #057
plpo_generic_6_058_morphed,6,,numbered,plpo_generic_6_058_morphed.png,Generic Face Gen 6 #058
plpo_generic_6_059_morphed,6,,numbered,plpo_generic_6_059_morphed.png,Generic Face Gen 6 #059
plpo_generic_6_060_morphed,6,,numbered,plpo_generic_6_060_morphed.png,Generic Face Gen 6 #060
plpo_generic_6_061_morphed,6,,numbered,plpo_generic_6_061_morphed.png,Generic Face Gen 6 #061
plpo_generic_6_062_morphed,6,,numbered,plpo_generic_6_062_morphed.png,Generic Face Gen 6 #062
plpo_generic_6_063_morphed,6,,numbered,plpo_generic_6_063_morphed.png,Generic Face Gen 6 #063
plpo_generic_6_064_morphed,6,,numbered,plpo_generic_6_064_morphed.png,Generic Face Gen 6 #064
plpo_generic_6_065_morphed,6,,numbered,plpo_generic_6_065_morphed.png,Generic Face Gen 6 #065
plpo_generic_6_066_morphed,6,,numbered,plpo_generic_6_066_morphed.png,Generic Face Gen 6 #066
plpo_generic_6_067_morphed,6,,numbered,plpo_generic_6_067_morphed.png,Generic Face Gen 6 #067
plpo_generic_6_068_morphed,6,,numbered,plpo_generic_6_068_morphed.png,Generic Face Gen 6 #068
plpo_generic_6_069_morphed,6,,numbered,plpo_generic_6_069_morphed.png,Generic Face Gen 6 #069
plpo_generic_6_070_morphed,6,,numbered,plpo_generic_6_070_morphed.png,Generic Face Gen 6 #070
plpo_generic_6_071_morphed,6,,numbered,plpo_generic_6_071_morphed.png,Generic Face Gen 6 #071
plpo_generic_6_072_morphed,6,,numbered,plpo_generic_6_072_morphed.png,Generic Face Gen 6 #072
plpo_generic_6_073_morphed,6,,numbered,plpo_generic_6_073_morphed.png,Generic Face Gen 6 #073
plpo_generic_6_074_morphed,6,,numbered,plpo_generic_6_074_morphed.png,Generic Face Gen 6 #074
plpo_generic_6_075_morphed,6,,numbered,plpo_generic_6_075_morphed.png,Generic Face Gen 6 #075
plpo_generic_6_076_morphed,6,,numbered,plpo_generic_6_076_morphed.png,Generic Face Gen 6 #076
plpo_generic_6_077_morphed,6,,numbered,plpo_generic_6_077_morphed.png,Generic Face Gen 6 #077
plpo_generic_6_078_morphed,6,,numbered,plpo_generic_6_078_morphed.png,Generic Face Gen 6 #078
plpo_generic_6_079_morphed,6,,numbered,plpo_generic_6_079_morphed.png,Generic Face Gen 6 #079
plpo_generic_6_080_morphed,6,,numbered,plpo_generic_6_080_morphed.png,Generic Face Gen 6 #080
plpo_generic_6_081_morphed,6,,numbered,plpo_generic_6_081_morphed.png,Generic Face Gen 6 #081
plpo_generic_6_082_morphed,6,,numbered,plpo_generic_6_082_morphed.png,Generic Face Gen 6 #082
plpo_generic_6_083_morphed,6,,numbered,plpo_generic_6_083_morphed.png,Generic Face Gen 6 #083
plpo_generic_6_084_morphed,6,,numbered,plpo_generic_6_084_morphed.png,Generic Face Gen 6 #084
plpo_generic_6_085_morphed,6,,numbered,plpo_generic_6_085_morphed.png,Generic Face Gen 6 #085
plpo_generic_6_086_morphed,6,,numbered,plpo_generic_6_086_morphed.png,Generic Face Gen 6 #086
plpo_generic_6_087_morphed,6,,numbered,plpo_generic_6_087_morphed.png,Generic Face Gen 6 #087
plpo_generic_6_088_morphed,6,,numbered,plpo_generic_6_088_morphed.png,Generic Face Gen 6 #088
plpo_generic_6_089_morphed,6,,numbered,plpo_generic_6_089_morphed.png,Generic Face Gen 6 #089
plpo_generic_6_090_morphed,6,,numbered,plpo_generic_6_090_morphed.png,Generic Face Gen 6 #090
plpo_generic_6_091_morphed,6,,numbered,plpo_generic_6_091_morphed.png,Generic Face Gen 6 #091
plpo_generic_6_092_morphed,6,,numbered,plpo_generic_6_092_morphed.png,Generic Face Gen 6 #092
plpo_generic_6_093_morphed,6,,numbered,plpo_generic_6_093_morphed.png,Generic Face Gen 6 #093
plpo_generic_6_094_morphed,6,,numbered,plpo_generic_6_094_morphed.png,Generic Face Gen 6 #094
plpo_generic_6_095_morphed,6,,numbered,plpo_generic_6_095_morphed.png,Generic Face Gen 6 #095
plpo_generic_6_096_morphed,6,,numbered,plpo_generic_6_096_morphed.png,Generic Face Gen 6 #096
plpo_generic_6_097_morphed,6,,numbered,plpo_generic_6_097_morphed.png,Generic Face Gen 6 #097
plpo_generic_6_098_morphed,6,,numbered,plpo_generic_6_098_morphed.png,Generic Face Gen 6 #098
plpo_generic_6_BHM_BM_004,6,gen_6_BHM_BM_004,pam,plpo_generic_6_BHM_BM_004.png,Generic Face gen_6_BHM_BM_004
plpo_generic_6_BHM_B_01,6,gen_6_BHM_B_01,pam,plpo_generic_6_BHM_B_01.png,Generic Face gen_6_BHM_B_01
plpo_generic_6_BHM_G_002,6,gen_6_BHM_G_002,pam,plpo_generic_6_BHM_G_002.png,Generic Face gen_6_BHM_G_002
plpo_generic_6_BMH_G_010,6,gen_6_BMH_G_010,pam,plpo_generic_6_BMH_G_010.png,Generic Face gen_6_BMH_G_010
plpo_generic_6_BMH_N_003,6,gen_6_BMH_N_003,pam,plpo_generic_6_BMH_N_003.png,Generic Face gen_6_BMH_N_003
plpo_generic_6_BM_MG_008,6,gen_6_BM_MG_008,pam,plpo_generic_6_BM_MG_008.png,Generic Face gen_6_BM_MG_008
plpo_generic_6_BM_N_009,6,gen_6_BM_N_009,pam,plpo_generic_6_BM_N_009.png,Generic Face gen_6_BM_N_009
plpo_generic_6_BTM_BM_001,6,gen_6_BTM_BM_001,pam,plpo_generic_6_BTM_BM_001.png,Generic Face gen_6_BTM_BM_001
plpo_generic_6_B_G_005,6,gen_6_B_G_005,pam,plpo_generic_6_B_G_005.png,Generic Face gen_6_B_G_005
plpo_generic_6_B_G_01,6,gen_6_B_G_01,pam,plpo_generic_6_B_G_01.png,Generic Face gen_6_B_G_01
plpo_generic_6_B_G_03,6,gen_6_B_G_03,pam,plpo_generic_6_B_G_03.png,Generic Face gen_6_B_G_03
plpo_generic_6_B_G_04,6,gen_6_B_G_04,pam,plpo_generic_6_B_G_04.png,Generic Face gen_6_B_G_04
plpo_generic_6_B_G_05,6,gen_6_B_G_05,pam,plpo_generic_6_B_G_05.png,Generic Face gen_6_B_G_05
plpo_generic_6_B_G_06,6,gen_6_B_G_06,pam,plpo_generic_6_B_G_06.png,Generic Face gen_6_B_G_06
plpo_generic_6_B_MS_01,6,gen_6_B_MS_01,pam,plpo_generic_6_B_MS_01.png,Generic Face gen_6_B_MS_01
plpo_generic_6_B_N_0010,6,gen_6_B_N_0010,pam,plpo_generic_6_B_N_0010.png,Generic Face gen_6_B_N_0010
plpo_generic_6_B_N_0011,6,gen_6_B_N_0011,pam,plpo_generic_6_B_N_0011.png,Generic Face gen_6_B_N_0011
plpo_generic_6_B_N_003,6,gen_6_B_N_003,pam,plpo_generic_6_B_N_003.png,Generic Face gen_6_B_N_003
plpo_generic_6_B_N_004,6,gen_6_B_N_004,pam,plpo_generic_6_B_N_004.png,Generic Face gen_6_B_N_004
plpo_generic_6_B_N_005,6,gen_6_B_N_005,pam,plpo_generic_6_B_N_005.png,Generic Face gen_6_B_N_005
plpo_generic_6_B_N_006,6,gen_6_B_N_006,pam,plpo_generic_6_B_N_006.png,Generic Face gen_6_B_N_006
plpo_generic_6_B_N_007,6,gen_6_B_N_007,pam,plpo_generic_6_B_N_007.png,Generic Face gen_6_B_N_007
plpo_generic_6_B_N_008,6,gen_6_B_N_008,pam,plpo_generic_6_B_N_008.png,Generic Face gen_6_B_N_008
plpo_generic_6_B_N_009,6,gen_6_B_N_009,pam,plpo_generic_6_B_N_009.png,Generic Face gen_6_B_N_009
plpo_generic_6_B_N_01,6,gen_6_B_N_01,pam,plpo_generic_6_B_N_01.png,Generic Face gen_6_B_N_01
plpo_generic_6_B_N_02,6,gen_6_B_N_02,pam,plpo_generic_6_B_N_02.png,Generic Face gen_6_B_N_02
plpo_generic_6_B_N_03,6,gen_6_B_N_03,pam,plpo_generic_6_B_N_03.png,Generic Face gen_6_B_N_03
plpo_generic_6_B_S_02,6,gen_6_B_S_02,pam,plpo_generic_6_B_S_02.png,Generic Face gen_6_B_S_02
plpo_generic_6_H_BD_01,6,gen_6_H_BD_01,pam,plpo_generic_6_H_BD_01.png,Generic Face gen_6_H_BD_01
plpo_generic_6_H_BM_02,6,gen_6_H_BM_02,pam,plpo_generic_6_H_BM_02.png,Generic Face gen_6_H_BM_02
plpo_generic_6_H_B_002,6,gen_6_H_B_002,pam,plpo_generic_6_H_B_002.png,Generic Face gen_6_H_B_002
plpo_generic_6_H_G_01,6,gen_6_H_G_01,pam,plpo_generic_6_H_G_01.png,Generic Face gen_6_H_G_01
plpo_generic_6_H_G_012,6,gen_6_H_G_012,pam,plpo_generic_6_H_G_012.png,Generic Face gen_6_H_G_012
plpo_generic_6_H_MS_01,6,gen_6_H_MS_01,pam,plpo_generic_6_H_MS_01.png,Generic Face gen_6_H_MS_01
plpo_generic_6_H_N_001,6,gen_6_H_N_001,pam,plpo_generic_6_H_N_001.png,Generic Face gen_6_H_N_001
plpo_generic_6_H_N_006,6,gen_6_H_N_006,pam,plpo_generic_6_H_N_006.png,Generic Face gen_6_H_N_006
plpo_generic_6_H_N_01,6,gen_6_H_N_01,pam,plpo_generic_6_H_N_01.png,Generic Face gen_6_H_N_01
plpo_generic_6_H_N_20,6,gen_6_H_N_20,pam,plpo_generic_6_H_N_20.png,Generic Face gen_6_H_N_20
plpo_generic_6_M_G_01,6,gen_6_M_G_01,pam,plpo_generic_6_M_G_01.png,Generic Face gen_6_M_G_01
plpo_generic_6_M_MB_011,6,gen_6_M_MB_011,pam,plpo_generic_6_M_MB_011.png,Generic Face gen_6_M_MB_011
plpo_generic_6_M_N_009,6,gen_6_M_N_009,pam,plpo_generic_6_M_N_009.png,Generic Face gen_6_M_N_009
plpo_generic_6_M_N_01,6,gen_6_M_N_01,pam,plpo_generic_6_M_N_01.png,Generic Face gen_6_M_N_01
plpo_generic_6_M_N_02,6,gen_6_M_N_02,pam,plpo_generic_6_M_N_02.png,Generic Face gen_6_M_N_02
plpo_generic_6_N_MG_009,6,gen_6_N_MG_009,pam,plpo_generic_6_N_MG_009.png,Generic Face gen_6_N_MG_009
plpo_generic_6_T_G_005,6,gen_6_T_G_005,pam,plpo_generic_6_T_G_005.png,Generic Face gen_6_T_G_005
plpo_generic_6_T_MG_006,6,gen_6_T_MG_006,pam,plpo_generic_6_T_MG_006.png,Generic Face gen_6_T_MG_006
plpo_generic_6_T_N_009,6,gen_6_T_N_009,pam,plpo_generic_6_T_N_009.png,Generic Face gen_6_T_N_009
plpo_generic_7_001_morphed,7,,numbered,plpo_generic_7_001_morphed.png,Generic Face Gen 7 #001
plpo_generic_7_002_morphed,7,,numbered,plpo_generic_7_002_morphed.png,Generic Face Gen 7 #002
plpo_generic_7_003_morphed,7,,numbered,plpo_generic_7_003_morphed.png,Generic Face Gen 7 #003
plpo_generic_7_004_morphed,7,,numbered,plpo_generic_7_004_morphed.png,Generic Face Gen 7 #004
plpo_generic_7_005_morphed,7,,numbered,plpo_generic_7_005_morphed.png,Generic Face Gen 7 #005
plpo_generic_7_006_morphed,7,,numbered,plpo_generic_7_006_morphed.png,Generic Face Gen 7 #006
plpo_generic_7_007_morphed,7,,numbered,plpo_generic_7_007_morphed.png,Generic Face Gen 7 #007
plpo_generic_7_008_morphed,7,,numbered,plpo_generic_7_008_morphed.png,Generic Face Gen 7 #008
plpo_generic_7_009_morphed,7,,numbered,plpo_generic_7_009_morphed.png,Generic Face Gen 7 #009
plpo_generic_7_010_morphed,7,,numbered,plpo_generic_7_010_morphed.png,Generic Face Gen 7 #010
plpo_generic_7_011_morphed,7,,numbered,plpo_generic_7_011_morphed.png,Generic Face Gen 7 #011
plpo_generic_7_012_morphed,7,,numbered,plpo_generic_7_012_morphed.png,Generic Face Gen 7 #012
plpo_generic_7_013_morphed,7,,numbered,plpo_generic_7_013_morphed.png,Generic Face Gen 7 #013
plpo_generic_7_014_morphed,7,,numbered,plpo_generic_7_014_morphed.png,Generic Face Gen 7 #014
plpo_generic_7_015_morphed,7,,numbered,plpo_generic_7_015_morphed.png,Generic Face Gen 7 #015
plpo_generic_7_016_morphed,7,,numbered,plpo_generic_7_016_morphed.png,Generic Face Gen 7 #016
plpo_generic_7_017_morphed,7,,numbered,plpo_generic_7_017_morphed.png,Generic Face Gen 7 #017
plpo_generic_7_018_morphed,7,,numbered,plpo_generic_7_018_morphed.png,Generic Face Gen 7 #018
plpo_generic_7_019_morphed,7,,numbered,plpo_generic_7_019_morphed.png,Generic Face Gen 7 #019
plpo_generic_7_020_morphed,7,,numbered,plpo_generic_7_020_morphed.png,Generic Face Gen 7 #020
plpo_generic_7_021_morphed,7,,numbered,plpo_generic_7_021_morphed.png,Generic Face Gen 7 #021
plpo_generic_7_022_morphed,7,,numbered,plpo_generic_7_022_morphed.png,Generic Face Gen 7 #022
plpo_generic_7_023_morphed,7,,numbered,plpo_generic_7_023_morphed.png,Generic Face Gen 7 #023
plpo_generic_7_024_morphed,7,,numbered,plpo_generic_7_024_morphed.png,Generic Face Gen 7 #024
plpo_generic_7_025_morphed,7,,numbered,plpo_generic_7_025_morphed.png,Generic Face Gen 7 #025
plpo_generic_7_026_morphed,7,,numbered,plpo_generic_7_026_morphed.png,Generic Face Gen 7 #026
plpo_generic_7_027_morphed,7,,numbered,plpo_generic_7_027_morphed.png,Generic Face Gen 7 #027
plpo_generic_7_028_morphed,7,,numbered,plpo_generic_7_028_morphed.png,Generic Face Gen 7 #028
plpo_generic_7_029_morphed,7,,numbered,plpo_generic_7_029_morphed.png,Generic Face Gen 7 #029
plpo_generic_7_030_morphed,7,,numbered,plpo_generic_7_030_morphed.png,Generic Face Gen 7 #030
plpo_generic_7_031_morphed,7,,numbered,plpo_generic_7_031_morphed.png,Generic Face Gen 7 #031
plpo_generic_7_032_morphed,7,,numbered,plpo_generic_7_032_morphed.png,Generic Face Gen 7 #032
plpo_generic_7_033_morphed,7,,numbered,plpo_generic_7_033_morphed.png,Generic Face Gen 7 #033
plpo_generic_7_034_morphed,7,,numbered,plpo_generic_7_034_morphed.png,Generic Face Gen 7 #034
plpo_generic_7_035_morphed,7,,numbered,plpo_generic_7_035_morphed.png,Generic Face Gen 7 #035
plpo_generic_7_036_morphed,7,,numbered,plpo_generic_7_036_morphed.png,Generic Face Gen 7 #036
plpo_generic_7_037_morphed,7,,numbered,plpo_generic_7_037_morphed.png,Generic Face Gen 7 #037
plpo_generic_7_038_morphed,7,,numbered,plpo_generic_7_038_morphed.png,Generic Face Gen 7 #038
plpo_generic_7_039_morphed,7,,numbered,plpo_generic_7_039_morphed.png,Generic Face Gen 7 #039
plpo_generic_7_040_morphed,7,,numbered,plpo_generic_7_040_morphed.png,Generic Face Gen 7 #040
plpo_generic_7_041_morphed,7,,numbered,plpo_generic_7_041_morphed.png,Generic Face Gen 7 #041
plpo_generic_7_042_morphed,7,,numbered,plpo_generic_7_042_morphed.png,Generic Face Gen 7 #042
plpo_generic_7_043_morphed,7,,numbered,plpo_generic_7_043_morphed.png,Generic Face Gen 7 #043
plpo_generic_7_044_morphed,7,,numbered,plpo_generic_7_044_morphed.png,Generic Face Gen 7 #044
plpo_generic_7_045_morphed,7,,numbered,plpo_generic_7_045_morphed.png,Generic Face Gen 7 #045
plpo_generic_7_046_morphed,7,,numbered,plpo_generic_7_046_morphed.png,Generic Face Gen 7 #046
plpo_generic_7_047_morphed,7,,numbered,plpo_generic_7_047_morphed.png,Generic Face Gen 7 #047
plpo_generic_7_048_morphed,7,,numbered,plpo_generic_7_048_morphed.png,Generic Face Gen 7 #048
plpo_generic_7_049_morphed,7,,numbered,plpo_generic_7_049_morphed.png,Generic Face Gen 7 #049
plpo_generic_7_050_morphed,7,,numbered,plpo_generic_7_050_morphed.png,Generic Face Gen 7 #050
plpo_generic_7_051_morphed,7,,numbered,plpo_generic_7_051_morphed.png,Generic Face Gen 7 #051
plpo_generic_7_052_morphed,7,,numbered,plpo_generic_7_052_morphed.png,Generic Face Gen 7 #052
plpo_generic_7_053_morphed,7,,numbered,plpo_generic_7_053_morphed.png,Generic Face Gen 7 #053
plpo_generic_7_054_morphed,7,,numbered,plpo_generic_7_054_morphed.png,Generic Face Gen 7 #054
plpo_generic_7_055_morphed,7,,numbered,plpo_generic_7_055_morphed.png,Generic Face Gen 7 #055
plpo_generic_7_056_morphed,7,,numbered,plpo_generic_7_056_morphed.png,Generic Face Gen 7 #056
plpo_generic_7_057_morphed,7,,numbered,plpo_generic_7_057_morphed.png,Generic Face Gen 7 #057
plpo_generic_7_058_morphed,7,,numbered,plpo_generic_7_058_morphed.png,Generic Face Gen 7 #058
plpo_generic_7_059_morphed,7,,numbered,plpo_generic_7_059_morphed.png,Generic Face Gen 7 #059
plpo_generic_7_060_morphed,7,,numbered,plpo_generic_7_060_morphed.png,Generic Face Gen 7 #060
plpo_generic_7_061_morphed,7,,numbered,plpo_generic_7_061_morphed.png,Generic Face Gen 7 #061
plpo_generic_7_062_morphed,7,,numbered,plpo_generic_7_062_morphed.png,Generic Face Gen 7 #062
plpo_generic_7_063_morphed,7,,numbered,plpo_generic_7_063_morphed.png,Generic Face Gen 7 #063
plpo_generic_7_064_morphed,7,,numbered,plpo_generic_7_064_morphed.png,Generic Face Gen 7 #064
plpo_generic_7_065_morphed,7,,numbered,plpo_generic_7_065_morphed.png,Generic Face Gen 7 #065
plpo_generic_7_066_morphed,7,,numbered,plpo_generic_7_066_morphed.png,Generic Face Gen 7 #066
plpo_generic_7_067_morphed,7,,numbered,plpo_generic_7_067_morphed.png,Generic Face Gen 7 #067
plpo_generic_7_068_morphed,7,,numbered,plpo_generic_7_068_morphed.png,Generic Face Gen 7 #068
plpo_generic_7_069_morphed,7,,numbered,plpo_generic_7_069_morphed.png,Generic Face Gen 7 #069
plpo_generic_7_070_morphed,7,,numbered,plpo_generic_7_070_morphed.png,Generic Face Gen 7 #070
plpo_generic_7_071_morphed,7,,numbered,plpo_generic_7_071_morphed.png,Generic Face Gen 7 #071
plpo_generic_7_072_morphed,7,,numbered,plpo_generic_7_072_morphed.png,Generic Face Gen 7 #072
plpo_generic_7_073_morphed,7,,numbered,plpo_generic_7_073_morphed.png,Generic Face Gen 7 #073
plpo_generic_7_074_morphed,7,,numbered,plpo_generic_7_074_morphed.png,Generic Face Gen 7 #074
plpo_generic_7_075_morphed,7,,numbered,plpo_generic_7_075_morphed.png,Generic Face Gen 7 #075
plpo_generic_7_076_morphed,7,,numbered,plpo_generic_7_076_morphed.png,Generic Face Gen 7 #076
plpo_generic_7_077_morphed,7,,numbered,plpo_generic_7_077_morphed.png,Generic Face Gen 7 #077
plpo_generic_7_078_morphed,7,,numbered,plpo_generic_7_078_morphed.png,Generic Face Gen 7 #078
plpo_generic_7_079_morphed,7,,numbered,plpo_generic_7_079_morphed.png,Generic Face Gen 7 #079
plpo_generic_7_080_morphed,7,,numbered,plpo_generic_7_080_morphed.png,Generic Face Gen 7 #080
plpo_generic_7_081_morphed,7,,numbered,plpo_generic_7_081_morphed.png,Generic Face Gen 7 #081
plpo_generic_7_082_morphed,7,,numbered,plpo_generic_7_082_morphed.png,Generic Face Gen 7 #082
plpo_generic_7_083_morphed,7,,numbered,plpo_generic_7_083_morphed.png,Generic Face Gen 7 #083
plpo_generic_7_084_morphed,7,,numbered,plpo_generic_7_084_morphed.png,Generic Face Gen 7 #084
plpo_generic_7_085_morphed,7,,numbered,plpo_generic_7_085_morphed.png,Generic Face Gen 7 #085
plpo_generic_7_086_morphed,7,,numbered,plpo_generic_7_086_morphed.png,Generic Face Gen 7 #086
plpo_generic_7_087_morphed,7,,numbered,plpo_generic_7_087_morphed.png,Generic Face Gen 7 #087
plpo_generic_7_088_morphed,7,,numbered,plpo_generic_7_088_morphed.png,Generic Face Gen 7 #088
plpo_generic_7_089_morphed,7,,numbered,plpo_generic_7_089_morphed.png,Generic Face Gen 7 #089
plpo_generic_7_090_morphed,7,,numbered,plpo_generic_7_090_morphed.png,Generic Face Gen 7 #090
plpo_generic_7_091_morphed,7,,numbered,plpo_generic_7_091_morphed.png,Generic Face Gen 7 #091
plpo_generic_7_092_morphed,7,,numbered,plpo_generic_7_092_morphed.png,Generic Face Gen 7 #092
plpo_generic_7_093_morphed,7,,numbered,plpo_generic_7_093_morphed.png,Generic Face Gen 7 #093
plpo_generic_7_094_morphed,7,,numbered,plpo_generic_7_094_morphed.png,Generic Face Gen 7 #094
plpo_generic_7_095_morphed,7,,numbered,plpo_generic_7_095_morphed.png,Generic Face Gen 7 #095
plpo_generic_7_096_morphed,7,,numbered,plpo_generic_7_096_morphed.png,Generic Face Gen 7 #096
plpo_generic_7_097_morphed,7,,numbered,plpo_generic_7_097_morphed.png,Generic Face Gen 7 #097
plpo_generic_7_098_morphed,7,,numbered,plpo_generic_7_098_morphed.png,Generic Face Gen 7 #098
plpo_generic_7_099_morphed,7,,numbered,plpo_generic_7_099_morphed.png,Generic Face Gen 7 #099
plpo_generic_7_100_morphed,7,,numbered,plpo_generic_7_100_morphed.png,Generic Face Gen 7 #100
plpo_generic_7_101_morphed,7,,numbered,plpo_generic_7_101_morphed.png,Generic Face Gen 7 #101
plpo_generic_7_102_morphed,7,,numbered,plpo_generic_7_102_morphed.png,Generic Face Gen 7 #102
plpo_generic_7_103_morphed,7,,numbered,plpo_generic_7_103_morphed.png,Generic Face Gen 7 #103
plpo_generic_7_104_morphed,7,,numbered,plpo_generic_7_104_morphed.png,Generic Face Gen 7 #104
plpo_generic_7_105_morphed,7,,numbered,plpo_generic_7_105_morphed.png,Generic Face Gen 7 #105
plpo_generic_7_106_morphed,7,,numbered,plpo_generic_7_106_morphed.png,Generic Face Gen 7 #106
plpo_generic_7_107_morphed,7,,numbered,plpo_generic_7_107_morphed.png,Generic Face Gen 7 #107
plpo_generic_7_108_morphed,7,,numbered,plpo_generic_7_108_morphed.png,Generic Face Gen 7 #108
plpo_generic_7_109_morphed,7,,numbered,plpo_generic_7_109_morphed.png,Generic Face Gen 7 #109
plpo_generic_7_110_morphed,7,,numbered,plpo_generic_7_110_morphed.png,Generic Face Gen 7 #110
plpo_generic_7_111_morphed,7,,numbered,plpo_generic_7_111_morphed.png,Generic Face Gen 7 #111
plpo_generic_7_112_morphed,7,,numbered,plpo_generic_7_112_morphed.png,Generic Face Gen 7 #112
plpo_generic_7_113_morphed,7,,numbered,plpo_generic_7_113_morphed.png,Generic Face Gen 7 #113
plpo_generic_7_114_morphed,7,,numbered,plpo_generic_7_114_morphed.png,Generic Face Gen 7 #114
plpo_generic_7_115_morphed,7,,numbered,plpo_generic_7_115_morphed.png,Generic Face Gen 7 #115
plpo_generic_7_116_morphed,7,,numbered,plpo_generic_7_116_morphed.png,Generic Face Gen 7 #116
plpo_generic_7_117_morphed,7,,numbered,plpo_generic_7_117_morphed.png,Generic Face Gen 7 #117
plpo_generic_7_121_morphed,7,,numbered,plpo_generic_7_121_morphed.png,Generic Face Gen 7 #121
plpo_generic_7_122_morphed,7,,numbered,plpo_generic_7_122_morphed.png,Generic Face Gen 7 #122
plpo_generic_7_124_morphed,7,,numbered,plpo_generic_7_124_morphed.png,Generic Face Gen 7 #124
plpo_generic_7_126_morphed,7,,numbered,plpo_generic_7_126_morphed.png,Generic Face Gen 7 #126
plpo_generic_7_127_morphed,7,,numbered,plpo_generic_7_127_morphed.png,Generic Face Gen 7 #127
plpo_generic_7_128_morphed,7,,numbered,plpo_generic_7_128_morphed.png,Generic Face Gen 7 #128
plpo_generic_7_129_morphed,7,,numbered,plpo_generic_7_129_morphed.png,Generic Face Gen 7 #129
plpo_generic_7_130_morphed,7,,numbered,plpo_generic_7_130_morphed.png,Generic Face Gen 7 #130
plpo_generic_7_131_morphed,7,,numbered,plpo_generic_7_131_morphed.png,Generic Face Gen 7 #131
plpo_generic_7_132_morphed,7,,numbered,plpo_generic_7_132_morphed.png,Generic Face Gen 7 #132
plpo_generic_7_133_morphed,7,,numbered,plpo_generic_7_133_morphed.png,Generic Face Gen 7 #133
plpo_generic_7_134_morphed,7,,numbered,plpo_generic_7_134_morphed.png,Generic Face Gen 7 #134
plpo_generic_7_135_morphed,7,,numbered,plpo_generic_7_135_morphed.png,Generic Face Gen 7 #135
plpo_generic_7_136_morphed,7,,numbered,plpo_generic_7_136_morphed.png,Generic Face Gen 7 #136
plpo_generic_7_137_morphed,7,,numbered,plpo_generic_7_137_morphed.png,Generic Face Gen 7 #137
plpo_generic_7_138_morphed,7,,numbered,plpo_generic_7_138_morphed.png,Generic Face Gen 7 #138
plpo_generic_7_139_morphed,7,,numbered,plpo_generic_7_139_morphed.png,Generic Face Gen 7 #139
plpo_generic_7_140_morphed,7,,numbered,plpo_generic_7_140_morphed.png,Generic Face Gen 7 #140
plpo_generic_7_141_morphed,7,,numbered,plpo_generic_7_141_morphed.png,Generic Face Gen 7 #141
plpo_generic_7_142_morphed,7,,numbered,plpo_generic_7_142_morphed.png,Generic Face Gen 7 #142
plpo_generic_7_143_morphed,7,,numbered,plpo_generic_7_143_morphed.png,Generic Face Gen 7 #143
plpo_generic_7_144_morphed,7,,numbered,plpo_generic_7_144_morphed.png,Generic Face Gen 7 #144
plpo_generic_7_145_morphed,7,,numbered,plpo_generic_7_145_morphed.png,Generic Face Gen 7 #145
plpo_generic_7_146_morphed,7,,numbered,plpo_generic_7_146_morphed.png,Generic Face Gen 7 #146
plpo_generic_7_147_morphed,7,,numbered,plpo_generic_7_147_morphed.png,Generic Face Gen 7 #147
plpo_generic_7_148_morphed,7,,numbered,plpo_generic_7_148_morphed.png,Generic Face Gen 7 #148
plpo_generic_7_149_morphed,7,,numbered,plpo_generic_7_149_morphed.png,Generic Face Gen 7 #149
plpo_generic_7_150_morphed,7,,numbered,plpo_generic_7_150_morphed.png,Generic Face Gen 7 #150
plpo_generic_7_151_morphed,7,,numbered,plpo_generic_7_151_morphed.png,Generic Face Gen 7 #151
plpo_generic_7_152_morphed,7,,numbered,plpo_generic_7_152_morphed.png,Generic Face Gen 7 #152
plpo_generic_7_153_morphed,7,,numbered,plpo_generic_7_153_morphed.png,Generic Face Gen 7 #153
plpo_generic_7_154_morphed,7,,numbered,plpo_generic_7_154_morphed.png,Generic Face Gen 7 #154
plpo_generic_7_155_morphed,7,,numbered,plpo_generic_7_155_morphed.png,Generic Face Gen 7 #155
plpo_generic_7_156_morphed,7,,numbered,plpo_generic_7_156_morphed.png,Generic Face Gen 7 #156
plpo_generic_7_157_morphed,7,,numbered,plpo_generic_7_157_morphed.png,Generic Face Gen 7 #157
plpo_generic_7_158_morphed,7,,numbered,plpo_generic_7_158_morphed.png,Generic Face Gen 7 #158
plpo_generic_7_159_morphed,7,,numbered,plpo_generic_7_159_morphed.png,Generic Face Gen 7 #159
plpo_generic_7_160_morphed,7,,numbered,plpo_generic_7_160_morphed.png,Generic Face Gen 7 #160
plpo_generic_7_161_morphed,7,,numbered,plpo_generic_7_161_morphed.png,Generic Face Gen 7 #161
plpo_generic_7_162_morphed,7,,numbered,plpo_generic_7_162_morphed.png,Generic Face Gen 7 #162
plpo_generic_7_163_morphed,7,,numbered,plpo_generic_7_163_morphed.png,Generic Face Gen 7 #163
plpo_generic_7_164_morphed,7,,numbered,plpo_generic_7_164_morphed.png,Generic Face Gen 7 #164
plpo_generic_7_BHM_MG_001,7,gen_7_BHM_MG_001,pam,plpo_generic_7_BHM_MG_001.png,Generic Face gen_7_BHM_MG_001
plpo_generic_7_BHM_MG_007,7,gen_7_BHM_MG_007,pam,plpo_generic_7_BHM_MG_007.png,Generic Face gen_7_BHM_MG_007
plpo_generic_7_BHM_MG_022,7,gen_7_BHM_MG_022,pam,plpo_generic_7_BHM_MG_022.png,Generic Face gen_7_BHM_MG_022
plpo_generic_7_BHM_N_002,7,gen_7_BHM_N_002,pam,plpo_generic_7_BHM_N_002.png,Generic Face gen_7_BHM_N_002
plpo_generic_7_BHM_N_004,7,gen_7_BHM_N_004,pam,plpo_generic_7_BHM_N_004.png,Generic Face gen_7_BHM_N_004
plpo_generic_7_BHM_S_010,7,gen_7_BHM_S_010,pam,plpo_generic_7_BHM_S_010.png,Generic Face gen_7_BHM_S_010
plpo_generic_7_BMH_B_006,7,gen_7_BMH_B_006,pam,plpo_generic_7_BMH_B_006.png,Generic Face gen_7_BMH_B_006
plpo_generic_7_BMH_GS_005,7,gen_7_BMH_GS_005,pam,plpo_generic_7_BMH_GS_005.png,Generic Face gen_7_BMH_GS_005
plpo_generic_7_BMH_GS_011,7,gen_7_BMH_GS_011,pam,plpo_generic_7_BMH_GS_011.png,Generic Face gen_7_BMH_GS_011
plpo_generic_7_BMH_MB_019,7,gen_7_BMH_MB_019,pam,plpo_generic_7_BMH_MB_019.png,Generic Face gen_7_BMH_MB_019
plpo_generic_7_BMH_MG_001,7,gen_7_BMH_MG_001,pam,plpo_generic_7_BMH_MG_001.png,Generic Face gen_7_BMH_MG_001
plpo_generic_7_BMH_MG_003,7,gen_7_BMH_MG_003,pam,plpo_generic_7_BMH_MG_003.png,Generic Face gen_7_BMH_MG_003
plpo_generic_7_BMH_MG_008,7,gen_7_BMH_MG_008,pam,plpo_generic_7_BMH_MG_008.png,Generic Face gen_7_BMH_MG_008
plpo_generic_7_BMH_MG_020,7,gen_7_BMH_MG_020,pam,plpo_generic_7_BMH_MG_020.png,Generic Face gen_7_BMH_MG_020
plpo_generic_7_BMH_S_008,7,gen_7_BMH_S_008,pam,plpo_generic_7_BMH_S_008.png,Generic Face gen_7_BMH_S_008
plpo_generic_7_BMTH_N_003,7,gen_7_BMTH_N_003,pam,plpo_generic_7_BMTH_N_003.png,Generic Face gen_7_BMTH_N_003
plpo_generic_7_BMT_BM_012,7,gen_7_BMT_BM_012,pam,plpo_generic_7_BMT_BM_012.png,Generic Face gen_7_BMT_BM_012
plpo_generic_7_BMT_M_009,7,gen_7_BMT_M_009,pam,plpo_generic_7_BMT_M_009.png,Generic Face gen_7_BMT_M_009
plpo_generic_7_BTM_B_021,7,gen_7_BTM_B_021,pam,plpo_generic_7_BTM_B_021.png,Generic Face gen_7_BTM_B_021
plpo_generic_7_BTM_MG_006,7,gen_7_BTM_MG_006,pam,plpo_generic_7_BTM_MG_006.png,Generic Face gen_7_BTM_MG_006
plpo_generic_7_BTM_N_007,7,gen_7_BTM_N_007,pam,plpo_generic_7_BTM_N_007.png,Generic Face gen_7_BTM_N_007
plpo_generic_7_B_B_001,7,gen_7_B_B_001,pam,plpo_generic_7_B_B_001.png,Generic Face gen_7_B_B_001
plpo_generic_7_B_B_002,7,gen_7_B_B_002,pam,plpo_generic_7_B_B_002.png,Generic Face gen_7_B_B_002
plpo_generic_7_B_B_005,7,gen_7_B_B_005,pam,plpo_generic_7_B_B_005.png,Generic Face gen_7_B_B_005
plpo_generic_7_B_B_009,7,gen_7_B_B_009,pam,plpo_generic_7_B_B_009.png,Generic Face gen_7_B_B_009
plpo_generic_7_B_G_0010,7,gen_7_B_G_0010,pam,plpo_generic_7_B_G_0010.png,Generic Face gen_7_B_G_0010
plpo_generic_7_B_G_004,7,gen_7_B_G_004,pam,plpo_generic_7_B_G_004.png,Generic Face gen_7_B_G_004
plpo_generic_7_B_G_005,7,gen_7_B_G_005,pam,plpo_generic_7_B_G_005.png,Generic Face gen_7_B_G_005
plpo_generic_7_B_G_007,7,gen_7_B_G_007,pam,plpo_generic_7_B_G_007.png,Generic Face gen_7_B_G_007
plpo_generic_7_B_G_008,7,gen_7_B_G_008,pam,plpo_generic_7_B_G_008.png,Generic Face gen_7_B_G_008
plpo_generic_7_B_G_009,7,gen_7_B_G_009,pam,plpo_generic_7_B_G_009.png,Generic Face gen_7_B_G_009
plpo_generic_7_B_N_0010,7,gen_7_B_N_0010,pam,plpo_generic_7_B_N_0010.png,Generic Face gen_7_B_N_0010
plpo_generic_7_B_N_0011,7,gen_7_B_N_0011,pam,plpo_generic_7_B_N_0011.png,Generic Face gen_7_B_N_0011
plpo_generic_7_B_N_0012,7,gen_7_B_N_0012,pam,plpo_generic_7_B_N_0012.png,Generic Face gen_7_B_N_0012
plpo_generic_7_B_N_0013,7,gen_7_B_N_0013,pam,plpo_generic_7_B_N_0013.png,Generic Face gen_7_B_N_0013
plpo_generic_7_B_N_0014,7,gen_7_B_N_0014,pam,plpo_generic_7_B_N_0014.png,Generic Face gen_7_B_N_0014
plpo_generic_7_B_N_007,7,gen_7_B_N_007,pam,plpo_generic_7_B_N_007.png,Generic Face gen_7_B_N_007
plpo_generic_7_B_N_009,7,gen_7_B_N_009,pam,plpo_generic_7_B_N_009.png,Generic Face gen_7_B_N_009
plpo_generic_7_B_N_011,7,gen_7_B_N_011,pam,plpo_generic_7_B_N_011.png,Generic Face gen_7_B_N_011
plpo_generic_7_B_N_012,7,gen_7_B_N_012,pam,plpo_generic_7_B_N_012.png,Generic Face gen_7_B_N_012
plpo_generic_7_B_N_013,7,gen_7_B_N_013,pam,plpo_generic_7_B_N_013.png,Generic Face gen_7_B_N_013
plpo_generic_7_B_N_014,7,gen_7_B_N_014,pam,plpo_generic_7_B_N_014.png,Generic Face gen_7_B_N_014
plpo_generic_7_B_N_015,7,gen_7_B_N_015,pam,plpo_generic_7_B_N_015.png,Generic Face gen_7_B_N_015
plpo_generic_7_B_N_016,7,gen_7_B_N_016,pam,plpo_generic_7_B_N_016.png,Generic Face gen_7_B_N_016
plpo_generic_7_B_N_017,7,gen_7_B_N_017,pam,plpo_generic_7_B_N_017.png,Generic Face gen_7_B_N_017
plpo_generic_7_B_N_018,7,gen_7_B_N_018,pam,plpo_generic_7_B_N_018.png,Generic Face gen_7_B_N_018
plpo_generic_7_B_N_019,7,gen_7_B_N_019,pam,plpo_generic_7_B_N_019.png,Generic Face gen_7_B_N_019
plpo_generic_7_B_N_06,7,gen_7_B_N_06,pam,plpo_generic_7_B_N_06.png,Generic Face gen_7_B_N_06
plpo_generic_7_B_N_07,7,gen_7_B_N_07,pam,plpo_generic_7_B_N_07.png,Generic Face gen_7_B_N_07
plpo_generic_7_B_N_08,7,gen_7_B_N_08,pam,plpo_generic_7_B_N_08.png,Generic Face gen_7_B_N_08
plpo_generic_7_B_N_09,7,gen_7_B_N_09,pam,plpo_generic_7_B_N_09.png,Generic Face gen_7_B_N_09
plpo_generic_7_B_S_004,7,gen_7_B_S_004,pam,plpo_generic_7_B_S_004.png,Generic Face gen_7_B_S_004
plpo_generic_7_B_S_005,7,gen_7_B_S_005,pam,plpo_generic_7_B_S_005.png,Generic Face gen_7_B_S_005
plpo_generic_7_H_BD_03,7,gen_7_H_BD_03,pam,plpo_generic_7_H_BD_03.png,Generic Face gen_7_H_BD_03
plpo_generic_7_H_BMS_013,7,gen_7_H_BMS_013,pam,plpo_generic_7_H_BMS_013.png,Generic Face gen_7_H_BMS_013
plpo_generic_7_H_B_010,7,gen_7_H_B_010,pam,plpo_generic_7_H_B_010.png,Generic Face gen_7_H_B_010
plpo_generic_7_H_G_004,7,gen_7_H_G_004,pam,plpo_generic_7_H_G_004.png,Generic Face gen_7_H_G_004
plpo_generic_7_H_G_009,7,gen_7_H_G_009,pam,plpo_generic_7_H_G_009.png,Generic Face gen_7_H_G_009
plpo_generic_7_H_G_02,7,gen_7_H_G_02,pam,plpo_generic_7_H_G_02.png,Generic Face gen_7_H_G_02
plpo_generic_7_H_N_006,7,gen_7_H_N_006,pam,plpo_generic_7_H_N_006.png,Generic Face gen_7_H_N_006
plpo_generic_7_H_N_01,7,gen_7_H_N_01,pam,plpo_generic_7_H_N_01.png,Generic Face gen_7_H_N_01
plpo_generic_7_M_BD_01,7,gen_7_M_BD_01,pam,plpo_generic_7_M_BD_01.png,Generic Face gen_7_M_BD_01
plpo_generic_7_M_BD_02,7,gen_7_M_BD_02,pam,plpo_generic_7_M_BD_02.png,Generic Face gen_7_M_BD_02
plpo_generic_7_M_BM_014,7,gen_7_M_BM_014,pam,plpo_generic_7_M_BM_014.png,Generic Face gen_7_M_BM_014
plpo_generic_7_M_B_01,7,gen_7_M_B_01,pam,plpo_generic_7_M_B_01.png,Generic Face gen_7_M_B_01
plpo_generic_7_M_GS_015,7,gen_7_M_GS_015,pam,plpo_generic_7_M_GS_015.png,Generic Face gen_7_M_GS_015
plpo_generic_7_M_G_004,7,gen_7_M_G_004,pam,plpo_generic_7_M_G_004.png,Generic Face gen_7_M_G_004
plpo_generic_7_M_G_005,7,gen_7_M_G_005,pam,plpo_generic_7_M_G_005.png,Generic Face gen_7_M_G_005
plpo_generic_7_M_MB_009,7,gen_7_M_MB_009,pam,plpo_generic_7_M_MB_009.png,Generic Face gen_7_M_MB_009
plpo_generic_7_M_MG_025,7,gen_7_M_MG_025,pam,plpo_generic_7_M_MG_025.png,Generic Face gen_7_M_MG_025
plpo_generic_7_M_N_001,7,gen_7_M_N_001,pam,plpo_generic_7_M_N_001.png,Generic Face gen_7_M_N_001
plpo_generic_7_M_N_005,7,gen_7_M_N_005,pam,plpo_generic_7_M_N_005.png,Generic Face gen_7_M_N_005
plpo_generic_7_M_N_006,7,gen_7_M_N_006,pam,plpo_generic_7_M_N_006.png,Generic Face gen_7_M_N_006
plpo_generic_7_M_N_024,7,gen_7_M_N_024,pam,plpo_generic_7_M_N_024.png,Generic Face gen_7_M_N_024
plpo_generic_7_T_B_006,7,gen_7_T_B_006,pam,plpo_generic_7_T_B_006.png,Generic Face gen_7_T_B_006
plpo_generic_7_T_G_004,7,gen_7_T_G_004,pam,plpo_generic_7_T_G_004.png,Generic Face gen_7_T_G_004
plpo_generic_7_T_G_007,7,gen_7_T_G_007,pam,plpo_generic_7_T_G_007.png,Generic Face gen_7_T_G_007
plpo_generic_7_T_N_001,7,gen_7_T_N_001,pam,plpo_generic_7_T_N_001.png,Generic Face gen_7_T_N_001
plpo_generic_7_T_N_009,7,gen_7_T_N_009,pam,plpo_generic_7_T_N_009.png,Generic Face gen_7_T_N_009
plpo_generic_7_T_S_004,7,gen_7_T_S_004,pam,plpo_generic_7_T_S_004.png,Generic Face gen_7_T_S_004