PID,Player Name,Type,Portrait
3314,Xavier Henderson,generic,HendersonXavier_22231
3315,Cooper Hodges,generic,HodgesCooper_23275
3319,Malik Herring,generic,HerringMalik_21685
3322,Brock Hoffman,generic,HoffmanBrock_22426
3408,Timmy Horne,generic,HorneTimmy_22540
3411,Dennis Houston,generic,HoustonDennis_22590
4343,James Carpenter,generic,CarpenterJames_10658
4356,Andy Dalton,generic,DaltonAndy_10439
4375,Lawrence Guy Sr,generic,GuyLawrence_10734
4384,Cameron Heyward,generic,HeywardCameron_10698
4385,Jacob Hummel,generic,HummelJake_22636
4404,Cameron Jordan,generic,JordanCameron_10697
4419,Xavier Hutchinson,generic,HutchinsonXavier_22769
4432,Von Miller,generic,MillerVon_10737
4447,DJ Ivey,generic,IveyDJ_23282
4490,Tyrod Taylor,generic,TaylorTyrod_10583
4501,Rakim Jarrett,generic,JarrettRakim_22773
4509,Brandon Johnson,generic,JohnsonBrandon_22673
4521,Desjuan Johnson,generic,JohnsonDesjuan_23284
4542,Quindell Johnson,generic,JohnsonQuindell_23066
4555,Kingsley Jonathan,generic,JonathanKingsley_22645
4558,Caleb Jones,generic,JonesCaleb_22534
4568,Manny Jones,generic,JonesManny_22548
4572,Tim Jones,generic,JonesTim_22607
4578,Vi Jones,generic,JonesVi_22683
4586,Lewis Kidd,generic,KiddLewis_22544
4591,Brandon Kipper,generic,KipperBrandon_22881
4594,Jaxson Kirkland,generic,KirklandJaxson_22872
4611,Kader Kohou,generic,KohouKader_22638
4613,Morgan Cox,generic,CoxMorgan_10551
4616,Matt Landers,generic,LandersMatt_23132
4624,Raheem Layne,generic,LayneRaheem_22594
4648,Atonio Mafi,generic,MafiAtonio_22870
4651,Sean Maginn,generic,MaginnSean_23302
4667,Malaesala Aumavae-Laulu,generic,AumavaeLauluMalaesala_22885
4670,Marte Mapu,generic,MapuMarte_23262
4674,Brodric Martin,generic,MartinBrodric_22942
4679,Jordan Mason,generic,MasonJordan_22332
4689,Scott Matlock,generic,MatlockScott_23268
4700,Tristin McCollum,generic,McCollumTristin_22509
4706,J.J. Jansen,generic,JansenJJ_10539
4711,Lance McCutcheon,generic,McCutcheonLance_22596
4725,Aubrey Miller,generic,MillerJrAubrey_23008
4736,Keaton Mitchell,generic,MitchellKeaton_23134
4741,Quintin Morris,generic,MorrisQuintin_21625
4759,Antonio Moultrie,generic,MoultrieAntonio_23322
4777,Tiawan Mullen,generic,MullenTiawan_23049
4785,Puka Nacua,generic,NacuaPuka_22811
4792,Ryan Neuzil,generic,NeuzilRyan_21846
4797,Sam Okuayinonu,generic,OkuayinonuSam_22661
4804,Blake Grupe,generic,GrupeBlake_23337
4806,Henry Pearson,generic,PearsonHenry_23300
4821,Alex Pihlstrom,generic,PihlstromAlex_23313
4848,Brandon Pili,generic,PiliBrandon_23298
4849,Tyson Bagent,generic,BagentTyson_22900
4878,Isaiah Pola-Mao,generic,PolaMaoIsaiah_22241
4902,Kendric Pryor,generic,PryorKendric_22646
4907,Jerrick Reed II,generic,ReedIIJerrick_23267
4910,Chris Rodriguez Jr,generic,RodriguezJrChris_22737
4913,Armani Rogers,generic,RogersArmani_22350
4918,J.J. Russell,generic,RussellJJ_22669
4924,Brenden Schooler,generic,SchoolerBrenden_22640
4928,Rashid Shaheed,generic,ShaheedRashid_22666
4947,Nick Bellore,generic,BelloreNick_10939
4953,Josh Sills,generic,SillsJosh_22643
4958,Jacob Slade,generic,SladeJacob_22967
4973,Keidron Smith,generic,SmithKeidron_23299
4976,Xavier Smith,generic,SmithXavier_23311
4979,Colby Sorsdal,generic,SorsdalColby_23264
4991,Ameer Speed,generic,SpeedAmeer_23272
5009,Chris Stoll,generic,StollChris_23286
5015,Ryan Stonehouse,generic,StonehouseRyan_21862
5023,Bryan Anger,generic,AngerBryan_11594
5032,Jonah Tavai,generic,TavaiJonah_22947
5038,Kelvin Beachum,generic,BeachumKelvin_11673
5039,Kadeem Telfort,generic,TelfortKadeem_22902
5049,A.J. Thomas,generic,ThomasAJ_22672
5104,Keir Thomas,generic,ThomasKeir_22637
5117,Kirk Cousins,generic,CousinsKirk_11215
5125,BJ Thompson,generic,ThompsonBJ_22956
5132,Demario Davis,generic,DavisDemario_11555
5133,Lavonte David,generic,DavidLavonte_11306
5161,Austin Trammell,generic,TrammellAustin_23308
5178,Kobie Turner,generic,TurnerKobie_22933
5184,Stephon Gilmore,generic,GilmoreStephon_11436
5199,Alama Uluave,generic,UluaveAlama_23297
5205,Zach VanValkenburg,generic,VanvalkenburgZach_22159
5211,Jalen Virgil,generic,VirgilJalen_22631
5218,Josh Harris,generic,HarrisJosh_11807
5221,Raymond Vohasek,generic,VohasekRaymond_23276
5263,Daniel Whelan,generic,WhelanDaniel_23301
5294,Case Keenum,generic,KeenumCase_11222
5298,Dresser Winn,generic,WinnDresser_23309
5312,Trey Wolff,generic,WolffTrey_23316
5323,Samuel Womack III,generic,WomackSamuel_22486
5355,Jake McQuaide,generic,McQuaideJake_10983
5485,Harrison Smith,generic,SmithHarrison_11440
5566,Russell Wilson,generic,WilsonRussell_11217
5582,Kevin Zeitler,generic,ZeitlerKevin_11489
5654,Keenan Allen,generic,AllenKeenan_505
5710,Aaron Brewer,generic,BrewerAaron_11836
5790,Zach Ertz,generic,ErtzZach_857
5815,William Gholston,generic,GholstonWilliam_11882
5846,Johnathan Hankins,generic,HankinsJohnathan_1088
5860,Johnny Hekker,generic,HekkerJohnny_11695
5873,DeAndre Hopkins,generic,HopkinsDeAndre_506
5874,Dustin Hopkins,generic,HopkinsDustin_11941
5895,John Jenkins,generic,JenkinsJohn_1073
5902,Lane Johnson,generic,JohnsonLane_927
5920,Travis Kelce,generic,KelceTravis_890
5975,Rodney McLeod Jr,generic,McLeodJrRodney_11813
6017,Cordarrelle Patterson,generic,PattersonCordarrelle_498
6030,David Quessenberry,generic,QuessenberryDavid_1732
6050,Micah Abernathy,generic,AbernathyMicah_22647
6051,Dee Alford,generic,AlfordDee_22628
6052,Jaquan Amos,generic,AmosJaquan_23323
6053,Jalen Cropper,generic,CropperJalen_22783
6054,Lew Nichols,generic,NicholsIIILew_23278
6055,Benton Whitley,generic,WhitleyBenton_22659
6056,Emanuel Wilson,generic,WilsonEmanuel_23335
6078,Geno Smith,generic,SmithGeno_112
6131,Justin Tucker,generic,TuckerJustin_11814
6134,Greg Van Roten,generic,VanRotenGreg_11842
6138,Bobby Wagner,generic,WagnerBobby_11567
6149,Jon Weeks,generic,WeeksJon_10577
6180,Robert Woods,generic,WoodsRobert_521
6182,Greg Zuerlein,generic,ZuerleinGreg_11598
6273,Darius Slay Jr,generic,SlayJrDarius_1426
6299,Aaron Rodgers,generic,RodgersAaron_26668
6302,Matthew Stafford,generic,StaffordMatthew_20051
6322,Jordan Poyer,generic,PoyerJordan_12280
6328,Davante Adams,generic,AdamsDavante_10823
6340,Odell Beckham Jr,generic,BeckhamJrOdell_10829
6346,Joel Bitonio,generic,BitonioJoel_10831
6353,Chris Boswell,generic,BoswellChris_2262
6359,Teddy Bridgewater,generic,BridgewaterTeddy_10837
6380,Jadeveon Clowney,generic,ClowneyJadeveon_10845
6386,Brandin Cooks,generic,CooksBrandin_10847
6407,Mike Evans,generic,EvansMike_10857
6416,Cameron Fleming,generic,FlemingCameron_2091
6429,Jimmy Garoppolo,generic,GaroppoloJimmy_10866
6474,DaQuan Jones,generic,JonesDaQuan_12336
6487,DeMarcus Lawrence,generic,LawrenceDeMarcus_11079
6498,Cornelius Lucas III,generic,LucasCornelius_2308
6504,Khalil Mack,generic,MackKhalil_12344
6514,Jake Matthews,generic,MatthewsJake_12349
6515,Jordan Matthews,generic,MatthewsJordan_12350
6531,Morgan Moses,generic,MosesMorgan_12361
6542,Pat O'Donnell,generic,ODonnellPat_2002
6547,Kurt Hinish,generic,HinishKurt_22634
6548,Mike Pennel,generic,PennelMike_2276
6570,Allen Robinson II,generic,RobinsonAllen_12374
6576,Cairo Santos,generic,SantosCairo_2200
6588,Chris Smith,generic,SmithChris_1535
6620,Brent Urban,generic,UrbanBrent_2109
6626,Jimmie Ward,generic,WardJimmie_12389
6649,Sam Martin,generic,MartinSam_11938
6652,Kyle Van Noy,generic,VanNoyKyle_12387
6702,Tashaun Gipson Sr,generic,GipsonTashaun_11818
6728,Tony Jefferson,generic,JeffersonTony_9879
6869,Kyle Juszczyk,generic,JuszczykKyle_1599
6896,Chris Hubbard,generic,HubbardChris_2254
6913,Adam Thielen,generic,ThielenAdam_2280
6979,Marcus Mariota,generic,MariotaMarcus_19983
6980,Jameis Winston,generic,WinstonJameis_19982
6981,Ameer Abdullah,generic,AbdullahAmeer_2402
6985,Nelson Agholor,generic,AgholorNelson_2442
6989,Kwon Alexander,generic,AlexanderKwon_2567
7003,Arik Armstead,generic,ArmsteadArik_2533
7005,Denico Autry,generic,AutryDenico_2366
7020,Angelo Blackson,generic,BlacksonAngelo_2616
7034,Michael Burton,generic,BurtonMichael_2431
7040,Joe Cardona,generic,CardonaJoe_2605
7056,La'el Collins,generic,CollinsLael_2499
7066,Jamison Crowder,generic,CrowderJamison_2450
7071,Carl Davis,generic,DavisCarl_2547
7080,Andrew DePaola,generic,DePaolaAndrew_2279
7084,Quandre Diggs,generic,DiggsQuandre_2634
7085,Stefon Diggs,generic,DiggsStefon_2454
7089,Phillip Dorsett II,generic,DorsettPhillip_2443
7095,Bud Dupree,generic,DupreeBud_2532
7099,Mario Edwards Jr,generic,EdwardsJrMario_2537
7120,Dante Fowler Jr,generic,FowlerJrDante_2528
7134,Mark Glowinski,generic,GlowinskiMark_2520
7136,Eddie Goldman,generic,GoldmanEddie_2546
7164,Shelby Harris,generic,HarrisShelby_2099
7166,Rob Havenstein,generic,HavensteinRob_2512
7169,Taylor Heinicke,generic,HeinickeTaylor_2392
7177,D.J. Humphries,generic,HumphriesDJ_2500
7179,Danielle Hunter,generic,HunterDanielle_2540
7185,Grady Jarrett,generic,JarrettGrady_2549
7200,Eric Kendricks,generic,KendricksEric_2559
7214,Tyler Lockett,generic,LockettTyler_2448
7225,Shaq Mason,generic,MasonShaq_2523
7233,Bobby McCain,generic,McCainBobby_2629
7240,Brandon McManus,generic,McManusBrandon_2278
7272,Andrus Peat,generic,PeatAndrus_2498
7276,Denzel Perryman,generic,PerrymanDenzel_2560
7279,Jordan Phillips,generic,PhillipsJordan_2548
7281,Bradley Pinion,generic,PinionBradley_2604
7287,MyCole Pruitt,generic,PruittMyCole_2485
7332,Preston Smith,generic,SmithPreston_2534
7335,Za'Darius Smith,generic,SmithZaDarius_2554
7352,Shaq Thompson,generic,ThompsonShaq_2562
7355,Laken Tomlinson,generic,TomlinsonLaken_2507
7358,C.J. Uzomah,generic,UzomahCJ_2496
7365,Darren Waller,generic,WallerDarren_2457
7370,Tress Way,generic,WayTress_2335
7381,Leonard Williams,generic,WilliamsLeonard_2527
7422,Trent Brown,generic,BrownTrent_2661
7477,C.J. Goodwin,generic,GoodwinCJ_2700
7492,Bobby Hart,generic,HartBobby_2658
7502,Troy Hill,generic,HillTroy_2893
7563,Rakeem Nunez-Roches Sr,generic,NunezRochesRakeem_2688
7569,Michael Palardy,generic,PalardyMichael_12402
7614,Eric Tomlinson,generic,TomlinsonEric_2757
7649,David Andrews,generic,AndrewsDavid_2798
7656,Shaquil Barrett,generic,BarrettShaquil_2780
7712,Neville Hewitt,generic,HewittNeville_2816
7716,Charley Hughlett,generic,HughlettCharley_2769
7736,Kendall Lamm,generic,LammKendall_2807
7742,Rick Lovato,generic,LovatoRick_2898
7768,Raheem Mostert,generic,MostertRaheem_2832
7773,Jason Myers,generic,MyersJason_2772
7781,Patrick Scales,generic,ScalesPatrick_2882
7805,Trevor Siemian,generic,SiemianTrevor_2691
7823,Geoff Swaim,generic,SwaimGeoff_2680
7854,James Winchester,generic,WinchesterJames_2725
7876,Brandon Allen,generic,AllenBrandon_17606
7880,Robbie Chosen,generic,AndersonRobby_17960
7883,Eli Apple,generic,AppleEli_17653
7889,Will Levis,generic,LevisWill_22687
7891,Vonn Bell,generic,BellVonn_17654
7895,Andrew Billings,generic,BillingsAndrew_17655
7902,Joey Bosa,generic,BosaJoey_17537
7903,Tyler Boyd,generic,BoydTyler_17593
7905,James Bradberry IV,generic,BradberryJames_17825
7908,Jake Brendel,generic,BrendelJake_17912
7911,Jacoby Brissett,generic,BrissettJacoby_17566
7914,Anthony Brown,generic,BrownAnthony_17704
7920,DeForest Buckner,generic,BucknerDeForest_17542
7921,Jonathan Bullard,generic,BullardJonathan_17656
7924,Artie Burns,generic,BurnsArtie_17657
7926,Deon Bush,generic,BushDeon_17751
7928,Kevin Byard III,generic,ByardKevin_17752
7935,De'Vondre Campbell,generic,CampbellDeVondre_17784
7947,Kenny Clark,generic,ClarkKenny_17661
7948,Le'Raven Clark,generic,ClarkLeRaven_17662
7953,Maliek Collins,generic,CollinsMaliek_17738
7954,Jack Conklin,generic,ConklinJack_17663
7971,Sheldon Day,generic,DaySheldon_17739
7974,Taylor Decker,generic,DeckerTaylor_17665
7978,Riley Dixon,generic,DixonRiley_17818
7986,Jeff Driskel,generic,DriskelJeff_17568
7993,Ezekiel Elliott,generic,ElliottEzekiel_17547
7996,Alex Erickson,generic,EricksonAlex_18001
8000,Ka'imi Fairbairn,generic,FairbairnKaimi_17759
8005,Leonard Floyd,generic,FloydLeonard_17554
8013,Kendall Fuller,generic,FullerKendall_17668
8019,Graham Glasgow,generic,GlasgowGraham_17700
8021,Jared Goff,generic,GoffJared_17540
8023,Adam Gotsis,generic,GotsisAdam_17740
8025,Jakeem Grant Sr,generic,GrantJakeem_17620
8029,Kamu Grugier-Hill,generic,GrugierHillKamu_17852
8035,Javon Hargrave,generic,HargraveJavon_17670
8045,Derrick Henry,generic,HenryDerrick_17557
8046,Hunter Henry,generic,HenryHunter_17643
8050,Tyler Higbee,generic,HigbeeTyler_17644
8052,Tyreek Hill,generic,HillTyreek_17838
8057,Austin Hooper,generic,HooperAustin_17645
8063,Germain Ifedi,generic,IfediGermain_17673
8072,Quinton Jefferson,generic,JeffersonQuinton_17834
8075,Austin Johnson,generic,JohnsonAustin_17742
8082,Chris Jones,generic,JonesChris_17676
8084,Deion Jones,generic,JonesDeion_17677
8085,Jonathan Jones,generic,JonesJonathan_17711
8088,Matthew Judon,generic,JudonMatthew_17728
8089,Ted Karras,generic,KarrasTed_17860
8094,Ryan Kelly,generic,KellyRyan_17679
8096,Miles Killebrew,generic,KillebrewMiles_17756
8107,Shaq Lawson,generic,LawsonShaq_17551
8119,Dean Lowry,generic,LowryDean_17731
8131,Tyler Matakevich,generic,MatakevichTyler_17872
8149,Jalen Mills,generic,MillsJalen_17682
8153,Chris Moore,generic,MooreChris_17628
8157,Eric Murray,generic,MurrayEric_17713
8162,Yannick Ngakoue,generic,NgakoueYannick_17734
8168,Emmanuel Ogbah,generic,OgbahEmmanuel_17686
8169,David Onyemata,generic,OnyemataDavid_17829
8179,Dak Prescott,generic,PrescottDak_17567
8185,Jalen Ramsey,generic,RamseyJalen_17538
8186,Sheldon Rankins,generic,RankinsSheldon_17550
8187,D.J. Reader,generic,ReaderDJ_17746
8191,Jarran Reed,generic,ReedJarran_17688
8195,Elandon Roberts,generic,RobertsElandon_17854
8196,Roy Robertson-Harris,generic,RobertsonHarrisRoy_17897
8197,A'Shawn Robinson,generic,RobinsonAShawn_17562
8198,Demarcus Robinson,generic,RobinsonDemarcus_17600
8199,Keeanu Benton,generic,BentonKeeanu_22934
8208,Isaac Seumalo,generic,SeumaloIsaac_17776
8213,Sterling Shepard,generic,ShepardSterling_17592
8214,Justin Simmons,generic,SimmonsJustin_17758
8218,Jaylon Smith,generic,SmithJaylon_17544
8225,Ronnie Stanley,generic,StanleyRonnie_17545
8226,Nate Sudfeld,generic,SudfeldNate_17573
8235,Joe Thuney,generic,ThuneyJoe_17777
8238,Laquon Treadwell,generic,TreadwellLaquon_17555
8241,Laremy Tunsil,generic,TunsilLaremy_17541
8246,Nick Vannett,generic,VannettNick_17651
8247,Nick Vigil,generic,VigilNick_17765
8251,Jihad Ward,generic,WardJihad_17692
8256,Stephen Weatherly,generic,WeatherlyStephen_17789
8258,Carson Wentz,generic,WentzCarson_17543
8262,Cody Whitehair,generic,WhitehairCody_17694
8265,Tanner McKee,generic,McKeeTanner_22712
8269,Daryl Worley,generic,WorleyDaryl_17724
8319,George Fant,generic,FantGeorge_12448
8325,Morgan Fox,generic,FoxMorgan_12512
8336,Antonio Hamilton Sr,generic,HamiltonAntonio_12418
8363,Casey Kreiter,generic,KreiterCasey_17900
8369,Yasir Abdullah,generic,AbdullahYasir_22984
8374,Wil Lutz,generic,LutzWil_12405
8375,Chris Manhertz,generic,ManhertzChris_12426
8392,Tyler Ott,generic,OttTyler_12498
8394,Kyle Peko,generic,PekoKyle_12410
8402,Kalif Raymond,generic,RaymondKalif_12493
8407,Luke Rhodes,generic,RhodesLuke_12504
8421,Kevon Seymour,generic,SeymourKevon_17858
8456,DeShawn Williams,generic,WilliamsDeShawn_12437
8463,Jamal Adams,generic,AdamsJamal_12524
8464,Montravius Adams,generic,AdamsMontravius_12639
8469,Alex Anzalone,generic,AnzaloneAlex_12613
8471,Chidobe Awuzie,generic,AwuzieChidobe_12587
8472,Budda Baker,generic,BakerBudda_12549
8475,Derek Barnett,generic,BarnettDerek_12530
8477,C.J. Beathard,generic,BeathardCJ_12652
8482,Garett Bolles,generic,BollesGarett_12545
8486,Tyus Bowser,generic,BowserTyus_12619
8492,Noah Brown,generic,BrownNoah_12645
8493,Pharaoh Brown,generic,BrownPharaoh_12673
8495,Daniel Brunskill,generic,BrunskillDaniel_12753
8498,Harrison Butker,generic,ButkerHarrison_12863
8507,Chuck Clark,generic,ClarkChuck_12785
8513,Aviante Collins,generic,CollinsAviante_12761
8515,James Conner,generic,ConnerJames_12664
8516,Dalvin Cook,generic,CookDalvin_12523
8519,Zach Cunningham,generic,CunninghamZach_12581
8522,Julie'n Davenport,generic,DavenportJulien_12712
8529,Dion Dawkins,generic,DawkinsDion_12622
8533,Joshua Dobbs,generic,DobbsJoshua_12708
8535,Rasul Douglas,generic,DouglasRasul_12609
8541,Pat Elflein,generic,ElfleinPat_12582
8542,Jake Elliott,generic,ElliottJake_12809
8544,Jermaine Eluemunor,generic,EluemunorJermaine_12600
8545,Evan Engram,generic,EngramEvan_12589
8549,Gerald Everett,generic,EverettGerald_12583
8550,Dan Feeney,generic,FeeneyDan_12641
8553,Rudy Ford,generic,FordRudy_12693
8554,D'Onta Foreman,generic,ForemanDOnta_12569
8560,Myles Garrett,generic,GarrettMyles_12520
8566,Davon Godchaux,generic,GodchauxDavon_12719
8567,Chris Godwin Jr,generic,GodwinChris_12614
8569,Zane Gonzalez,generic,GonzalezZane_12821
8570,Shaquill Griffin,generic,GriffinShaquill_12829
8574,Sean Harlow,generic,HarlowSean_12778
8575,Charles Harris,generic,HarrisCharles_12550
8581,Trey Hendrickson,generic,HendricksonTrey_12692
8590,Mack Hollins,generic,HollinsMack_12665
8592,Malik Hooker,generic,HookerMalik_12527
8595,Marlon Humphrey,generic,HumphreyMarlon_12544
8597,Kareem Hunt,generic,HuntKareem_12633
8599,Adoree' Jackson,generic,JacksonAdoree_12563
8600,Eddie Jackson,generic,JacksonEddie_12634
8601,Rayshawn Jenkins,generic,JenkinsRayshawn_12690
8606,John Johnson III,generic,JohnsonJohn_12611
8608,Cameron Johnston,generic,JohnstonCameron_12823
8609,Aaron Jones Sr,generic,JonesAaron_12748
8610,D.J. Jones,generic,JonesDJ_12824
8611,Zay Jones,generic,JonesZay_12564
8617,Alvin Kamara,generic,KamaraAlvin_12551
8618,Damontae Kazee,generic,KazeeDamontae_12594
8620,Desmond King II,generic,KingDesmond_12570
8621,Kevin King,generic,KingKevin_12603
8622,George Kittle,generic,KittleGeorge_12836
8625,Tanoh Kpassagnon,generic,KpassagnonTanoh_12660
8626,Cooper Kupp,generic,KuppCooper_12558
8632,Marshon Lattimore,generic,LattimoreMarshon_12528
8633,Carl Lawson,generic,LawsonCarl_12575
8635,Jeremiah Ledbetter,generic,LedbetterJeremiah_12851
8640,Corey Levin,generic,LevinCorey_12763
8641,Jourdan Lewis,generic,LewisJourdan_12555
8648,Patrick Mahomes,generic,MahomesIIPatrick_12635
8653,Arthur Maulet,generic,MauletArthur_12897
8654,Marcus Maye,generic,MayeMarcus_12577
8655,Christian McCaffrey,generic,McCaffreyChristian_12556
8656,Conor McDermott,generic,McDermottConor_12714
8659,Isaiah McKenzie,generic,McKenzieIsaiah_12702
8660,Takk McKinley,generic,McKinleyTakkarist_12538
8661,Raekwon McMillan,generic,McMillanRaekwon_12578
8662,Jeremy McNichols,generic,McNicholsJeremy_12720
8664,Matt Milano,generic,MilanoMatt_12781
8665,Fabian Moreau,generic,MoreauFabian_12724
8669,Taylor Moton,generic,MotonTaylor_12636
8670,Al-Quadin Muhammad,generic,MuhammadAlQuadin_12721
8674,David Njoku,generic,NjokuDavid_12532
8679,Dare Ogunbowale,generic,OgunbowaleDare_12799
8680,Larry Ogunjobi,generic,OgunjobiLarry_12604
8683,Zach Pascal,generic,PascalZach_12997
8684,Jabrill Peppers,generic,PeppersJabrill_12531
8685,Samaje Perine,generic,PerineSamaje_12627
8686,Nathan Peterman,generic,PetermanNathan_12612
8689,Ethan Pocic,generic,PocicEthan_12644
8696,Haason Reddick,generic,ReddickHaason_12560
8698,Jalen Reeves-Maybin,generic,ReevesMaybinJalen_12832
8700,Josh Reynolds,generic,ReynoldsJosh_12662
8701,Duke Riley,generic,RileyDuke_12617
8702,Derek Rivers,generic,RiversDerek_12718
8705,Cam Robinson,generic,RobinsonCam_12557
8711,John Ross,generic,RossJohn_12539
8714,Cooper Rush,generic,RushCooper_12931
8716,Curtis Samuel,generic,SamuelCurtis_12579
8717,Eric Saubert,generic,SaubertEric_12711
8722,David Sharpe,generic,SharpeDavid_12705
8727,Dan Skipper,generic,SkipperDan_12735
8728,Tanzel Smart,generic,SmartTanzel_12703
8729,JuJu Smith-Schuster,generic,SmithSchusterJuJu_12571
8731,Jonnu Smith,generic,SmithJonnu_12700
8732,Dawuane Smoot,generic,SmootDawuane_12596
8738,Cameron Sutton,generic,SuttonCameron_12580
8744,Trent Taylor,generic,TaylorTrent_12743
8750,Solomon Thomas,generic,ThomasSolomon_12526
8753,Dalvin Tomlinson,generic,TomlinsonDalvin_12595
8756,Mitchell Trubisky,generic,TrubiskyMitchell_12552
8764,Anthony Walker Jr,generic,WalkerJrAnthony_12598
8766,DeMarcus Walker,generic,WalkerDeMarcus_12572
8768,Carlos Watkins,generic,WatkinsCarlos_12599
8769,Deshaun Watson,generic,WatsonDeshaun_12561
8770,T.J. Watt,generic,WattTJ_12562
8775,Tre'Davious White,generic,WhiteTreDavious_12548
8777,Jamaal Williams,generic,WilliamsJamaal_12663
8779,Marcus Williams,generic,WilliamsMarcus_12573
8787,Deatrich Wise Jr,generic,WiseJrDeatrich_12607
8788,Ahkello Witherspoon,generic,WitherspoonAhkello_12828
8789,Xavier Woods,generic,WoodsXavier_12846
8790,Chris Wormley,generic,WormleyChris_12586
8793,Jonathan Allen,generic,AllenJonathan_12521
8795,Olasunkanmi Adeniyi,generic,AdeniyiOlasunkanmi_13280
8796,Jordan Akins,generic,AkinsJordan_13327
8797,Jaire Alexander,generic,AlexanderJaire_13109
8800,Josh Allen,generic,AllenJosh_13197
8802,Mark Andrews,generic,AndrewsMark_13112
8804,Dorance Armstrong,generic,ArmstrongJrDorance_13244
8808,Anthony Averett,generic,AverettAnthony_13248
8809,Genard Avery,generic,AveryGenard_13263
8810,Michael Badgley,generic,BadgleyMichael_13375
8811,Jerome Baker,generic,BakerJerome_13200
8813,Saquon Barkley,generic,BarkleySaquon_13085
8815,Jessie Bates III,generic,BatesIIIJessie_13202
8817,Nick Bawden,generic,BawdenNick_13458
8820,Braxton Berrios,generic,BerriosBraxton_13377
8826,Orlando Brown Jr,generic,BrownOrlando_13083
8827,Tony Brown II,generic,BrownTony_13380
8828,Taven Bryan,generic,BryanTaven_13096
8829,Oren Burks,generic,BurksOren_13196
8830,Deontay Burnett,generic,BurnettDeontay_13131
8832,Deon Cain,generic,CainDeon_13189
8836,Alex Cappa,generic,CappaAlex_13297
8838,Daniel Carlson,generic,CarlsonDaniel_13382
8841,Andre Chachere,generic,ChachereAndre_13383
8843,D.J. Chark Jr,generic,CharkDJ_13255
8844,Geron Christian Sr,generic,ChristianGeron_13216
8845,Bradley Chubb,generic,ChubbBradley_13079
8846,Nick Chubb,generic,ChubbNick_13129
8848,Will Clapp,generic,ClappWill_13187
8852,Tyler Conklin,generic,ConklinTyler_13336
8853,Austin Corbett,generic,CorbettAustin_13177
8858,Dane Cruikshank,generic,CruikshankDane_13274
8859,James Daniels,generic,DanielsJames_13137
8861,Sam Darnold,generic,DarnoldSam_13097
8862,Marcus Davenport,generic,DavenportMarcus_13102
8864,Carlton Davis III,generic,DavisCarlton_13171
8866,Dee Delaney,generic,DelaneyDee_13387
8869,Matt Dickerson,generic,DickersonMatt_13390
8870,Michael Dickson,generic,DicksonMichael_13391
8871,Will Dissly,generic,DisslyWill_13392
8873,Chase Edmonds,generic,EdmondsChase_13341
8874,Terrell Edmunds,generic,EdmundsTerrell_13361
8875,Tremaine Edmunds,generic,EdmundsTremaine_13119
8877,DeShon Elliott,generic,ElliottDeshon_13154
8880,Rashaan Evans,generic,EvansRashaan_13132
8884,Folorunso Fatukasi,generic,FatukasiFolorunso_13294
8887,Minkah Fitzpatrick,generic,FitzpatrickMinkah_13084
8890,Tre Flowers,generic,FlowersTre_13299
8892,John Franklin-Myers,generic,FranklinJohn_13356
8895,Royce Freeman,generic,FreemanRoyce_13121
8897,Michael Gallup,generic,GallupMichael_13108
8898,Nick Gates,generic,GatesNick_13364
8900,Mike Gesicki,generic,GesickiMike_13192
8901,Dallas Goedert,generic,GoedertDallas_13128
8904,Rasheem Green,generic,GreenRasheem_13168
8910,Da'Shawn Hand,generic,HandDaShawn_13241
8914,Ronnie Harrison Jr,generic,HarrisonRonnie_13163
8915,Marquis Haynes Sr,generic,HaynesMarquis_13214
8920,Will Hernandez,generic,HernandezWill_13114
8923,B.J. Hill,generic,HillBJ_13160
8925,Nyheim Miller-Hines,generic,HinesNyheim_13268
8927,Jalyn Holmes,generic,HolmesJalyn_13239
8929,Mike Hughes,generic,HughesMike_13148
8930,Hayden Hurst,generic,HurstHayden_13256
8931,Maurice Hurst,generic,HurstMaurice_13086
8933,Joel Iyiegbuniwe,generic,IyiegbuniweJoel_13279
8936,Donte Jackson,generic,JacksonDonte_13169
8937,JC Jackson,generic,JacksonJC_13406
8940,Lamar Jackson,generic,JacksonLamar_13092
8943,Derwin James Jr,generic,JamesDerwin_13080
8945,Malik Jefferson,generic,JeffersonMalik_13147
8946,Josey Jewell,generic,JewellJosey_13249
8949,Taron Johnson,generic,JohnsonTaron_13348
8950,Jaryd Jones-Smith,generic,JonesSmithJaryd_13410
8952,Jamarco Jones,generic,JonesJamarco_13181
8953,Justin Jones,generic,JonesJustin_13210
8959,John Kelly Jr,generic,KellyJohn_13226
8961,Arden Key,generic,KeyArden_13120
8963,Christian Kirk,generic,KirkChristian_13186
8966,Harold Landry III,generic,LandryHarold_13172
8969,Allen Lazard,generic,LazardAllen_13260
8973,Tyquan Lewis,generic,LewisTyquan_13232
8977,Avonte Maddox,generic,MaddoxAvonte_13332
8982,Baker Mayfield,generic,MayfieldBaker_13117
8983,Ray-Ray McCloud III,generic,McCloudRayRay_13362
8987,Mike McGlinchey,generic,McGlincheyMike_13116
8992,Anthony Miller,generic,MillerAnthony_13111
8993,Kolton Miller,generic,MillerKolton_13098
8995,DJ Moore,generic,MooreDJ_13184
9000,Siran Neal,generic,NealSiran_13323
9002,Quenton Nelson,generic,NelsonQuenton_13081
9003,Bilal Nichols,generic,NicholsBilal_13424
9004,Parry Nickerson,generic,NickersonParry_13271
9005,Derrick Nnadi,generic,NnadiDerrick_13136
9007,Joe Noteboom,generic,NoteboomJoseph_13190
9008,Uchenna Nwosu,generic,NwosuUchenna_13145
9010,Brian O'Neill,generic,ONeillBrian_13257
9011,Chukwuma Okorafor,generic,OkoraforChukwuma_13099
9012,Ogbo Okoronkwo,generic,OkoronkwoOgbonnia_13090
9013,Isaiah Oliver,generic,OliverIsaiah_13105
9014,Brandon Parker,generic,ParkerBrandon_13425
9016,Da'Ron Payne,generic,PayneDaRon_13104
9018,Dante Pettis,generic,PettisDante_13222
9022,Harrison Phillips,generic,PhillipsHarrison_13115
9024,Eddy Pineiro,generic,PineiroEddy_13428
9026,Byron Pringle,generic,PringleByron_13317
9029,Scott Quessenberry,generic,QuessenberryScott_13253
9034,D.J. Reed Jr,generic,ReedDJ_13159
9035,Justin Reid,generic,ReidJustin_13167
9038,Calvin Ridley,generic,RidleyCalvin_13113
9044,Mason Rudolph,generic,RudolphMason_13088
9050,Dalton Schultz,generic,SchultzDalton_13435
9052,JK Scott,generic,ScottJK_13436
9053,Deadrin Senat,generic,SenatDeadrin_13224
9055,Tim Settle Jr,generic,SettleTim_13123
9056,Coleman Shelton,generic,SheltonColeman_13195
9057,Nathan Shepherd,generic,ShepherdNathan_13188
9059,Andre Smith Jr,generic,SmithAndre_13439
9060,Braden Smith,generic,SmithBraden_13124
9061,Roquan Smith,generic,SmithRoquan_13082
9062,Tre'Quan Smith,generic,SmithTrequan_13152
9064,Durham Smythe,generic,SmytheDurham_13291
9065,Breeland Speaks,generic,SpeaksBreeland_13175
9066,Taylor Stallworth,generic,StallworthTaylor_13440
9067,Equanimeous St. Brown,generic,StBrownEquanimeous_13266
9068,M.J. Stewart Jr,generic,StewartMJ_13143
9069,Kentavius Street,generic,StreetKentavius_13441
9070,Greg Stroman,generic,StromanGreg_13140
9072,Courtland Sutton,generic,SuttonCourtland_13087
9073,Josh Sweat,generic,SweatJosh_13259
9076,Wyatt Teller,generic,TellerWyatt_13208
9078,Ian Thomas,generic,ThomasIan_13212
9080,Jordan Thomas,generic,ThomasJordan_13446
9086,Brett Toth,generic,TothBrett_13448
9089,Kemoko Turay,generic,TurayKemoko_13258
9091,Marquez Valdes-Scantling,generic,ValdesScantlingMarquez_13366
9093,Vita Vea,generic,VeaVita_13091
9097,Tracy Walker III,generic,WalkerTracy_13262
9098,Levi Wallace,generic,WallaceLevi_13166
9100,Denzel Ward,generic,WardDenzel_13101
9101,Fred Warner,generic,WarnerFred_13203
9110,Jordan Whitehead,generic,WhiteheadJordan_13179
9112,Kyzir White,generic,WhiteKyzir_13194
9113,Mike White,generic,WhiteMike_13250
9119,Cedrick Wilson Jr,generic,WilsonCedrick_13165
9121,Jeff Wilson Jr,generic,WilsonJrJeff_13363
9125,Logan Woodside,generic,WoodsideLogan_13234
9127,Isaiah Wynn,generic,WynnIsaiah_13118
9128,Isaac Yiadom,generic,YiadomIsaac_13245
9132,Jamal Agnew,generic,AgnewJamal_12838
9136,Eli Ankou,generic,AnkouEli_12960
9139,Alex Barrett,generic,BarrettAlex_12939
9145,Breon Borders,generic,BordersBreon_13025
9146,Kendrick Bourne,generic,BourneKendrick_12998
9151,Adam Butler,generic,ButlerAdam_12950
9158,Adrian Colbert,generic,ColbertAdrian_12861
9172,Michael Davis,generic,DavisMichael_13007
9177,Samson Ebukam,generic,EbukamSamson_12834
9179,Austin Ekeler,generic,EkelerAustin_12948
9183,Reid Ferguson,generic,FergusonReid_13039
9193,Matt Haack,generic,HaackMatt_12935
9195,C.J. Ham,generic,HamCJ_12967
9196,Justin Hardee Sr,generic,HardeeJustin_13004
9200,Thomas Hennessy,generic,HennessyThomas_12908
9202,Taysom Hill,generic,HillTaysom_12922
9203,Mike Hilton,generic,HiltonMike_12981
9204,Jacob Hollister,generic,HollisterJacob_12951
9239,Jaydon Mickens,generic,MickensJaydon_13029
9241,Joe Mixon,generic,MixonJoe_12625
9243,David Moore,generic,MooreDavid_12859
9244,Kenny Moore II,generic,MooreIIKenny_12965
9246,Nicholas Morrow,generic,MorrowNicholas_12975
9248,Johnny Mundt,generic,MundtJohnny_13038
9249,Calvin Munson,generic,MunsonCalvin_12966
9254,Storm Norton,generic,NortonStorm_13013
9255,Pat O'Connor,generic,OConnorPat_12872
9262,Lucas Patrick,generic,PatrickLucas_12973
9263,Tim Patrick,generic,PatrickTim_12903
9274,Patrick Ricard,generic,RicardPatrick_12959
9282,Rigoberto Sanchez,generic,SanchezRigoberto_12930
9293,Grover Stewart,generic,StewartGrover_12835
9302,Josh Tupou,generic,TupouJosh_13037
9312,Elijah Wilkinson,generic,WilkinsonElijah_13028
9318,Eric Wilson,generic,WilsonEric_12885
9322,Zach Wood,generic,WoodZach_12979
9325,Corey Bojorquez,generic,BojorquezCorey_13684
9326,Mike Boone,generic,BooneMike_13300
9327,Bradley Bozeman,generic,BozemanBradley_13133
9331,Logan Cooke,generic,CookeLogan_13484
9332,Keion Crossen,generic,CrossenKeion_13483
9333,Poona Ford,generic,FordPoona_13199
9337,Tre Herndon,generic,HerndonTre_13508
9340,Frankie Luvu,generic,LuvuFrankie_13628
9342,Jordan Mailata,generic,MailataJordan_13479
9343,Jacob Martin,generic,MartinJacob_13463
9344,Alex McGough,generic,McGoughAlex_13472
9345,Tarvarius Moore,generic,MooreTarvarius_13261
9347,Foyesade Oluokun,generic,OluokunFoyesade_13468
9349,Jason Sanders,generic,SandersJason_13478
9350,Boston Scott,generic,ScottBoston_13275
9351,Zach Sieler,generic,SielerZach_13481
9353,Tremon Smith,generic,SmithTremon_13467
9355,Justin Watson,generic,WatsonJustin_13322
9358,Johnathan Abram,generic,AbramJohnathan_20459
9361,Azeez Al-Shaair,generic,AlShaairAzeez_20688
9365,Josh Hines-Allen,generic,AllenJosh_20410
9366,Zach Allen,generic,AllenZach_20419
9368,Ugo Amadi,generic,AmadiUgochukwu_20623
9373,Jake Bailey,generic,BaileyJake_20480
9374,Zack Bailey,generic,BaileyZack_20660
9377,Corey Ballentine,generic,BallentineCorey_20454
9381,Cody Barton,generic,BartonCody_20692
9382,Jackson Barton,generic,BartonJackson_20669
9383,Ryan Bates,generic,BatesRyan_20538
9388,Marquise Blair,generic,BlairMarquise_20462
9390,Nick Bosa,generic,BosaNick_20565
9391,Kris Boyd,generic,BoydKris_20449
9392,Miles Boykin,generic,BoykinMiles_20643
9393,Garrett Bradbury,generic,BradburyGarrett_20372
9397,A.J. Brown,generic,BrownAJ_20495
9399,Jake Browning,generic,BrowningJake_20329
9402,Marquise Brown,generic,BrownMarquise_20497
9403,Austin Bryant,generic,BryantAustin_20575
9404,Isaiah Buggs,generic,BuggsIsaiah_20405
9405,Sean Murphy-Bunting,generic,MurphyBuntingSean_20608
9406,Brian Burns,generic,BurnsBrian_20566
9408,Devin Bush,generic,BushDevin_20583
9411,Yodny Cajuste,generic,CajusteYodny_20360
9413,Parris Campbell,generic,CampbellParris_20355
9415,Blake Cashman,generic,CashmanBlake_20693
9418,L.J. Collier,generic,CollierLJ_20422
9423,Byron Cowart,generic,CowartByron_20440
9426,Maxx Crosby,generic,CrosbyMaxx_20571
9435,Jamel Dean,generic,DeanJamel_20703
9436,Michael Deiter,generic,DeiterMichael_20371
9438,Andre Dillard,generic,DillardAndre_20368
9441,Tyrel Dodson,generic,DodsonTyrel_20597
9442,Greg Dortch,generic,DortchGreg_20574
9443,Keelan Doss,generic,DossKeelan_20434
9444,Ashton Dulin,generic,DulinAshton_20649
9446,Chuma Edoga,generic,EdogaChuma_20366
9447,David Edwards,generic,EdwardsDavid_20532
9448,Mike Edwards,generic,EdwardsMike_20457
9449,T.J. Edwards,generic,EdwardsTJ_20591
9452,Noah Fant,generic,FantNoah_20511
9455,Clelin Ferrell,generic,FerrellClelin_20567
9459,Cody Ford,generic,FordCody_20531
9460,Jack Fox,generic,FoxJack_20716
9461,Hjalte Froholdt,generic,HurstHayden_13256
9464,Greg Gaines,generic,GainesGreg_20408
9466,C.J. Gardner-Johnson,generic,GardnerJohnsonChauncey_20621
9467,Rashan Gary,generic,GaryRashan_20551
9468,Myles Gaskin,generic,GaskinMyles_20338
9469,Matt Gay,generic,GayMatt_20715
9471,Joe Giles-Harris,generic,GilesHarrisJoe_20584
9472,Kevin Givens,generic,GivensKevin_20682
9475,Carl Granderson,generic,GrandersonCarl_20417
9480,Dre Greenlaw,generic,GreenlawDre_20475
9481,Will Grier,generic,GrierWill_20330
9489,Mecole Hardman,generic,HardmanMecole_20508
9490,Kelvin Harmon,generic,HarmonKelvin_20498
9492,Will Harris,generic,HarrisWill_20466
9493,N'Keal Harry,generic,HarryNKeal_20496
9501,Justice Hill,generic,HillJustice_20490
9502,Trysten Hill,generic,HillTrysten_20561
9503,T.J. Hockenson,generic,HockensonTJ_20518
9505,Justin Hollins,generic,HollinsJustin_20572
9507,Travis Homer,generic,HomerTravis_20640
9508,Amani Hooker,generic,HookerAmani_20629
9509,Tytus Howard,generic,HowardTytus_20397
9510,Albert Huggins Jr,generic,HugginsJrAlbert_20683
9511,Lil'Jordan Humphrey,generic,HumphreyLilJordan_20501
9514,Alec Ingold,generic,IngoldAlec_20390
9515,Andy Isabella,generic,IsabellaAndy_20388
9518,Mike Jackson,generic,JacksonMichael_20607
9519,Tyree Jackson,generic,JacksonTyree_20428
9520,Josh Jacobs,generic,JacobsJosh_20488
9521,Andre James,generic,JamesAndre_20672
9524,Elgton Jenkins,generic,JenkinsElgton_20376
9529,Diontae Johnson,generic,JohnsonDiontae_20653
9530,Fred Johnson,generic,JohnsonFred_20664
9535,Lonnie Johnson Jr,generic,JohnsonJrLonnie_20452
9537,Daniel Jones,generic,JonesDaniel_20427
9538,Dre'Mont Jones,generic,JonesDreMont_20553
9541,Michael Jordan,generic,JordanMichael_20541
9546,Dawson Knox,generic,KnoxDawson_20523
9548,Dexter Lawrence II,generic,LawrenceDexter_20552
9551,Chris Lindstrom,generic,LindstromChris_20369
9553,Drew Lock,generic,LockDrew_20328
9555,David Long Jr,generic,LongDavid_20605
9556,David Long Jr,generic,LongJrDavid_20441
9558,Julian Love,generic,LoveJulian_20602
9562,Alexander Mattison,generic,MattisonAlexander_20641
9563,Erik McCoy,generic,McCoyErik_20437
9564,Kaleb McGary,generic,McGaryKaleb_20362
9565,Connor McGovern,generic,McGovernConnor_20665
9567,Terry McLaurin,generic,McLaurinTerry_20435
9569,D.K. Metcalf,generic,MetcalfDK_20353
9570,Jakobi Meyers,generic,MeyersJakobi_20433
9571,Joshua Miles,generic,MilesJoshua_20676
9573,Jordan Miller,generic,MillerJordan_20706
9575,Gardner Minshew,generic,MinshewIIGardner_20347
9577,David Montgomery,generic,MontgomeryDavid_20489
9579,Foster Moreau,generic,MoreauFoster_20393
9580,Stanley Morgan Jr,generic,MorganJrStanley_20351
9581,Trayvon Mullen Jr,generic,MullenTrayvon_20603
9582,Byron Murphy Jr,generic,MurphyByron_20599
9583,Kyler Murray,generic,MurrayKyler_20430
9586,Anthony Nelson,generic,NelsonAnthony_20439
9587,Yosh Nijman,generic,NijmanYosuah_20677
9588,Bobby Okereke,generic,OkerekeBobby_20425
9589,Ed Oliver,generic,OliverEd_20548
9590,Josh Oliver,generic,OliverJosh_20358
9591,Qadree Ollison,generic,OllisonQadree_20642
9592,Charles Omenihu,generic,OmenihuCharles_20403
9593,Sua Opeta,generic,OpetaSua_20666
9594,Amani Oruwariye,generic,OruwariyeAmani_20448
9598,Trey Pipkins III,generic,PipkinsTrey_20678
9600,Tony Pollard,generic,PollardTony_20473
9602,Ben Powers,generic,PowersBen_20400
9603,Germaine Pratt,generic,PrattGermaine_20424
9604,Isaiah Prince,generic,PrinceIsaiah_20367
9606,Taylor Rapp,generic,RappTaylor_20622
9608,Wyatt Ray,generic,RayWyatt_20569
9609,Sheldrick Redwine,generic,RedwineSheldrick_20461
9610,Hunter Renfrow,generic,RenfrowHunter_20356
9612,Dalton Risner,generic,RisnerDalton_20361
9615,Brett Rypien,generic,RypienBrett_20331
9617,Drew Sample,generic,SampleDrew_20395
9618,Deebo Samuel Sr,generic,SamuelDeebo_20348
9619,Miles Sanders,generic,SandersMiles_20492
9620,Khalen Saunders,generic,SaundersKhalen_20409
9621,Darnell Savage,generic,SavageJrDarnell_20458
9623,Max Scharping,generic,ScharpingMax_20364
9625,Austin Seibert,generic,SeibertAustin_20482
9626,Kendall Sheffield,generic,SheffieldKendall_20612
9628,David Sills V,generic,SillsVDavid_20350
9629,Devin Singletary,generic,SingletaryDevin_20491
9631,Darius Slayton,generic,SlaytonDarius_20655
9633,Irv Smith Jr,generic,SmithJrIrv_20519
9640,Easton Stick,generic,StickEaston_20335
9641,Jarrett Stidham,generic,StidhamJarrett_20381
9642,Ty Summers,generic,SummersTy_20698
9643,Montez Sweat,generic,SweatMontez_20411
9644,Tommy Sweeney,generic,SweeneyTommy_20359
9647,Sione Takitaki,generic,TakitakiSione_20487
9649,Jahlani Tavai,generic,TavaiJahlani_20592
9650,Jawaan Taylor,generic,TaylorJawaan_20534
9653,Cody Thompson,generic,ThompsonCody_20507
9655,Juan Thornhill,generic,ThornhillJuan_20456
9657,Jerry Tillery,generic,TilleryJerry_20554
9659,Drue Tranquill,generic,TranquillDrue_20444
9660,Olisaemeka Udoh,generic,UdohOlisaemeka_20479
9661,Andrew Van Ginkel,generic,VanGinkelAndrew_20699
9664,Armon Watts,generic,WattsArmon_20564
9668,Trevon Wesco,generic,WescoTrevon_20394
9672,Devin White,generic,WhiteDevin_20581
9673,Christian Wilkins,generic,WilkinsChristian_20550
9675,Greedy Williams,generic,WilliamsGreedy_20600
9677,Joejuan Williams,generic,WilliamsJoejuan_20604
9678,Jonah Williams,generic,WilliamsJonah_21996
9679,Quinnen Williams,generic,WilliamsQuinnen_20547
9680,Trayveon Williams,generic,WilliamsTrayveon_20510
9684,Donovan Wilson,generic,WilsonDonovan_20713
9685,Mack Wilson Sr,generic,WilsonSrMack_20582
9686,Andrew Wingard,generic,WingardAndrew_20631
9689,Mitch Wishnowsky,generic,WishnowskyMitch_20481
9693,Oshane Ximines,generic,XiminesOshane_20421
9694,Rock Ya-Sin,generic,YaSinRock_20451
9696,Matthew Adams,generic,AdamsMatthew_13473
9697,Mo Alie-Cox,generic,AlieCoxMo_13872
9699,Kyle Allen,generic,AllenKyle_13691
9700,Abdullah Anderson,generic,AndersonAbdullah_13550
9701,Cornell Armstrong,generic,ArmstrongCornell_13471
9706,Ja'Whaun Bentley,generic,BentleyJaWhaun_13334
9709,Chris Board,generic,BoardChris_13850
9710,Ike Boettger,generic,BoettgerIke_13677
9714,Tim Boyle,generic,BoyleTim_13690
9719,Evan Brown,generic,BrownEvan_13670
9726,Elijah Campbell,generic,CampbellElijah_13522
9728,DeAndre Carter,generic,CarterDeAndre_13859
9740,River Cracraft,generic,CracraftRiver_13835
9744,Jalen Davis,generic,DavisJalen_13286
9746,Tae Davis,generic,DavisTae_13623
9758,Michael Dunn,generic,DunnMichael_13899
9761,Ross Dwelley,generic,DwelleyRoss_13740
9764,Gus Edwards,generic,EdwardsGus_13703
9765,Daniel Ekuale,generic,EkualeDaniel_13552
9770,Anthony Firkser,generic,FirkserAnthony_13858
9774,Mike Ford Jr,generic,FordMike_13881
9775,Daurice Fountain,generic,FountainDaurice_13272
9777,Zaire Franklin,generic,FranklinZaire_13480
9779,Russell Gage Jr,generic,GageRussell_13465
9780,Dennis Gardeck,generic,GardeckDennis_13610
9786,J.T. Gray,generic,GrayJT_13846
9792,Demone Harris,generic,HarrisDemone_13532
9795,J.C. Hassenauer,generic,HassenauerJC_13490
9797,Bruce Hector,generic,HectorBruce_13563
9807,Tanner Hudson,generic,HudsonTanner_13731
9816,Craig James,generic,JamesCraig_13529
9827,Sebastian Joseph-Day,generic,JosephSebastian_13466
9828,Greg Joseph,generic,JosephGreg_13601
9834,Keith Kirkwood,generic,KirkwoodKeith_13910
9837,Younghoe Koo,generic,KooYounghoe_12936
9839,Chris Lammons,generic,LammonsChris_13585
9862,Matthew McCrane,generic,McCraneMatthew_13600
9869,Emmanuel Moseley,generic,MoseleyEmmanuel_13504
9870,Nick Mullens,generic,MullensNick_13834
9872,Ryan Neal,generic,NealRyan_13917
9874,Ben Niemann,generic,NiemannBen_13617
9878,Efe Obada,generic,ObadaEfe_13855
9880,George Odum,generic,OdumGeorge_13713
9893,Brandon Powell,generic,PowellBrandon_13777
9897,Matt Pryor,generic,PryorMatt_13470
9901,Jeremy Reaves,generic,ReavesJeremy_13269
9909,Austin Schlottmann,generic,SchlottmannAustin_13588
9912,Trent Scott,generic,ScottTrent_13723
9915,Dakoda Shepley,generic,ShepleyDakoda_13590
9916,Trent Sherfield Sr,generic,SherfieldTrent_13759
9918,Trent Sieg,generic,SiegTrent_13645
9920,Cam Sims,generic,SimsCam_13790
9926,Robert Spillane,generic,SpillaneRobert_13875
9928,Aaron Stinnie,generic,StinnieAaron_13804
9938,Tavierre Thomas,generic,ThomasTavierre_13498
9942,Cameron Tom,generic,TomCameron_12784
9943,Robert Tonyan,generic,TonyanRobert_13848
9947,Ezekiel Turner,generic,TurnerEzekiel_13711
9949,Kendal Vickers,generic,VickersKendal_13548
9951,Charvarius Ward,generic,WardCharvarius_13507
9955,Darious Williams,generic,WilliamsDarious_13178
9963,Andrew Wylie,generic,WylieAndrew_13845
9993,Kris Abrams-Draine,generic,AbramsDraineKris_14954
9994,Isaiah Adams,generic,AdamsIsaiah_14716
9995,Rasheen Ali,generic,AliRasheen_14638
9996,Braelon Allen,generic,AllenBraelon_14631
9997,Erick All Jr,generic,AllErick_14690
9998,Joe Alt,generic,AltJoe_14694
9999,Kiran Amegadjie,generic,AmegadjieKiran_1071
10000,Daijahn Anthony,generic,AnthonyDaijahn_1137
10001,Terrion Arnold,generic,ArnoldTerrion_14927
10003,Emani Bailey,generic,BaileyEmani_14635
10004,Javon Baker,generic,BakerJavon_14668
10005,A.J. Barner,generic,BarnerAJ_14687
10006,Karsen Barnhart,generic,BarnhartKarsen_1263
10007,Michael Barrett,generic,BarrettMichael_14914
10008,Graham Barton,generic,BartonGraham_14703
10009,Cooper Beebe,generic,BeebeCooper_14708
10010,Jaheim Bell,generic,BellJaheim_14681
10011,Trey Benson,generic,BensonTrey_14622
10012,JD Bertrand,generic,BertrandJD_14915
10013,Tatum Bethune,generic,BethuneTatum_14922
10015,Cole Bishop,generic,BishopCole_14958
10016,Austin Booker,generic,BookerAustin_14875
10017,Tanor Bortolini,generic,BortoliniTanor_14741
10018,Brock Bowers,generic,BowersBrock_14678
10019,Beau Brade,generic,BradeBeau_14952
10020,Millard Bradford,generic,BradfordMillard_1537
10021,Chris Braswell,generic,BraswellChris_14895
10022,Jonathon Brooks,generic,BrooksJonathon_14621
10023,Jarvis Brownlee Jr,generic,BrownleeJrJarvis_14984
10024,Javon Bullard,generic,BullardJavon_14944
10025,Calen Bullock,generic,BullockCalen_14939
10026,Jermaine Burton,generic,BurtonJermaine_14654
10027,Solomon Byrd,generic,ByrdSolomon_1163
10028,Jaylon Carlies,generic,CarliesJaylon_1089
10029,Caelen Carson,generic,CarsonCaelen_14945
10030,DeWayne Carter,generic,CarterDeWayne_14867
10032,Nelson Ceaser,generic,CeaserNelson_14870
10034,Javion Cohen,generic,CohenJavion_14724
10035,Andrew Coker,generic,CokerAndrew_14735
10036,Jalen Coker,generic,CokerJalen_1325
10037,Brandon Coleman,generic,ColemanBrandon_14730
10038,Keon Coleman,generic,ColemanKeon_14646
10039,Myles Cole,generic,ColeMyles_14891
10040,Junior Colson,generic,ColsonJunior_14905
10041,Edgerrin Cooper,generic,CooperEdgerrin_14902
10043,Blake Corum,generic,CorumBlake_14623
10044,Jacob Cowing,generic,CowingJacob_14663
10045,Jaden Crumedy,generic,CrumedyJaden_14887
10046,Frank Crum,generic,CrumFrank_1333
10047,Devin Culp,generic,CulpDevin_1166
10048,Jayden Daniels,generic,DanielsJayden_14579
10050,Isaiah Davis,generic,DavisIsaiah_22754
10051,Ray Davis,generic,DavisRay_14626
10053,Cooper DeJean,generic,DeJeanCooper_14923
10054,Kalen DeLoach,generic,DeLoachKalen_1284
10055,MJ Devonshire,generic,DevonshireMJ_1150
10056,Marcellas Dial Jr,generic,DialMarcellas_14986
10058,Brandon Dorlus,generic,DorlusBrandon_14768
10060,Ethan Driskell,generic,DriskellEthan_14737
10061,Khalid Duke,generic,DukeKhalid_15030
10062,Justin Eboigbe,generic,EboigbeJustin_14873
10064,Kingsley Eguakun,generic,EguakunKingsley_14742
10065,Tommy Eichenberg,generic,EichenbergTommy_14908
10066,Jonah Elliss,generic,EllissJonah_14764
10067,Audric Estime,generic,EstimeAudric_14625
10068,Josiah Ezirim,generic,EzirimJosiah_1164
10069,Olu Fashanu,generic,FashanuOlumuyiwa_14695
10070,Troy Fautanu,generic,FautanuTroy_14700
10071,Blake Fisher,generic,FisherBlake_14712
10072,Braden Fiske,generic,FiskeBraden_14855
10074,Ryan Flournoy,generic,FlournoyRyan_1124
10075,Jaylan Ford,generic,FordJaylan_14912
10076,Javon Foster,generic,FosterJavon_14717
10077,Troy Franklin,generic,FranklinTroy_14647
10078,Zach Frazier,generic,FrazierZach_14706
10079,Taliese Fuaga,generic,FuagaTaliese_14696
10081,Nick Gargiulo,generic,GargiuloNick_1172
10083,DJ Glaze,generic,GlazeDJ_14731
10084,Matt Goncalves,generic,GoncalvesMatt_14714
10085,Frank Gore Jr,generic,GoreJrFrank_14634
10086,Anthony Gould,generic,GouldAnthony_15019
10087,Tylan Grable,generic,GrableTylan_1119
10088,Cedric Gray,generic,GrayCedric_14909
10090,Renardo Green,generic,GreenRenardo_14985
10091,Isaac Guerendo,generic,GuerendoIsaac_15012
10092,Tyler Guyton,generic,GuytonTyler_14701
10093,Kamal Hadden,generic,HaddenKamal_14961
10094,Gabe Hall,generic,HallGabe_14885
10095,Mike Hall Jr,generic,HallJrMichael_14865
10096,Dominique Hampton,generic,HamptonDominique_1091
10097,C.J. Hanson,generic,HansonCJ_1169
10098,Myles Harden,generic,HardenMyles_1142
10099,Daequan Hardy,generic,HardyDaequan_14974
10100,Jaylen Harrell,generic,HarrellJaylen_14883
10101,Marcus Harris,generic,HarrisMarcus_14888
10102,Marvin Harrison Jr,generic,HarrisonJrMarvin_14643
10103,Cam Hart,generic,HartCam_14960
10104,Sam Hartman,generic,HartmanSam_14615
10105,Christian Haynes,generic,HaynesChristian_14707
10106,LaDarius Henderson,generic,HendersonLaDarius_14728
10107,Jaden Hicks,generic,HicksJaden_14951
10108,George Holani,generic,HolaniGeorge_9718
10110,Ty'Ron Hopper,generic,HopperTyRon_14910
10112,Jalyx Hunt,generic,HuntJalyx_1076
10113,Bucky Irving,generic,IrvingBucky_14624
10114,Adisa Isaac,generic,IsaacAdisa_14769
10115,Brennan Jackson,generic,JacksonBrennan_14880
10116,Jha'Quan Jackson,generic,JacksonJhaQuan_14671
10118,McKinnley Jackson,generic,JacksonMcKinnley_14860
10119,Curtis Jacobs,generic,JacobsCurtis_14913
10120,D.J. James,generic,JamesDJ_14943
10121,Javontae Jean-Baptiste,generic,JeanBaptisteJavontae_1134
10123,Jordan Jefferson,generic,JeffersonJordan_14881
10124,Kris Jenkins Jr,generic,JenkinsKris_14767
10126,Cedric Johnson,generic,JohnsonCedric_14876
10127,Cornelius Johnson,generic,JohnsonCornelius_15018
10128,Dillon Johnson,generic,JohnsonDillon_14627
10130,Theo Johnson,generic,JohnsonTheo_14684
10131,Christian Jones,generic,JonesChristian_14740
10132,Elijah Jones,generic,JonesElijah_1074
10133,Jarrian Jones,generic,JonesJarrian_14956
10136,Jawhar Jordan,generic,JordanJawhar_14641
10137,Mohamed Kamara,generic,KamaraMohamed_14871
10138,Joshua Karty,generic,KartyJoshua_15005
10140,Jaylen Key,generic,KeyJaylen_1173
10141,Kamren Kinchens,generic,KinchensKamren_14935
10142,Kalen King,generic,KingKalen_14937
10143,Jarrett Kingston,generic,KingstonJarrett_1125
10144,Marshawn Kneeland,generic,KneelandMarshawn_14868
10145,Tyrice Knight,generic,KnightTyrice_14907
10146,Trey Knox,generic,KnoxTrey_14686
10147,Kamari Lassiter,generic,LassiterKamari_14929
10149,JC Latham,generic,LathamJC_14697
10150,Laiatu Latu,generic,LatuLaiatu_14750
10151,Dylan Laube,generic,LaubeDylan_1122
10152,Sataoa Laumea,generic,LaumeaSataoa_14715
10153,Devin Leary,generic,LearyDevin_14619
10154,Logan Lee,generic,LeeLogan_1097
10155,Matt Lee,generic,LeeMatt_1161
10156,Xavier Legette,generic,LegetteXavier_14652
10157,KT Leveston,generic,LevestonKT_1171
10158,Beaux Limmer,generic,LimmerBeaux_14722
10159,Cam Little,generic,LittleCam_15006
10160,Marist Liufau,generic,LiufauMarist_14906
10161,MarShawn Lloyd,generic,LloydMarShawn_14628
10162,Zion Logue,generic,LogueZion_14889
10163,Fabien Lovett Sr,generic,LovettSrFabien_1245
10164,Christian Mahogany,generic,MahoganyChristian_14709
10165,Drake Maye,generic,MayeDrake_14501
10166,Luke McCaffrey,generic,McCaffreyLuke_14666
10167,J.J. McCarthy,generic,McCarthyJJ_14610
10168,Jase McClellan,generic,McClellanJase_14642
10169,Ladd McConkey,generic,McConkeyLadd_14651
10170,Mason McCormick,generic,McCormickMason_1083
10171,Dwight McGlothern,generic,McGlothernDwight_14983
10172,Braiden McGregor,generic,McGregorBraiden_14884
10173,Kool-Aid McKinstry,generic,McKinstryKoolAid_14925
10174,Tanner McLachlan,generic,McLachlanTanner_14692
10175,Dylan McMahon,generic,McMahonDylan_14747
10176,Jalen McMillan,generic,McMillanJalen_14660
10177,Patrick McMorris,generic,McMorrisPatrick_23091
10178,Max Melton,generic,MeltonMax_14953
10179,Harrison Mevis,generic,MevisHarrison_15003
10180,Joe Milton III,generic,MiltonIIIJoe_14614
10181,Kendall Milton,generic,MiltonKendall_1536
10182,Amarius Mims,generic,MimsAmarius_14698
10183,Adonai Mitchell,generic,MitchellAdonai_14649
10184,Quinyon Mitchell,generic,MitchellQuinyon_14932
10185,Jacob Monk,generic,MonkJacob_1092
10186,Jordan Morgan,generic,MorganJordan_14699
10187,Darius Muasau,generic,MuasauDarius_14918
10188,Gabriel Murphy,generic,MurphyGabriel_14857
10189,Byron Murphy II,generic,MurphyIIByron_14758
10191,Malik Mustapha,generic,MustaphaMalik_14962
10192,Malik Nabers,generic,NabersMalik_14644
10193,Jer'Zhan Newton,generic,NewtonJerZhan_14751
10194,Josh Newton,generic,NewtonJosh_14940
10195,Bo Nix,generic,NixBo_14609
10196,Maema Njongmeta,generic,NjongmetaMaema_1272
10197,Tyler Nubin,generic,NubinTyler_14931
10199,Rome Odunze,generic,OdunzeRome_14645
10201,Kitan Oladapo,generic,OladapoKitan_14967
10202,Ruke Orhorhoro,generic,OrhorhoroRuke_14850
10203,Tyler Owens,generic,OwensTyler_1379
10204,Patrick Paul,generic,PaulPatrick_14702
10205,Julian Pearl,generic,PearlJulian_14736
10206,Ricky Pearsall,generic,PearsallRicky_14657
10207,Michael Penix Jr,generic,PenixJrMichael_14608
10208,Dru Phillips,generic,PhillipsAndru_14968
10210,Ja'Lynn Polk,generic,PolkJaLynn_14655
10211,Jackson Powers-Johnson,generic,PowersJohnsonJackson_14704
10213,Michael Pratt,generic,PrattMichael_14612
10214,De'Antre Prince,generic,PrinceDeantre_1090
10215,Nehemiah Pritchett,generic,PritchettNehemiah_14963
10217,Dominick Puni,generic,PuniDominick_14713
10218,Ennis Rakestraw Jr,generic,RakestrawJrEnnis_14934
10219,Keith Randolph Jr,generic,RandolphJrKeith_14874
10220,Spencer Rattler,generic,RattlerSpencer_14611
10221,Andrew Raym,generic,RaymAndrew_14739
10223,Ryan Rehkow,generic,RehkowRyan_1330
10224,Will Reichard,generic,ReichardWill_15004
10225,Tip Reiman,generic,ReimanTip_1072
10226,Brenden Rice,generic,RiceBrenden_14656
10227,Decamerion Richardson,generic,RichardsonDecamerion_1082
10228,Demani Richardson,generic,RichardsonDemani_14978
10229,Chop Robinson,generic,RobinsonChop_14753
10230,Darius Robinson,generic,RobinsonDarius_14872
10231,Keilan Robinson,generic,RobinsonKeilan_22761
10232,Layden Robinson,generic,RobinsonLayden_14729
10233,Tayvion Robinson,generic,RobinsonTayvion_14677
10234,Justin Rogers,generic,RogersJustin_14877
10236,Roger Rosengarten,generic,RosengartenRoger_14733
10238,Walter Rouse,generic,RouseWalter_15022
10239,Mike Sainristil,generic,SainristilMike_14947
10240,Nick Samac,generic,SamacNick_1149
10242,Ja'Tavion Sanders,generic,SandersJaTavion_14679
10243,Cody Schrader,generic,SchraderCody_1345
10244,Will Shipley,generic,ShipleyWill_14630
10246,Jaylin Simpson,generic,SimpsonJaylin_14965
10247,Ben Sinnott,generic,SinnottBen_14682
10249,Ainias Smith,generic,SmithAinias_14664
10250,Maason Smith,generic,SmithMaason_14859
10251,Tykee Smith,generic,SmithTykee_14949
10252,Chau Smith-Wade,generic,SmithWadeChau_14966
10253,Javon Solomon,generic,SolomonJavon_14896
10255,Tarheeb Still,generic,StillTarheeb_1087
10256,Cade Stover,generic,StoverCade_14680
10257,Kingsley Suamataia,generic,SuamataiaKingsley_14705
10258,T'Vondre Sweat,generic,SweatTVondre_14760
10259,T.J. Tampa,generic,TampaTJ_14936
10260,Dadrion Taylor-Demerson,generic,TaylorDemersonDadrion_15000
10261,Leonard Taylor III,generic,TaylorIIILeonard_14869
10262,Tory Taylor,generic,TaylorTory_15008
10263,Brian Thomas Jr,generic,ThomasJrBrian_14648
10265,Xavier Thomas,generic,ThomasXavier_14890
10266,Jamari Thrash,generic,ThrashJamari_14662
10268,Tyrone Tracy Jr,generic,TracyJrTyrone_15010
10270,Bralen Trice,generic,TriceBralen_14754
10271,Jeremiah Trotter Jr,generic,TrotterJrJeremiah_14903
10273,Dallas Turner,generic,TurnerDallas_14894
10275,David Ugwoegbu,generic,UgwoegbuDavid_14897
10276,Edefuan Ulofoshio,generic,UlofoshioEdefuan_14911
10277,Sione Vaki,generic,VakiSione_14999
10278,Devaughn Vele,generic,VeleDevaughn_1160
10279,Jared Verse,generic,VerseJared_14752
10280,Kimani Vidal,generic,VidalKimani_14637
10281,Devontez Walker,generic,WalkerDevontez_14653
10282,Caedan Wallace,generic,WallaceCaedan_1070
10283,Josh Wallace,generic,WallaceJosh_1223
10284,Trevin Wallace,generic,WallaceTrevin_15031
10285,Malik Washington,generic,WashingtonMalik_14665
10286,Tahj Washington,generic,WashingtonTahj_15017
10287,Nathaniel Watson,generic,WatsonNathaniel_14921
10288,Eric Watts,generic,WattsEric_14882
10290,Xavier Weaver,generic,WeaverXavier_183
10291,Jack Westover,generic,WestoverJack_4728
10292,Jordan Whittington,generic,WhittingtonJordan_14674
10293,Nate Wiggins,generic,WigginsNate_14924
10294,Jared Wiley,generic,WileyJared_14689
10296,Caleb Williams,generic,WilliamsCaleb_14500
10297,Evan Williams,generic,WilliamsEvan_1080
10298,Isaiah Williams,generic,WilliamsIsaiah_14669
10299,James Williams Sr,generic,WilliamsJames_14959
10301,Johnny Wilson,generic,WilsonJohnny_14658
10302,Payton Wilson,generic,WilsonPayton_14904
10303,Roman Wilson,generic,WilsonRoman_14661
10304,Mekhi Wingo,generic,WingoMekhi_14846
10305,Xavier Worthy,generic,WorthyXavier_14650
10306,Jaylen Wright,generic,WrightJaylen_14632
10307,Zak Zinter,generic,ZinterZak_14711
10358,Nate Adkins,generic,AdkinsNate_23348
10359,Ramiz Ahmed,generic,AhmedRamiz_22611
10361,Alec Anderson,generic,AndersonAlec_22436
10362,Brandon Aubrey,generic,AubreyBrandon_23329
10364,Josh Blackwell,generic,BlackwellJosh_22644
10365,Khristian Boyd,generic,BoydKhristian_1108
10366,Ekow Boye-Doe,generic,BoyeDoeEkow_23375
10367,Carter Bradley,generic,BradleyCarter_15009
10368,Jowon Briggs,generic,BriggsJowon_1165
10369,Chris Brooks,generic,BrooksChris_23350
10370,Mason Brooks,generic,BrooksMason_22867
10371,Amari Burney,generic,BurneyAmari_23065
10372,Claudin Cherelus,generic,CherelusClaudin_23343
10373,Travis Clayton,generic,ClaytonTravis_1130
10374,Sean Clifford,generic,CliffordSean_22728
10375,Alex Cook,generic,CookAlex_23363
10376,Nolan Cooney,generic,CooneyNolan_22549
10377,McClendon Curtis,generic,CurtisMcClendon_22904
10379,Jaden Davis,generic,DavisJaden_1138
10380,Tyler Davis,generic,DavisTyler_14866
10381,Emari Demercado,generic,DemercadoEmari_23339
10382,Tommy DeVito,generic,DeVitoTommy_23368
10383,Elijah Dotson,generic,DotsonElijah_23293
10384,Levi Drake Rodriguez,generic,RodriguezLeviDrake_1153
10385,Cory Durden,generic,DurdenCory_22177
10386,Steven Gilmore,generic,GilmoreSteven_22222
10387,Travis Glover,generic,GloverTravis_1118
10388,Julian Good-Jones,generic,GoodJonesJulian_21181
10390,Kahlef Hailassie,generic,HailassieKahlef_23326
10391,Malik Hamm,generic,HammMalik_23342
10392,Jalen Harris,generic,HarrisJalen_23373
10393,Tre Hawkins III,generic,HawkinsIIITre_23270
10394,Malik Heath,generic,HeathMalik_23126
10395,Lou Hedley,generic,HedleyLou_23338
10396,Jamal Hill,generic,HillJamal_1104
10397,Julian Hill,generic,HillJulian_23351
10398,Kearis Jackson,generic,JacksonKearis_22817
10399,Matthew Jackson,generic,JacksonMatthew_23319
10400,Nash Jensen,generic,JensenNash_23345
10401,Michael Jerrell,generic,JerrellMichael_1120
10402,Shaun Jolly,generic,JollyShaun_22264
10403,Truman Jones,generic,JonesTruman_22955
10404,Michael Jurgens,generic,JurgensMichael_22913
10405,Nikola Kalinic,generic,KalinicNikola_22676
10406,Sanoussi Kane,generic,KaneSanoussi_1170
10407,Anthony Kendall,generic,KendallAnthony_23357
10408,Devon Key,generic,KeyDevon_22623
10409,Lucas Krull,generic,KrullLucas_22346
10410,Jonah Laulu,generic,LauluJonah_1157
10411,Ricky Lee,generic,LeeRicky_23344
10412,Titus Leo,generic,LeoTitus_23271
10413,Jordan Magee,generic,MageeJordan_14916
10414,Giovanni Manu,generic,ManuGiovanni_1084
10415,Luke Masterson,generic,MastersonLuke_22635
10416,Kana'i Mauga,generic,MaugaKanai_23361
10417,Tyreik McAllister,generic,McAllisterTyreik_22588
10419,Jaleel McLaughlin,generic,McLaughlinJaleel_23347
10420,TK McLendon Jr,generic,McLendonJrTK_23372
10421,Ja'Quan McMillian,generic,McMillianJaQuan_22267
10422,Bub Means,generic,MeansBub_1095
10423,Jordan Meredith,generic,MeredithJordan_22624
10424,Jordan Mims,generic,MimsJordan_23364
10425,Arron Mosby,generic,MosbyArron_22657
10427,Hunter Nourzad,generic,NourzadHunter_15025
10428,Trevor Nowaske,generic,NowaskeTrevor_23370
10429,Patrick O'Connell,generic,OConnellPatrick_23382
10430,Carter O'Donnell,generic,ODonnellCarter_21183
10431,Raiqwon O'Neal,generic,ONealRaiqwon_23359
10432,Ty Okada,generic,OkadaTy_23381
10433,Segun Olubi,generic,OlubiSegun_23330
10434,Alex Palczewski,generic,PalczewskiAlex_23358
10435,Tejhaun Palmer,generic,PalmerTejhaun_1106
10436,John Parker Romo,generic,RomoJohnParker_1069
10437,Jeremiah Pharms Jr,generic,PharmsJrJeremiah_23371
10438,Otis Reese IV,generic,ReeseOtis_23089
10439,Brady Russell,generic,RussellBrady_23360
10440,Benny Sapp III,generic,SappIIIBenny_23380
10441,Eric Scott Jr,generic,ScottJrEric_23076
10442,Ben Sims,generic,SimsBen_22834
10443,Stone Smartt,generic,SmarttStone_22557
10444,Ben Stille,generic,StilleBen_22307
10445,Jonathan Sutherland,generic,SutherlandJonathan_23331
10446,Tre Swilling,generic,SwillingTre_22582
10447,Trey Taylor,generic,TaylorTrey_15002
10448,Drake Thomas,generic,ThomasDrake_23011
10449,Starling Thomas V,generic,ThomasVStarling_23078
10450,NaJee Thompson,generic,ThompsonNaJee_23352
10451,KaVontae Turpin,generic,TurpinKaVontae_22599
10452,Sedrick Van Pran-Granger,generic,VanPranGrangerSedrick_14710
10453,Luiji Vilain,generic,VilainLuiji_22506
10454,Leroy Watson,generic,WatsonLeroy_22539
10455,Tyrone Wheatley Jr.,generic,WheatleyJrTyrone_23336
10456,Kendall Williamson,generic,WilliamsonKendall_23283
10457,Jake Witt,generic,WittJake_23279
10458,Chandler Zavala,generic,ZavalaChandler_23263
10459,Ty Zentner,generic,ZentnerTy_23340
10460,Irvin Charles,generic,CharlesIrvin_23353
10461,Malachi Corley,generic,CorleyMalachi_14659
10462,Xavier Gipson,generic,GipsonXavier_22815
10463,Chris Glaser,generic,GlaserChris_23369
10464,Josh Hayes,generic,HayesJosh_23266
10465,D.J. Montgomery,generic,MontgomeryDJ_23377
10466,Xavier Newman,generic,NewmanJohnsonXavier_22429
10467,Nathan Rourke,generic,RourkeNathan_23365
10468,Qwan'tez Stiggers,generic,StiggersQwantez_1096
10469,Jake Tonges,generic,TongesJake_22619
10470,Ben VanSumeren,generic,VanSumerenBen_23007
10472,BJ Adams,generic,AdamsBJ_15315
10473,Tommy Akingbesote,generic,AkingbesoteTommy_15233
10474,Darius Alexander,generic,AlexanderDarius_15214
10476,LeQuint Allen,generic,AllenLeQuint_15052
10477,Trey Amos,generic,AmosTrey_15287
10479,Elijah Arroyo,generic,ArroyoElijah_15119
10480,Eugene Asante,generic,AsanteEugene_15252
10481,Elic Ayomanor,generic,AyomanorElic_15099
10483,Kelvin Banks Jr.,generic,BanksJrKelvin_15161
10484,Tyler Baron,generic,BaronTyler_15185
10485,Jahdae Barron,generic,BarronJahdae_15277
10486,Gavin Bartholomew,generic,BartholomewGavin_15113
10487,Jeffrey Bassa,generic,BassaJeffrey_15250
10488,Tyler Batty,generic,BattyTyler_15196
10489,Anthony Belton,generic,BeltonAnthony_15127
10491,Zeek Biggers,generic,BiggersZeek_15234
10492,Yahya Black,generic,BlackYahya_15225
10493,Jaydon Blue,generic,BlueJaydon_15051
10494,Isaiah Bond,generic,BondIsaiah_15098
10495,Tyler Booker,generic,BookerTyler_15162
10496,Billy Bowman Jr.,generic,BowmanJrBilly_15332
10497,Jake Briningstool,generic,BriningstoolJake_15107
10498,Warren Brinson,generic,BrinsonWarren_15212
10500,Tahj Brooks,generic,BrooksTahj_15038
10501,Max Brosmer,generic,BrosmerMax_14792
10502,Vernon Broughton,generic,BroughtonVernon_15217
10504,Logan Brown,generic,BrownLogan_15134
10505,Carson Bruener,generic,BruenerCarson_15257
10507,Pat Bryant,generic,BryantPat_15074
10508,Teddye Buchanan,generic,BuchananTeddye_15256
10509,Jordan Burch,generic,BurchJordan_15178
10510,Luther Burden III,generic,BurdenIIILuther_15095
10511,Denzel Burke,generic,BurkeDenzel_15297
10512,James Burnip,generic,BurnipJames_4611
10513,Jamaree Caldwell,generic,CaldwellJamaree_15211
10514,Jihaad Campbell,generic,CampbellJihaad_15268
10515,Will Campbell,generic,CampbellWill_15160
10516,Abdul Carter,generic,CarterAbdul_15198
10517,Barrett Carter,generic,CarterBarrett_15246
10520,Connor Colby,generic,ColbyConnor_15158
10521,Alfred Collins,generic,CollinsAlfred_15206
10522,Beaux Collins,generic,CollinsBeaux_15090
10523,Josh Conerly Jr.,generic,ConerlyJrJosh_15163
10524,Hayden Conner,generic,ConnerHayden_15154
10525,Jalin Conyers,generic,ConyersJalin_15112
10526,Brady Cook,generic,CookBrady_14784
10529,Kitan Crawford,generic,CrawfordKitan_15343
10530,Jeremy Crawshaw,generic,CrawshawJeremy_15367
10531,Brandon Crenshaw-Dickson,generic,CrenshawDicksonBrandon_15157
10532,Howard Cross III,generic,CrossIIIHoward_15230
10533,Jaxson Dart,generic,DartJaxson_14796
10534,Fadil Diggs,generic,DiggsFadil_15193
10535,Chimere Dike,generic,DikeChimere_15071
10536,CJ Dippre,generic,DippreCJ_15111
10537,Mello Dotson,generic,DotsonMello_15325
10538,Ethan Downs,generic,DownsEthan_15192
10539,Jamon Dumas-Johnson,generic,DumasJohnsonJamon_4627
10540,Power Echols,generic,EcholsPower_15264
10541,Donovan Edwards,generic,EdwardsDonovan_15040
10542,Emeka Egbuka,generic,EgbukaEmeka_15054
10543,Nick Emmanwori,generic,EmmanworiNick_15359
10544,Aireontae Ersery,generic,ErseryAireontae_15128
10545,Trevor Etienne,generic,EtienneTrevor_15050
10546,Quinn Ewers,generic,EwersQuinn_14799
10547,Donovan Ezeiruaku,generic,EzeiruakuDonovan_15171
10548,Dylan Fairchild,generic,FairchildDylan_15168
10549,Harold Fannin Jr.,generic,FanninJrHarold_15120
10551,Tai Felton,generic,FeltonTai_15075
10552,Terrance Ferguson,generic,FergusonTerrance_15105
10553,Thomas Fidone II,generic,FidoneIIThomas_15121
10554,Ryan Fitzgerald,generic,FitzgeraldRyan_15369
10556,Miles Frazier,generic,FrazierMiles_15132
10557,Dillon Gabriel,generic,GabrielDillon_16143
10558,Oronde Gadsden,generic,GadsdenIIOronde_15122
10559,Jacolby George,generic,GeorgeJacolby_15091
10560,DJ Giddens,generic,GiddensDJ_15053
10561,Ashton Gillotte,generic,GillotteAshton_15182
10562,Matthew Golden,generic,GoldenMatthew_15096
10563,Ollie Gordon II,generic,GordonIIOllie_15049
10564,Mason Graham,generic,GrahamMason_15237
10565,Charles Grant,generic,GrantCharles_4602
10566,Kenneth Grant,generic,GrantKenneth_15238
10567,Joshua Gray,generic,GrayJoshua_15138
10568,Mike Green,generic,GreenMike_15200
10569,Eric Gregory,generic,GregoryEric_15227
10570,Maxwell Hairston,generic,HairstonMaxwell_15328
10571,Ty Hamilton,generic,HamiltonTy_15210
10572,Omarion Hampton,generic,HamptonOmarion_15045
10573,Jordan Hancock,generic,HancockJordan_15316
10574,Derrick Harmon,generic,HarmonDerrick_15239
10576,Marcus Harris,generic,HarrisMarcus_15311
10578,Tre' Harris,generic,HarrisTre_15058
10579,RJ Harvey,generic,HarveyRJ_15037
10580,Ahmed Hassanein,generic,HassaneinAhmed_15194
10581,Jackson Hawes,generic,HawesJackson_15104
10582,Gunnar Helm,generic,HelmGunnar_15116
10583,Tonka Hemingway,generic,HemingwayTonka_15223
10584,TreVeyon Henderson,generic,HendersonTreVeyon_14810
10586,Jay Higgins IV,generic,HigginsJay_15261
10587,Jayden Higgins,generic,HigginsJayden_15057
10589,Myles Hinton,generic,HintonMyles_15146
10591,Maxen Hook,generic,HookMaxen_15339
10592,Jimmy Horn Jr,generic,HornJrJimmy_14772
10594,Tory Horton,generic,HortonTory_15064
10595,Will Howard,generic,HowardWill_14785
10596,Joe Huber,generic,HuberJoe_15135
10597,Kobe Hudson,generic,HudsonKobe_15084
10598,Jarquez Hunter,generic,HunterJarquez_14822
10599,Travis Hunter,generic,HunterTravis_15101
10601,Tyrion Ingram-Dawkins,generic,IngramDawkinsTyrion_15243
10602,Jared Ivey,generic,IveyJared_15187
10603,Cam Jackson,generic,JacksonCam_15207
10605,Donovan Jackson,generic,JacksonDonovan_15123
10606,Ja'Quinden Jackson,generic,JacksonJaQuinden_15043
10608,Landon Jackson,generic,JacksonLandon_15174
10609,Jordan James,generic,JamesJordan_15048
10610,Shemar James,generic,JamesShemar_15276
10611,Ashton Jeanty,generic,JeantyAshton_14793
10612,Kaleb Johnson,generic,JohnsonKaleb_15046
10613,Tez Johnson,generic,JohnsonTez_15072
10614,Will Johnson,generic,JohnsonWill_15267
10615,Emery Jones Jr.,generic,JonesJrEmery_15164
10616,Sai'vion Jones,generic,JonesSaivion_15181
10617,Jah Joyner,generic,JoynerJah_15188
10618,Quinshon Judkins,generic,JudkinsQuinshon_14811
10620,Luke Kandra,generic,KandraLuke_15156
10622,Drew Kendall,generic,KendallDrew_15169
10623,Kyle Kennard,generic,KennardKyle_15183
10625,Kobe King,generic,KingKobe_15272
10626,Jack Kiser,generic,KiserJack_15253
10627,Demetrius Knight Jr.,generic,KnightJrDemetrius_15245
10628,Bilhal Kone,generic,KoneBilhal_15304
10630,Luke Lachey,generic,LacheyLuke_15108
10631,KeAndre Lambert-Smith,generic,LambertSmithKeAndre_15073
10632,Rayuan Lane III,generic,LaneIIIRayuan_15352
10633,Jaylin Lane,generic,LaneJaylin_15068
10634,Riley Leonard,generic,LeonardRiley_14795
10635,Cody Lindenberg,generic,LindenbergCody_15254
10637,Robert Longerbeam,generic,LongerbeamRobert_15324
10638,Tyler Loop,generic,LoopTyler_15363
10639,Colston Loveland,generic,LovelandColston_15117
10640,Dominic Lovett,generic,LovettDominic_15060
10641,Chase Lundt,generic,LundtChase_15142
10642,Phil Mafah,generic,MafahPhil_15042
10643,Jake Majors,generic,MajorsJake_15137
10644,Woody Marks,generic,MarksWoody_14809
10645,Jason Marshall Jr.,generic,MarshallJrJason_15322
10646,Damien Martinez,generic,MartinezDamien_15047
10647,Nick Martin,generic,MartinNick_15274
10648,Bam Martin-Scott,generic,MartinScottBam_15260
10650,Moliki Matavao,generic,MatavaoMoliki_15110
10651,Francisco Mauigoa,generic,MauigoaFrancisco_15263
10652,Marcus Mbow,generic,MbowMarcus_15165
10653,Kyle McCord,generic,McCordKyle_14789
10655,Seth McLaughlin,generic,McLaughlinSeth_15143
10656,Jalen McLeod,generic,McLeodJalen_15255
10657,Tetairoa McMillan,generic,McMillanTetairoa_15097
10658,Mac McWilliams,generic,McWilliamsMac_15318
10659,Kain Medrano,generic,MedranoKain_15258
10660,Armand Membou,generic,MembouArmand_15159
10661,Graham Mertz,generic,MertzGraham_14803
10662,R.J. Mickens,generic,MickensRJ_15336
10663,Rylie Mills,generic,MillsRylie_15215
10664,Jalen Milroe,generic,MilroeJalen_14800
10665,Wyatt Milum,generic,MilumWyatt_15129
10666,Kyle Monangai,generic,MonangaiKyle_15035
10667,Smael Mondon Jr.,generic,MondonJrSmael_15247
10668,Jonah Monheim,generic,MonheimJonah_15155
10669,Malachi Moore,generic,MooreMalachi_15345
10670,Benjamin Morrison,generic,MorrisonBenjamin_15290
10672,Andrew Mukuba,generic,MukubaAndrew_15335
10673,Kalel Mullings,generic,MullingsKalel_15036
10674,Konata Mumpfield,generic,MumpfieldKonata_15085
10675,Nick Nash,generic,NashNick_15062
10676,Devin Neal,generic,NealDevin_14835
10677,Jack Nelson,generic,NelsonJack_15145
10678,Bryson Nesbit,generic,NesbitBryson_15115
10680,Jaylin Noel,generic,NoelJaylin_15059
10681,Walter Nolen,generic,NolenWalter_15235
10682,Omarr Norman-Lott,generic,NormanLottOmarr_15224
10683,Oluwafemi Oladejo,generic,OladejoOluwafemi_15180
10684,Collin Oliver,generic,OliverCollin_15184
10685,Robbie Ouzts,generic,OuztsRobbie_15109
10687,Jacob Parrish,generic,ParrishJacob_15284
10688,Chris Paul Jr.,generic,PaulJrChris_15271
10689,James Pearce Jr.,generic,PearceJrJames_15202
10690,Aeneas Peebles,generic,PeeblesAeneas_15213
10691,JJ Pegues,generic,PeguesJJ_15208
10692,Jordan Phillips,generic,PhillipsJordan_15244
10693,Hollin Pierce,generic,PierceHollin_15136
10694,Darien Porter,generic,PorterDarien_15291
10695,Antwaun Powell-Ryland,generic,PowellRylandAntwaun_15186
10696,Tyreem Powell,generic,PowellTyreem_15262
10697,Kaden Prather,generic,PratherKaden_15089
10698,Princely Umanmielen,generic,UmanmielenPrincely_15177
10699,Caleb Ransaw,generic,RansawCaleb_15330
10700,Lathan Ransom,generic,RansomLathan_15334
10701,Tate Ratledge,generic,RatledgeTate_15126
10702,Jaylen Reed,generic,ReedJaylen_15348
10703,Karene Reid,generic,ReidKarene_15259
10704,Xavier Restrepo,generic,RestrepoXavier_15069
10705,Shavon Revel Jr.,generic,RevelJrShavon_15282
10706,Quincy Riley,generic,RileyQuincy_15313
10708,Jalen Rivers,generic,RiversJalen_15133
10709,Elijah Roberts,generic,RobertsElijah_15189
10710,Que Robinson,generic,RobinsonQue_15190
10711,Ty Robinson,generic,RobinsonTy_15209
10712,Caleb Rogers,generic,RogersCaleb_15141
10713,Kurtis Rourke,generic,RourkeKurtis_14802
10714,Jalen Royals,generic,RoyalsJalen_15056
10715,Kaimon Rucker,generic,RuckerKaimon_15195
10716,Dylan Sampson,generic,SampsonDylan_15044
10717,Raheim Sanders,generic,SandersRaheim_15032
10718,Shedeur Sanders,generic,SandersShedeur_14770
10719,T.J. Sanders,generic,SandersTJ_15241
10720,Jonas Sanker,generic,SankerJonas_15337
10721,Ben Sauls,generic,SaulsBen_15365
10722,Jonah Savaiinaea,generic,SavaiinaeaJonah_15167
10723,Jack Sawyer,generic,SawyerJack_15172
10724,Carson Schwesinger,generic,SchwesingerCarson_15266
10725,Nic Scourton,generic,ScourtonNic_15203
10726,Marques Sigle,generic,SigleMarques_15350
10727,Elijah Simmons,generic,SimmonsElijah_15218
10728,Josh Simmons,generic,SimmonsJosh_15124
10729,Cody Simon,generic,SimonCody_15249
10731,Torricelli Simpkins III,generic,SimpkinsIIITorricelli_15151
10732,Cam Skattebo,generic,SkatteboCam_14807
10733,Jackson Slater,generic,SlaterJackson_4605
10734,Arian Smith,generic,SmithArian_15087
10735,Brashard Smith,generic,SmithBrashard_15034
10736,Jaylin Smith,generic,SmithJaylin_15323
10737,Tim Smith,generic,SmithTim_15220
10738,Barryn Sorrell,generic,SorrellBarryn_15179
10739,Nazir Stackhouse,generic,StackhouseNazir_15219
10740,Malaki Starks,generic,StarksMalaki_15357
10741,Josaiah Stewart,generic,StewartJosaiah_15176
10742,Shemar Stewart,generic,StewartShemar_15201
10743,Upton Stout,generic,StoutUpton_15327
10744,Dorian Strong,generic,StrongDorian_15295
10745,Danny Stutsman,generic,StutsmanDanny_15248
10746,Bradyn Swinson,generic,SwinsonBradyn_15173
10749,Branson Taylor,generic,TaylorBranson_15140
10750,Mason Taylor,generic,TaylorMason_15118
10752,Isaac TeSlaa,generic,TeSlaaIsaac_15067
10753,Azareye'h Thomas,generic,ThomasAzareyeh_15329
10754,Dont'e Thornton Jr.,generic,ThorntonJrDonte_15065
10756,Dante Trader Jr.,generic,TraderJrDante_15344
10757,Ozzy Trapilo,generic,TrapiloOzzy_15125
10758,Jalen Travis,generic,TravisJalen_15152
10759,Xavier Truss,generic,TrussXavier_15148
10760,JT Tuimoloau,generic,TuimoloauJT_15175
10761,Shemar Turner,generic,TurnerShemar_15205
10762,Bhayshul Tuten,generic,TutenBhayshul_14812
10764,Carson Vinson,generic,VinsonCarson_4604
10765,David Walker,generic,WalkerDavid_4603
10766,Jalon Walker,generic,WalkerJalon_15265
10767,Justin Walley,generic,WalleyJustin_15320
10768,Cam Ward,generic,WardCam_14778
10769,Tyler Warren,generic,WarrenTyler_15102
10770,Jordan Watkins,generic,WatkinsJordan_15083
10771,Xavier Watts,generic,WattsXavier_15331
10774,Clay Webb,generic,WebbClay_15144
10776,CJ West,generic,WestCJ_15221
10777,Lajohntay Wester,generic,WesterLajohntay_15100
10778,Ricky White III,generic,WhiteIIIRicky_15086
10779,Cameron Williams,generic,WilliamsCameron_15166
10780,John Williams,generic,WilliamsJohn_15131
10781,Kyle Williams,generic,WilliamsKyle_15061
10782,Mykel Williams,generic,WilliamsMykel_15199
10783,Nohl Williams,generic,WilliamsNohl_15293
10784,Savion Williams,generic,WilliamsSavion_15063
10785,Tyleik Williams,generic,WilliamsTyleik_15204
10786,Jared Wilson,generic,WilsonJared_15170
10787,Kevin Winston Jr.,generic,WinstonJrKevin_15361
10788,Hunter Wohler,generic,WohlerHunter_15351
10790,Craig Woodson,generic,WoodsonCraig_15346
10792,Grey Zabel,generic,ZabelGrey_4601
10793,Andres Borregales,generic,BorregalesAndres_15364
10794,Mitchell Evans,generic,EvansMitchell_15103
10795,Zah Frazier,generic,FrazierZah_15301
10796,Tyler Shough,generic,ShoughTyler_14788
10860,Dan Jackson,generic,JacksonDan_16148
10861,Kobee Minor,generic,MinorKobee_16154
10862,Evan Anderson,generic,AndersonEvan_14892
10863,Liam Anderson,generic,AndersonLiam_1446
10864,Joe Andreessen,generic,AndreessenJoe_1317
10865,Chigozie Anusiem,generic,AnusiemChigozie_1429
10866,Levelle Bailey,generic,BaileyLevelle_1404
10867,Marcus Banks,generic,BanksMarcus_1277
10869,Shemar Bartholomew,generic,BartholomewShemar_1328
10870,Brenden Bates,generic,BatesBrenden_1366
10871,Jake Bates,generic,BatesJake_1238
10872,Jack Bech,generic,BechJack_15055
10873,Junior Bergen,generic,BergenJunior_4608
10874,Beanie Bishop Jr,generic,BishopJrBeanie_1369
10875,Korie Black,generic,BlackKorie_16151
10876,Ethan Bonner,generic,BonnerEthan_1348
10877,Trikweze Bridges,generic,BridgesTrikweze_16155
10878,Natrone Brooks,generic,BrooksNatrone_1444
10879,British Brooks,generic,BrooksBritish_1391
10880,Kendell Brooks,generic,BrooksKendell_1497
10881,Josh Butler,generic,ButlerJosh_1448
10882,Bryce Cabeldue,generic,CabeldueBryce_16146
10883,Elijah Chatman,generic,ChatmanElijah_22965
10884,Brandon Codrington,generic,CodringtonBrandon_196
10885,Chris Collier,generic,CollierChris_28437
10886,Dylan Cook,generic,CookDylan_23354
10887,Elijah Cooks,generic,CooksElijah_22822
10888,Bump Cooper Jr,generic,CooperJrBump_1226
10889,Evan Deckers,generic,DeckersEvan_1374
10890,Justin Dedich,generic,DedichJustin_22864
10891,Garrett Dellinger,generic,DellingerGarrett_15150
10892,Mohamoud Diabate,generic,DiabateMohamoud_22980
10893,Storm Duck,generic,DuckStorm_1347
10894,Princeton Fant,generic,FantPrinceton_1488
10895,Joshua Farmer,generic,FarmerJoshua_15240
10896,Andrew Farmer II,generic,FarmerIIAndrew_23374
10897,Tucker Fisk,generic,FiskTucker_23379
10898,Bryce Ford-Wheaton,generic,FordWheatonBryce_22795
10899,Tyrek Funderburk,generic,FunderburkTyrek_1290
10900,Amari Gainer,generic,GainerAmari_14898
10902,Cam Grandy,generic,GrandyCam_1442
10903,Antonio Grier Jr,generic,GrierJrAntonio_1275
10905,Sebastian Gutierrez,generic,GutierrezSebastian_1495
10906,Luke Haggard,generic,HaggardLuke_1239
10907,Kyonte Hamilton,generic,HamiltonKyonte_16147
10908,Thomas Harper,generic,HarperThomas_1265
10909,Hogan Hatten,generic,HattenHogan_1334
10910,Matthew Hayball,generic,HayballMatthew_1384
10912,Kyle Hergel,generic,HergelKyle_1407
10915,Ruben Hyppolite II,generic,HyppoliteIIRuben_16144
10916,Ja'Marcus Ingram,generic,IngramJaMarcus_1248
10917,Christian Izien,generic,IzienChristian_23287
10919,Demontrey Jacobs,generic,JacobsDemontrey_1355
10920,D'Shawn Jamison,generic,JamisonDShawn_23088
10921,E.J. Jenkins,generic,JenkinsEJ_1492
10922,Donovan Jennings,generic,JenningsDonovan_14749
10923,Gabe Jeudy-Lally,generic,JeudyLallyGabe_1418
10924,Kameron Johnson,generic,JohnsonKameron_1278
10925,Dyontae Johnson,generic,JohnsonDyontae_1490
10926,Raymond Johnson III,generic,JohnsonIIIRaymond_21998
10927,Emory Jones,generic,JonesEmory_1212
10928,Donte Kent,generic,KentDonte_14995
10929,Elijah Klein,generic,KleinElijah_1126
10930,Jamree Kromah,generic,KromahJamree_1398
10931,Jake Kubas,generic,KubasJake_1365
10932,Cam Lampkin,generic,LampkinCam_1396
10933,Caleb Lohner,generic,LohnerCaleb_4609
10935,David Martin-Robinson,generic,MartinRobinsonDavid_1378
10936,Jaylen McCollough,generic,McColloughJaylen_1344
10937,Marcelino McCrary-Ball,generic,BallMarcelino_21791
10938,Austin McNamara,generic,McNamaraAustin_15007
10939,Tommy Mellott,generic,MellottTommy_4606
10940,Andrew Meyer,generic,MeyerAndrew_1346
10941,Ryan Miller,generic,MillerRyan_28419
10942,Cam Miller,generic,MillerCam_4607
10944,Grayson Murphy,generic,MurphyGrayson_14878
10945,Bill Murray,generic,MurrayBill_1329
10946,Elias Neal,generic,NealElias_1341
10947,Michael Niese,generic,NieseMichael_1336
10948,Morice Norris,generic,NorrisMorice_9810
10949,Thomas Odukoya,generic,OdukoyaThomas_1376
10950,Bryce Oliver,generic,OliverBryce_1538
10951,Rico Payton,generic,PaytonRico_1362
10952,Dell Pettus,generic,PettusDell_1351
10954,Winston Reid,generic,ReidWinston_1395
10955,Nikko Remigio,generic,RemigioNikko_22798
10956,Mason Richman,generic,RichmanMason_16150
10957,Bo Richter,generic,RichterBo_28422
10958,Jordon Riley,generic,RileyJordon_23280
10959,Casey Rogers,generic,RogersCasey_1491
10960,Chris Roland-Wallace,generic,RolandWallaceChristian_1251
10961,D'Angelo Ross,generic,RossDAngelo_23366
10962,Tyrell Shavers,generic,ShaversTyrell_9712
10963,Jamie Sheriff,generic,SheriffJamie_1326
10964,Spencer Shrader,generic,ShraderSpencer_1416
10965,Kion Smith,generic,SmithKion_23349
10966,Omar Speights,generic,SpeightsOmar_14917
10967,Carson Steele,generic,SteeleCarson_15014
10970,Loren Strickland,generic,StricklandLoren_1335
10971,Rex Sunahara,generic,SunaharaRex_21311
10972,Jalen Sundell,generic,SundellJalen_1372
10973,Messiah Swinson,generic,SwinsonMessiah_1382
10974,Taki Taimani,generic,TaimaniTaki_1350
10975,Dondrea Tillman,generic,TillmanDondrea_1397
10976,Mitchell Tinsley,generic,TinsleyMitchell_22787
10977,Mason Tipton,generic,TiptonMason_1356
10979,Maddux Trujillo,generic,TrujilloMaddux_4610
10980,Dalton Tucker,generic,TuckerDalton_1338
10981,Isaac Ukwu,generic,UkwuIsaac_28428
10982,Ryan Van Demark,generic,VanDemarkRyan_22446
10984,Casey Washington,generic,WashingtonCasey_1098
10985,Carlos Washington Jr,generic,WashingtonJrCarlos_1569
10986,Blake Watson,generic,WatsonBlake_15015
10987,Markees Watts,generic,WattsMarkees_23356
10989,Dee Williams,generic,WilliamsDee_1371
10990,Pokey Wilson,generic,WilsonPokey_23295
10991,Jacoby Windmon,generic,WindmonJacoby_14899
10992,Rashad Wisdom,generic,WisdomRashad_1276
10994,Julius Wood,generic,WoodJulius_1247
10995,Charles Woods,generic,WoodsCharles_1343
10996,Colson Yankoff,generic,YankoffColson_1381
10997,Micah Robinson,generic,RobinsonMicah_16156
10998,Marcus Bryant,generic,BryantMarcus_16149
10999,Julian Ashby,generic,AshbyJulian_16153
11000,Jonah Williams,generic,WilliamsJonah_20530
11002,Deone Walker,generic,WalkerDeone_15242
11003,Johnny Walker Jr.,generic,WalkerJrJohnny_4628
11004,Adin Huntington,generic,HuntingtonAdin_4669
11006,Mose Vavao,generic,VavaoMose_4703
11007,Jacobe Covington,generic,CovingtonJacobe_4701
11008,Jacory Croskey-Merritt,generic,CroskeyMerrittJacory_16152
11009,Amari Kight,generic,KightAmari_4700
11010,Mike Reid,generic,ReidMike_4699
11011,Esa Pole,generic,PoleEsa_4697
11012,Gage Larvadain,generic,LarvadainGage_4698
11013,Benjamin Yurosek,generic,YurosekBenjamin_4665
11014,Zemaiah Vaughn,generic,VaughnZemaiah_4683
11015,Myles Price,generic,PriceMyles_4657
11016,Dorian Mausi Jr.,generic,MausiJrDorian_4620
11017,Austin Keys,generic,KeysAustin_4621
11018,Zeke Correll,generic,CorrellZeke_4644
11019,Chaz Chambliss,generic,ChamblissChaz_4622
11020,Silas Bolden,generic,BoldenSilas_4658
11021,Austin Brinkman,generic,BrinkmanAustin_4685
11022,Sal Wormley,generic,WormleySal_4635
11023,Ben Wooldridge,generic,WooldridgeBen_4649
11024,Addison West,generic,WestAddison_4642
11025,Trey Wedig,generic,WedigTrey_4638
11026,Desmond Watson,generic,WatsonDesmond_4672
11027,Trey Washington,generic,WashingtonTrey_4695
11028,Jailin Walker,generic,WalkerJailin_4625
11029,Nate Valcarcel,generic,ValcarcelNate_4613
11030,Dartanyan Tinsley,generic,TinsleyDartanyan_4693
11031,Corey Thornton,generic,ThorntonCorey_4677
11032,Blayne Taylor,generic,TaylorBlayne_4661
11033,Danny Striggow,generic,StriggowDanny_4673
11041,JJ Roberts,generic,RobertsJJ_4614
11043,Nikko Reed,generic,ReedNikko_4681
11502,Donovan McMillon,generic,McMillonDonovan_4612
14374,Luke Newman,generic,NewmanLuke_16145