Historical Player,Position,Race,Type,DDS Filename,Recycled From
Sam Adams,DT,7,REAL,plpo_legends_AdamsSam.dds,Has own portrait
Larry Allen,LG,7,REAL,plpo_legends_AllenLarry.dds,Has own portrait
Isaac Bruce,WR,7,REAL,plpo_legends_Bruce_Isaac.dds,Has own portrait
Tony Carter,RB,7,REAL,,Has own portrait
Mike Davis,CB,7,REAL,plpo_DavisMike.dds,Has own portrait
Marshall Faulk,HB,7,REAL,plpo_legends_MarshallFaulk_Profile.dds,Has own portrait
Jason Gildon,MLB,7,REAL,plpo_HackenbergChristian.dds,Has own portrait
Aaron Glenn,CB,7,REAL,plpo_legends_GlennAaron.dds,Has own portrait
Rodney Harrison,CB,7,REAL,plpo_legends_HarrisonRodney.dds,Has own portrait
Charles Johnson,WR,7,REAL,plpo_JohnsonCharles.dds,Has own portrait
Lonnie Johnson,TE,7,REAL,plpo_JohnsonLonnie.dds,Has own portrait
Ernest Jones,DT,7,REAL,plpo_JonesErnest.dds,Has own portrait
Dorsey Levens,HB,7,REAL,plpo_legends_LevensDorsey.dds,Has own portrait
Willie McGinest,LE,7,REAL,plpo_legends_McGinestWillie.dds,Has own portrait
Sam Rogers,MLB,7,REAL,plpo_RogersSamuel.dds,Has own portrait
Jason Sehorn,CB,7,REAL,plpo_legends_SehornJason.dds,Has own portrait
Rod Smith,WR,7,REAL,,Has own portrait
Bryant Young,DT,7,REAL,plpo_legends_YoungBryant.dds,Has own portrait
Kevin Mawae,C,1,REAL,plpo_legends_MawaeKevin.dds,Has own portrait
Tom Nalen,C,1,REAL,plpo_legends_NalenTom.dds,Has own portrait
Kurt Warner,QB,1,REAL,,Has own portrait
Anthony Abrams,LE,0,RECYCLABLE,plpo_AaituiIsaako.dds,Isaako Aaitui (R)
Brice Abrams,HB,0,RECYCLABLE,plpo_AbdesmadMehdi.dds,Mehdi Abdesmad (R)
Trev Alberts,MLB,0,RECYCLABLE,plpo_Abdul.dds,Quddus-Isa Abdul (R)
Ethan Albright,LS,0,RECYCLABLE,plpo_AbernathyMicah.dds,Micah Abernathy (R)
Allen Aldridge,MLB,0,RECYCLABLE,plpo_AdamJosh.dds,Josh Adam (R)
Brent Alexander,S,0,RECYCLABLE,plpo_AdamsAaron.dds,Aaron Adams (R)
Derrick Alexander,WR,0,RECYCLABLE,plpo_AdamsJeff.dds,Jeff Adams (R)
Dunstan Anderson,DE,0,RECYCLABLE,plpo_AdamsJohnny.dds,Johnny Adams (R)
Jamal Anderson,HB,0,RECYCLABLE,plpo_AdamsKris.dds,Kris Adams (R)
Aaron Bailey,WR,0,RECYCLABLE,plpo_AdamsKyle.dds,Kyle Adams (R)
Romeo Bandison,DT,0,RECYCLABLE,plpo_AdamsPaul.dds,Paul Adams (R)
Bradford Banta,TE,0,RECYCLABLE,plpo_AdamsTrey.dds,Trey Adams (R)
Mario Bates,HB,0,RECYCLABLE,plpo_AdamsTyrell.dds,Tyrell Adams (R)
Aubrey Beavers,MLB,0,RECYCLABLE,plpo_AddisonBralon.dds,Bralon Addison (R)
Zane Beehn,MLB,0,RECYCLABLE,plpo_AdeboyejoQuincy.dds,Quincy Adeboyejo (R)
Tom Beer,MLB,0,RECYCLABLE,plpo_AdeyemiKenton.dds,Kenton Adeyemi (R)
Myron Bell,CB,0,RECYCLABLE,plpo_Adjei.dds,Jude Adjei-Barimah (R)
Jay Bellamy,S,0,RECYCLABLE,plpo_AdongoDaniel.dds,Daniel Adongo (R)
Lou Benfatti,DT,0,RECYCLABLE,plpo_AfriyiePatrick.dds,Patrick Afriyie (R)
Donnell Bennett,HB,0,RECYCLABLE,plpo_AgudosiCarlton.dds,Carlton Agudosi (R)
Pete Bercich,MLB,0,RECYCLABLE,plpo_AhmedRamiz.dds,Ramiz Ahmed (R)
Mitch Berger,P,0,RECYCLABLE,plpo_AhmedShahbaz.dds,Shahbaz Ahmed (R)
David Binn,LS,0,RECYCLABLE,plpo_AjirotutuSeyi.dds,Seyi Ajirotutu (R)
Harold Bishop,TE,0,RECYCLABLE,plpo_AkinmoladunFreedom.dds,Freedom Akinmoladun (R)
John Bock,C,0,RECYCLABLE,plpo_AlakaOtaro.dds,Otaro Alaka (R)
Shane Bonham,DT,0,RECYCLABLE,plpo_AlbrightBryson.dds,Bryson Albright (R)
Chris Boniol,K,0,RECYCLABLE,plpo_AlecxihChas.dds,Chas Alecxih (R)
Vaughn Booker,DE,0,RECYCLABLE,plpo_AlexanderAdonis.dds,Adonis Alexander (R)
Issac Booth,CB,0,RECYCLABLE,plpo_AlexanderAlvester.dds,Alvester Alexander (R)
Jocelyn Borgella,CB,0,RECYCLABLE,plpo_AlexanderDanario.dds,Danario Alexander (R)
James Bostic,HB,0,RECYCLABLE,plpo_AlexanderDominique.dds,Dominique Alexander (R)
Tim Bowens,DT,0,RECYCLABLE,plpo_AlexanderMister.dds,Mister Alexander (R)
Malik Boyd,DB,0,RECYCLABLE,plpo_AlexanderZy.dds,Zy Alexander (R)
Brant Boyer,MLB,0,RECYCLABLE,plpo_AliJosh.dds,Josh Ali (R)
Rickey Brady,TE,0,RECYCLABLE,plpo_Allen.dds,Bryson Allen-Williams (R)
Rich Braham,C,0,RECYCLABLE,plpo_AllenArmando.dds,Armando Allen (R)
Chris Brantley,WR,0,RECYCLABLE,plpo_AllenAustin.dds,Austin Allen (R)
Chad Bratzke,LE,0,RECYCLABLE,plpo_AllenAustin_TE.dds,Austin Allen (R)
Doug Brien,K,0,RECYCLABLE,plpo_AllenChase.dds,Chase Allen (R)
Jeff Brohm,QB,0,RECYCLABLE,plpo_AllenChase_TE.dds,Chase Allen (R)
Bucky Brooks,CB,0,RECYCLABLE,plpo_AllenChristopher.dds,Christopher Allen (R)
Gary Brown,LT,0,RECYCLABLE,plpo_AllenDejon.dds,Dejon Allen (R)
Vaughn Bryant,CB,0,RECYCLABLE,plpo_AllenDevon.dds,Devon Allen (R)
Brentson Buckner,DT,0,RECYCLABLE,plpo_AllenJack.dds,Jack Allen (R)
Joe Burch,C,0,RECYCLABLE,plpo_AllenRaShaun.dds,RaShaun Allen (R)
John Burke,TE,0,RECYCLABLE,plpo_AllenTorrence.dds,Torrence Allen (R)
Keith Burns,MLB,0,RECYCLABLE,plpo_AllisonJeff.dds,Jeff Allison (R)
Jeff Burris,CB,0,RECYCLABLE,plpo_AmosJaquan.dds,Jaquan Amos (R)
James Burton,CB,0,RECYCLABLE,plpo_AmosJohn.dds,John Amos (R)
Butler By'not'e,HB,0,RECYCLABLE,plpo_AndersonBruce.dds,Bruce Anderson (R)
Matt Campbell,G,0,RECYCLABLE,plpo_AndersonBusta.dds,Busta Anderson (R)
Brett Carolan,TE,0,RECYCLABLE,plpo_AndersonBusta.dds,Busta Anderson (R)
Herman Carroll,LE,0,RECYCLABLE,plpo_AndersonDemetris.dds,Demetris Anderson (R)
Dwayne Carswell,TE,0,RECYCLABLE,plpo_AndersonDres.dds,Dres Anderson (R)
Bernard Carter,MLB,0,RECYCLABLE,plpo_AndersonJoe.dds,Joe Anderson (R)
Perry Carter,CB,0,RECYCLABLE,plpo_AndersonJonathan.dds,Jonathan Anderson (R)
Shante Carver,LE,0,RECYCLABLE,plpo_AndersonMJ.dds,MJ Anderson (R)
Derrick Clark,RB,0,RECYCLABLE,plpo_AndersonRyder.dds,Ryder Anderson (R)
Willie Clark,CB,0,RECYCLABLE,plpo_AndersonStephen.dds,Stephen Anderson (R)
Andre Coleman,WR,0,RECYCLABLE,plpo_AndersonZaire.dds,Zaire Anderson (R)
Dennis Collier,CB,0,RECYCLABLE,plpo_AndrewsAntonio.dds,Antonio Andrews (R)
Ervin Collier,DT,0,RECYCLABLE,plpo_AndrewsJosh.dds,Josh Andrews (R)
Jeff Cothran,FB,0,RECYCLABLE,plpo_AndriesBlaise.dds,Blaise Andries (R)
John Covington,CB,0,RECYCLABLE,plpo_AnkrahJason.dds,Jason Ankrah (R)
Sean Crocker,CB,0,RECYCLABLE,plpo_AnnenBlake.dds,Blake Annen (R)
Carlester Crumpler,TE,0,RECYCLABLE,plpo_AnthropDaniel.dds,Daniel Anthrop (R)
Richie Cunningham,K,0,RECYCLABLE,plpo_AnunikeKenny.dds,Kenny Anunike (R)
Anthony Daigle,HB,0,RECYCLABLE,plpo_AnunobyChigbo.dds,Chigbo Anunoby (R)
Isaac Davis,LG,0,RECYCLABLE,plpo_ArcherRJ.dds,RJ Archer (R)
John Davis,TE,0,RECYCLABLE,plpo_ArchibongDaniel.dds,Daniel Archibong (R)
Mitch Davis,MLB,0,RECYCLABLE,plpo_ArmbristerThurston.dds,Thurston Armbrister (R)
Lake Dawson,WR,0,RECYCLABLE,plpo_ArmstrongAnthony.dds,Anthony Armstrong (R)
Trent Dilfer,QB,0,RECYCLABLE,plpo_ArmstrongRay.dds,Ray-Ray Armstrong (R)
Nate Dingle,LB,0,RECYCLABLE,plpo_ArnfeltBrian.dds,Brian Arnfelt (R)
Ernest Dixon,LB,0,RECYCLABLE,plpo_AshRichard.dds,Richard Ash (R)
Mark Dixon,G,0,RECYCLABLE,plpo_AskewNate.dds,Nate Askew (R)
DeWayne Dotson,MLB,0,RECYCLABLE,plpo_AtkinsonIIIGeorge.dds,George Atkinson III (R)
Omar Douglas,WR,0,RECYCLABLE,plpo_AubreyJosh.dds,Josh Aubrey (R)
Gary Downs,HB,0,RECYCLABLE,plpo_AuclairAntony.dds,Antony Auclair (R)
Tyronne Drakeford,CB,0,RECYCLABLE,plpo_AustellErik.dds,Erik Austell (R)
Paul Duckworth,MLB,0,RECYCLABLE,plpo_AustinJrKevin.dds,Kevin Austin Jr (R)
Ronald Edwards,LT,0,RECYCLABLE,plpo_AustinRodney.dds,Rodney Austin (R)
Keith Elias,RB,0,RECYCLABLE,plpo_AustinThomas.dds,Thomas Austin (R)
Jerry Ellison,RB,0,RECYCLABLE,plpo_AveryCJ.dds,CJ Avery (R)
Bert Emanuel,WR,0,RECYCLABLE,plpo_AweMicah.dds,Micah Awe (R)
Greg Engel,C,0,RECYCLABLE,plpo_BaccelliaAndre.dds,Andre Baccellia (R)
Eric England,LE,0,RECYCLABLE,plpo_BadaDavid.dds,David Bada (R)
Greg Evans,S,0,RECYCLABLE,plpo_BadetJeff.dds,Jeff Badet (R)
D'Marco Farr,DT,0,RECYCLABLE,plpo_BaileyAlvin.dds,Alvin Bailey (R)
Ta'ase Faumui,LE,0,RECYCLABLE,plpo_BaileySterling.dds,Sterling Bailey (R)
Jay Fiedler,QB,0,RECYCLABLE,plpo_BaileyZack.dds,Zack Bailey (R)
Jim Flanigan,DT,0,RECYCLABLE,plpo_BainivaluHenry.dds,Henry Bainivalu (R)
Cory Fleming,WR,0,RECYCLABLE,plpo_BairBrandon.dds,Brandon Bair (R)
Malcolm Floyd,WR,0,RECYCLABLE,plpo_BaityDerrick.dds,Derrick Baity (R)
William Floyd,FB,0,RECYCLABLE,plpo_BakeJrDarrell.dds,Darrell Bake Jr (R)
Glenn Foley,QB,0,RECYCLABLE,plpo_BakerSean.dds,Sean Baker (R)
James Folston,MLB,0,RECYCLABLE,plpo_BakerSteven.dds,Steven Baker (R)
Henry Ford,DT,0,RECYCLABLE,plpo_BakerThomas.dds,Thomas Baker (R)
Rob Fredrickson,MLB,0,RECYCLABLE,plpo_BalducciAlex.dds,Alex Balducci (R)
Gus Frerotte,QB,0,RECYCLABLE,plpo_BallMarcus.dds,Marcus Ball (R)
Randy Fuller,CB,0,RECYCLABLE,plpo_BandyTrajan.dds,Trajan Bandy (R)
William Gaines,DT,0,RECYCLABLE,plpo_BanjoChris.dds,Chris Banjo (R)
Wayne Gandy,LT,0,RECYCLABLE,plpo_BanksJeremy.dds,Jeremy Banks (R)
Jeff Garcia,QB,0,RECYCLABLE,plpo_BanyardJoe.dds,Joe Banyard (R)
Charlie Garner,HB,0,RECYCLABLE,plpo_BarcooLuq.dds,Luq Barcoo (R)
Lee Gissendaner,WR,0,RECYCLABLE,plpo_BardenBrandon.dds,Brandon Barden (R)
Marvin Goodwin,CB,0,RECYCLABLE,plpo_BarkerChris.dds,Chris Barker (R)
Tracy Greene,TE,0,RECYCLABLE,plpo_BarnesAlex.dds,Alex Barnes (R)
Robert Griffith,CB,0,RECYCLABLE,plpo_BarnesTavaris.dds,Tavaris Barnes (R)
Monty Grow,S,0,RECYCLABLE,plpo_BarnesTJ.dds,TJ Barnes (R)
Lemanski Hall,MLB,0,RECYCLABLE,plpo_BarneyTarow.dds,Tarow Barney (R)
Bobby Hamilton,DE,0,RECYCLABLE,plpo_BartonKarim.dds,Karim Barton (R)
Ruffin Hamilton,MLB,0,RECYCLABLE,plpo_BaskervilleMicah.dds,Micah Baskerville (R)
Shelly Hammonds,CB,0,RECYCLABLE,plpo_BassBen.dds,Ben Bass (R)
Bernardo Harris,LB,0,RECYCLABLE,plpo_BatesDaren.dds,Daren Bates (R)
Raymont Harris,HB,0,RECYCLABLE,plpo_BatesHouston.dds,Houston Bates (R)
Frank Harvey,HB,0,RECYCLABLE,plpo_BatesPhil.dds,Phil Bates (R)
Steve Hawkins,WR,0,RECYCLABLE,plpo_BatsonCameron.dds,Cameron Batson (R)
Kurt Haws,TE,0,RECYCLABLE,plpo_BattleIsaiah.dds,Isaiah Battle (R)
George Hegamin,LT,0,RECYCLABLE,plpo_BattleJohn.dds,John Battle (R)
Andre Hewitt,LT,0,RECYCLABLE,plpo_BaughMarcus.dds,Marcus Baugh (R)
Greg Hill,HB,0,RECYCLABLE,plpo_BaumannWill.dds,Will Baumann (R)
Lloyd Hill,WR,0,RECYCLABLE,plpo_BausbyDeVante.dds,DeVante Bausby (R)
Sean Hill,CB,0,RECYCLABLE,plpo_BayerAlex.dds,Alex Bayer (R)
Corey Holliday,WR,0,RECYCLABLE,plpo_BaylessOmar.dds,Omar Bayless (R)
Mike Hollis,K,0,RECYCLABLE,plpo_BaylisEvan.dds,Evan Baylis (R)
Rob Holmberg,MLB,0,RECYCLABLE,plpo_BealSam.dds,Sam Beal (R)
Harrison Houston,WR,0,RECYCLABLE,plpo_BegeltonReggie.dds,Reggie Begelton (R)
Terry Irving,MLB,0,RECYCLABLE,plpo_BellamyDavin.dds,Davin Bellamy (R)
Eric Jack,CB,0,RECYCLABLE,plpo_BellamyJoshua.dds,Joshua Bellamy (R)
Calvin Jackson,CB,0,RECYCLABLE,plpo_BellamyLevante.dds,Levante Bellamy (R)
Sean Jackson,HB,0,RECYCLABLE,plpo_BellBrandon.dds,Brandon Bell (R)
Tyoka Jackson,DE,0,RECYCLABLE,plpo_BellGreg.dds,Greg Bell (R)
Willie Jackson,WR,0,RECYCLABLE,plpo_BellJered.dds,Jered Bell (R)
Kevin Jefferson,LB,0,RECYCLABLE,plpo_BellMike.dds,Mike Bell (R)
Filmel Johnson,CB,0,RECYCLABLE,plpo_BelloBJ.dds,BJ Bello (R)
Joe Johnson,LE,0,RECYCLABLE,plpo_BenfordTim.dds,Tim Benford (R)
LeShon Johnson,HB,0,RECYCLABLE,plpo_BenkertKurt.dds,Kurt Benkert (R)
Pat Johnson,S,0,RECYCLABLE,plpo_BennettBryan.dds,Bryan Bennett (R)
Tre' Johnson,LG,0,RECYCLABLE,plpo_BensonTrinity.dds,Trinity Benson (R)
Tyrone Johnson,WR,0,RECYCLABLE,plpo_BenzschawelBeau.dds,Beau Benzschawel (R)
Calvin Jones,HB,0,RECYCLABLE,plpo_BercoviciMike.dds,Mike Bercovici (R)
Andrew Jordan,TE,0,RECYCLABLE,plpo_BerryEvan.dds,Evan Berry (R)
Dwayne Joseph,CB,0,RECYCLABLE,plpo_BerryRashod.dds,Rashod Berry (R)
Matt Joyce,OT,0,RECYCLABLE,plpo_BersinBrenton.dds,Brenton Bersin (R)
Alai Kalaniuvalu,LG,0,RECYCLABLE,plpo_BertJones.dds,Bert Jones (R)
Jay Kearney,WR,0,RECYCLABLE,plpo_BertoletTaylor.dds,Taylor Bertolet (R)
Perry Klein,QB,0,RECYCLABLE,plpo_Bethel.dds,McLeod Bethel-Thompson (R)
Alan Kline,OT,0,RECYCLABLE,plpo_BethuneYurik.dds,Yurik Bethune (R)
Kevin Knox,WR,0,RECYCLABLE,plpo_BibbsEJ.dds,EJ Bibbs (R)
Darren Krein,LE,0,RECYCLABLE,plpo_BighillAdam.dds,Adam Bighill (R)
Aaron Laing,TE,0,RECYCLABLE,plpo_BillingsleyJace.dds,Jace Billingsley (R)
Max Lane,LT,0,RECYCLABLE,plpo_BinnsArmon.dds,Armon Binns (R)
Antonio Langham,CB,0,RECYCLABLE,plpo_BishopFreddie.dds,Freddie Bishop (R)
Kevin Lee,WR,0,RECYCLABLE,plpo_BituliDaniel.dds,Daniel Bituli (R)
Fred Lester,HB,0,RECYCLABLE,plpo_BlackHenry.dds,Henry Black (R)
Chuck Levy,HB,0,RECYCLABLE,plpo_BlacknallSaeed.dds,Saeed Blacknall (R)
Roderick Lewis,TE,0,RECYCLABLE,plpo_BlackwellJosh.dds,Josh Blackwell (R)
Thomas Lewis,WR,0,RECYCLABLE,plpo_BlakeChristian.dds,Christian Blake (R)
Corey Louchiey,LT,0,RECYCLABLE,plpo_BlanchardMatt.dds,Matt Blanchard (R)
Lance Lundberg,LT,0,RECYCLABLE,plpo_BlandingQuin.dds,Quin Blanding (R)
Keith Lyle,CB,0,RECYCLABLE,plpo_BlantonKendall.dds,Kendall Blanton (R)
Rick Lyle,DE,0,RECYCLABLE,plpo_BledsoeAmani.dds,Amani Bledsoe (R)
Eric Mahlum,LG,0,RECYCLABLE,plpo_BlewittChris.dds,Chris Blewitt (R)
Van Malone,CB,0,RECYCLABLE,plpo_BlueJavess.dds,Javess Blue (R)
Anthony Marshall,CB,0,RECYCLABLE,plpo_BoardCJ.dds,C.J. Board (R)
Jason Mathews,LT,0,RECYCLABLE,plpo_BoffeliConor.dds,Conor Boffeli (R)
Steve Matthews,QB,0,RECYCLABLE,plpo_BoggsTaylor.dds,Taylor Boggs (R)
Chris Maumalanga,DT,0,RECYCLABLE,plpo_BoldenBubba.dds,Bubba Bolden (R)
Andy McCollum,C,0,RECYCLABLE,plpo_BoldenSlade.dds,Slade Bolden (R)
Hurvin McCormack,DT,0,RECYCLABLE,plpo_BoldenVictor.dds,Victor Bolden (R)
Ryan McCoy,MLB,0,RECYCLABLE,plpo_BonaniMaikon.dds,Maikon Bonani (R)
Lenny McGill,CB,0,RECYCLABLE,plpo_BondAl.dds,Al Bond (R)
Toddrick McIntosh,LE,0,RECYCLABLE,plpo_BondDeyshawn.dds,Deyshawn Bond (R)
James McKnight,WR,0,RECYCLABLE,plpo_BondsTerrell.dds,Terrell Bonds (R)
Terry Mickens,WR,0,RECYCLABLE,plpo_BonnafonReggie.dds,Reggie Bonnafon (R)
Jamir Miller,MLB,0,RECYCLABLE,plpo_BonnerDetrick.dds,Detrick Bonner (R)
Jim Miller,QB,0,RECYCLABLE,plpo_BooneAnthony.dds,Anthony Boone (R)
Derrell Mitchell,WR,0,RECYCLABLE,plpo_BoothCody.dds,Cody Booth (R)
Kevin Mitchell,MLB,0,RECYCLABLE,plpo_BootleDicaprio.dds,Dicaprio Bootle (R)
Shannon Mitchell,TE,0,RECYCLABLE,plpo_BoozerCole.dds,Cole Boozer (R)
Mark Montgomery,HB,0,RECYCLABLE,plpo_BorderBreon.dds,Breon Border (R)
Marty Moore,MLB,0,RECYCLABLE,plpo_BorghiMax.dds,Max Borghi (R)
Bam Morris,HB,0,RECYCLABLE,plpo_BorregalesJose.dds,Jose Borregales (R)
Horace Morris,MLB,0,RECYCLABLE,plpo_BostickJrEarl.dds,Earl Bostick Jr. (R)
Johnnie Morton,WR,0,RECYCLABLE,plpo_BosworthBrian.dds,Brian Bosworth (R)
Quentin Neujahr,C,0,RECYCLABLE,plpo_BoulwareBenjamin.dds,Benjamin Boulware (R)
Dexter Nottage,LE,0,RECYCLABLE,plpo_BowenBranden.dds,Branden Bowen (R)
Craig Novitsky,LG,0,RECYCLABLE,plpo_BowersNick.dds,Nick Bowers (R)
Jeremy Nunley,LE,0,RECYCLABLE,plpo_BowmanBraedon.dds,Braedon Bowman (R)
Doug Nussmeier,QB,0,RECYCLABLE,plpo_BoydChris.dds,Chris Boyd (R)
Brian O'Neal,FB,0,RECYCLABLE,plpo_BoydDino.dds,Dino Boyd (R)
Pat O'Neill,P,0,RECYCLABLE,plpo_BoyeDoeEkow.dds,Ekow Boye-Doe (R)
Kimo von Oelhoffen,LE,0,RECYCLABLE,plpo_BoyetteJrPaul.dds,Paul Boyette Jr. (R)
A.J. Ofodile,TE,0,RECYCLABLE,plpo_BoykinLance.dds,Lance Boykin (R)
Brad Ottis,LE,0,RECYCLABLE,plpo_BoykinsJeremy.dds,Jeremy Boykins (R)
David Palmer,WR,0,RECYCLABLE,plpo_BoykoBrett.dds,Brett Boyko (R)
Joe Panos,LG,0,RECYCLABLE,plpo_BoykoBrett.dds,Brett Boyko (R)
Orlando Parker,WR,0,RECYCLABLE,plpo_BrackettBrett.dds,Brett Brackett (R)
Vaughn Parker,LT,0,RECYCLABLE,plpo_BradenBen.dds,Ben Braden (R)
Roosevelt Patterson,LG,0,RECYCLABLE,plpo_BradleyBam.dds,Bam Bradley (R)
Joe Patton,LT,0,RECYCLABLE,plpo_BradleyJaMarcus.dds,JaMarcus Bradley (R)
Chris Penn,WR,0,RECYCLABLE,plpo_BradwellDarius.dds,Darius Bradwell (R)
Marlo Perry,MLB,0,RECYCLABLE,plpo_BradyTyre.dds,Tyre Brady (R)
Tony Peterson,MLB,0,RECYCLABLE,plpo_BranchMarcelis.dds,Marcelis Branch (R)
Anthony Phillips,CB,0,RECYCLABLE,plpo_BrannonJohn.dds,John Brannon (R)
Pete Pierson,LT,0,RECYCLABLE,plpo_BreauxDelvin.dds,Delvin Breaux (R)
Trent Pollard,LT,0,RECYCLABLE,plpo_BreelandJacob.dds,Jacob Breeland (R)
Jim Pyne,LG,0,RECYCLABLE,plpo_BrennerSam.dds,Sam Brenner (R)
Shelton Quarles,LB,0,RECYCLABLE,plpo_BrentJosh.dds,Josh Brent (R)
Thomas Randolph,CB,0,RECYCLABLE,plpo_BrentKJ.dds,K.J. Brent (R)
Walter Rasby,TE,0,RECYCLABLE,plpo_BrewerCJ.dds,C.J. Brewer (R)
Eric Ravotti,MLB,0,RECYCLABLE,plpo_BrewsterMichael.dds,Michael Brewster (R)
Anthony Redmon,LG,0,RECYCLABLE,plpo_BriceKentrell.dds,Kentrell Brice (R)
John Reece,CB,0,RECYCLABLE,plpo_BridgeBrandon.dds,Brandon Bridge (R)
Bryan Reeves,WR,0,RECYCLABLE,plpo_BrightDave.dds,Dave Bright (R)
Jim Reid,LT,0,RECYCLABLE,plpo_BrindzaKyle.dds,Kyle Brindza (R)
Jerry Reynolds,LT,0,RECYCLABLE,plpo_BrinkleyBeau.dds,Beau Brinkley (R)
Errict Rhett,HB,0,RECYCLABLE,plpo_BritzTravis.dds,Travis Britz (R)
Tony Richardson,FB,0,RECYCLABLE,plpo_BrkicGabe.dds,Gabe Brkic (R)
Ron Rivers,RB,0,RECYCLABLE,plpo_BrockelRichie.dds,Richie Brockel (R)
Austin Robbins,DT,0,RECYCLABLE,plpo_BrockKevin.dds,Kevin Brock (R)
Jermaine Ross,WR,0,RECYCLABLE,plpo_BrodineMason.dds,Mason Brodine (R)
Tim Ruddy,C,0,RECYCLABLE,plpo_BronsonJosiah.dds,Josiah Bronson (R)
Terry Samuels,TE,0,RECYCLABLE,plpo_BronsonMalcolm.dds,Malcolm Bronson (R)
Cedric Saunders,TE,0,RECYCLABLE,plpo_BrooksJamesTony.dds,Tony Brooks-James (R)
Corey Sawyer,CB,0,RECYCLABLE,plpo_BrooksKennedy.dds,Kennedy Brooks (R)
Bill Schroeder,WR,0,RECYCLABLE,plpo_BrooksMason.dds,Mason Brooks (R)
Darnay Scott,WR,0,RECYCLABLE,plpo_BrooksMyles.dds,Myles Brooks (R)
Tony Semple,LG,0,RECYCLABLE,plpo_BrooksPaxton.dds,Paxton Brooks (R)
Steve Shine,MLB,0,RECYCLABLE,plpo_BrossetteNick.dds,Nick Brossette (R)
Heath Shuler,QB,0,RECYCLABLE,plpo_BrownAlgernon.dds,Algernon Brown (R)
Fernando Smith,LE,0,RECYCLABLE,plpo_BrownAnthony_QB.dds,Anthony Brown (R)
Lamar Smith,HB,0,RECYCLABLE,plpo_BrownBeniquez.dds,Beniquez Brown (R)
Marcus Spears,LT,0,RECYCLABLE,plpo_BrownBlace.dds,Blace Brown (R)
Ramondo Stallings,LE,0,RECYCLABLE,plpo_BrownDeAngelo.dds,Angelo Brown (R)
Todd Steussie,LT,0,RECYCLABLE,plpo_BrownDominique.dds,Dominique Brown (R)
Robert Strait,HB,0,RECYCLABLE,plpo_BrownDonatello.dds,Donatello Brown (R)
Darren Studstill,CB,0,RECYCLABLE,plpo_BrownDrew.dds,Drew Brown (R)
Aaron Taylor,LG,0,RECYCLABLE,plpo_BrownDrew.dds,Drew Brown (R)
Lance Teichelman,LE,0,RECYCLABLE,plpo_BrownerKeith.dds,Keith Browner (R)
John Thierry,LE,0,RECYCLABLE,plpo_BrownFadol.dds,Fadol Brown (R)
Damon Thomas,WR,0,RECYCLABLE,plpo_BrownFred.dds,Fred Brown (R)
Winfred Tubbs,MLB,0,RECYCLABLE,plpo_BrownJaron.dds,Jaron Brown (R)
Rich Tylski,G,0,RECYCLABLE,plpo_BrownKeenen.dds,Keenen Brown (R)
Tony Vinson,HB,0,RECYCLABLE,plpo_BrownKourtnei.dds,Kourtnei Brown (R)
Rob Waldrop,DT,0,RECYCLABLE,plpo_BrownKyron.dds,Kyron Brown (R)
Bracy Walker,CB,0,RECYCLABLE,plpo_BrownLeddie.dds,Leddie Brown (R)
Bruce Walker,DT,0,RECYCLABLE,plpo_BrownMack.dds,Mack Brown (R)
Jay Walker,QB,0,RECYCLABLE,plpo_BrownMarlon.dds,Marlon Brown (R)
Lamont Warren,HB,0,RECYCLABLE,plpo_BrownMiles.dds,Miles Brown (R)
Dewayne Washington,CB,0,RECYCLABLE,plpo_BrownRyan.dds,Ryan Brown (R)
Mike Wells,DT,0,RECYCLABLE,plpo_BrownSergio.dds,Sergio Brown (R)
Larry Whigham,CB,0,RECYCLABLE,plpo_BrownTanner.dds,Tanner Brown (R)
Bernard Whittington,DE,0,RECYCLABLE,plpo_BrownTony.dds,Tony Brown (R)
Gabe Wilkins,LE,0,RECYCLABLE,plpo_BrownTre.dds,Tre Brown (R)
Jeff Wilkins,K,0,RECYCLABLE,plpo_BrownWilliam.dds,William Brown (R)
Dan Wilkinson,DT,0,RECYCLABLE,plpo_BrumfieldGarrett.dds,Garrett Brumfield (R)
Bernard Williams,LT,0,RECYCLABLE,plpo_BrutusLamarcus.dds,Lamarcus Brutus (R)
Jay Williams,DE,0,RECYCLABLE,plpo_BryantBrandin.dds,Brandin Bryant (R)
Mark Williams,LB,0,RECYCLABLE,plpo_BryantBrandon.dds,Brandon Bryant (R)
Jeff Wilner,TE,0,RECYCLABLE,plpo_BryantChristian.dds,Christian Bryant (R)
Ray Wilson,S,0,RECYCLABLE,plpo_BryantHunter.dds,Hunter Bryant (R)
Tydus Winans,WR,0,RECYCLABLE,plpo_BryantKelly.dds,Kelly Bryant (R)
Jason Winrow,LG,0,RECYCLABLE,plpo_BryantVentell.dds,Ventell Bryant (R)
Lee Woodall,MLB,0,RECYCLABLE,plpo_BuchananCollin.dds,Collin Buchanan (R)
Ronnie Woolfork,MLB,0,RECYCLABLE,plpo_BucknerDan.dds,Dan Buckner (R)
Tito Wooten,S,0,RECYCLABLE,plpo_BuecheleShane.dds,Shane Buechele (R)
Barron Wortham,MLB,0,RECYCLABLE,plpo_BulloughRiley.dds,Riley Bullough (R)
Toby Wright,CB,0,RECYCLABLE,plpo_BundyMarquis.dds,Marquis Bundy (R)
Ryan Yarborough,WR,0,RECYCLABLE,plpo_BuntingIan.dds,Ian Bunting (R)
Eric Zomalt,CB,0,RECYCLABLE,plpo_BurksBrandon.dds,Brandon Burks (R)