pam,pid,player_name,confidence
harriskekwane_22315,14650,Cliff Harris,medium
hendricksevan_13184,37,Ted Hendricks,medium
dawkinsBrian_17583,15144,Joe Dawkins,medium
gayWilam_17867,20265,Blenda Gay,medium
douglasdemarious_13141,14423,Doug Buffone,medium
hallkyle_22075,15692,Charlie Hall,medium
harrisbobby_11891,14650,Cliff Harris,medium
johnsonkerryon_13073,14395,Randy Johnson,medium
BurrowJoe_20948,15496,Ken Burrow,medium
gordonjosh_11257,14434,Dick Gordon,medium
harrisrodney_11567,14650,Cliff Harris,medium
addisonJordan_22693,73786, ,medium
jenkinsJohnathan_17687,14529,Al Jenkins,medium
halibutikhalil_20979,19442,Hal Roberts,medium
grissomgeronimo_22465,73786, ,medium
fergusonreid_20971,15365,Gene Ferguson,medium
harrisdamontae_20698,14650,Cliff Harris,medium
freemandevonta_17546,14389,Mike Freeman,medium
greenbashaud_27917,14648,Cornell Green,medium
gregoryreedley_20702,14399,Greg Lens,medium
blackmonJulian_21269,23234,Tim Black,medium
dukeThomas_20149,24080,Duke Fergerson,medium
fieldsJustin_21565,21220,Joe Fields,medium
BrownDerrick_21286,14513,Ken Brown,medium
joneszack_12560,14489,Willie Jones,medium
crosbymason_27996,19927,Steve Crosby,medium
howelykenji_20345,34261,Glen Howe,medium
bryantdez_9754,14906,Bobby Bryant,medium
amersondavid_11893,73786, ,medium
CampbellJihaad_15268,14381,Sonny Campbell,medium
gillispiemarco_12542,21060,Gil Chapman,medium
huntcalvin_13072,14794,Ervin Hunt,medium
boydTyler_17593,14548,Bo Scott,medium
georgejohnathan_22063,14396,George Kunz,medium
haywardCasey_13067,52837,Hayward Clay,medium
holtsclaw_21000,29753,John Holt,medium
burksTreylon_22069,21113,Steve Burks,medium
chungPatrick_20146,46483,Eugene Chung,medium
covingtonChris_13451,38672,Jaime Covington,medium
jefferytruman_2437,14417,Jeff Van Note,medium
heflinmaliek_21174,30485,Vince Heflin,medium
freemanroyce_2436,14389,Mike Freeman,medium
hoganChris_13202,22538,Mike Hogan,medium
harrisdeonte_12665,14650,Cliff Harris,medium
enuwajiimmanuel_1290,73786, ,medium
doubleronnie_11251,53021,Dou Innocent,medium
bowersBrock_14678,14548,Bo Scott,medium
edwardsbernard_13216,14452,Ed O'Bradovich,medium
antetokounmpothanasis_2996,73786, ,medium
hardmanmechole_20591,15412,Cedrick Hardman,medium
cladyryan_28406,20072,C.L. Whittington,medium
ZabelGrey_4601,15228,Steve Zabel,medium
jacksonrickey_20086,14429,Jack Concannon,medium
hilltaysom_17580,14568,Jerry Hill,medium
hastingsWill_20980,48242,Andre Hastings,medium
edebalisemmanuel_1716,14452,Ed O'Bradovich,medium
doucetwilliam_27963,53021,Dou Innocent,medium
gordonmelvin_10820,14434,Dick Gordon,medium
griffinshaquille_17549,21781,Archie Griffin,medium
fullwood_20097,38079,Brent Fullwood,medium
ebukamebuka_13142,73786, ,medium
hejsmanuel_22479,73786, ,medium
bryantmatt_15694,14906,Bobby Bryant,medium
cashmanBlake_20693,15315,Rick Cash,medium
AllenJosh_20410,14376,Grady Allen,medium
hollandii_1000,15651,Vern Holland,medium
huntkareem_13072,14794,Ervin Hunt,medium
holdencole_20342,16143,Sam Holden,medium
gayWilliams_17867,20265,Blenda Gay,medium
harrisonronnie_11567,14650,Cliff Harris,medium
hillmccoy_17742,14568,Jerry Hill,medium
huntagildon_28295,14794,Ervin Hunt,medium
betheaantoine_27338,15139,Elvin Bethea,medium
chubbBradley_13079,64625,C #66,medium
franchiseammon_20095,14707,Fran Lynch,medium
hudsonanton_13161,15111,Jim Hudson,medium
brownCorey_2292,14513,Ken Brown,medium
hillkingjt_20981,14568,Jerry Hill,medium
grugierCam_21510,73786, ,medium
grovesquenton_22066,65757,Jake Grove,medium
agholorNelson_2442,73786, ,medium
browningJake_20329,14513,Ken Brown,medium
dillonAJ_21079,40143,Scott Dill,medium
bectonMekhi_20969,73786, ,medium
garcianilklaas_17824,27609,Bubba Garcia,medium
higginsrasul_13071,25715,Tom Higgins,medium
johnsonmalik_2413,14395,Randy Johnson,medium
bryantmartavis_10840,14906,Bobby Bryant,medium
beckhamJrOdell_10829,16315,Braden Beck,medium
edwardsanthony_2403,14452,Ed O'Bradovich,medium
grayjason_28399,15149,Ken Gray,medium
BarkleySaquon_13085,73786, ,medium
delaireTrevor_22083,14997,Del Williams,medium
allenBrandon_17606,14376,Grady Allen,medium
hoegertyler_22479,73786, ,medium
MatthewsTommy_FOTF,14800,Al Matthews,medium
bensonTrey_14622,14517,Ben Davis,medium
gen_2_B_N_0015,73786, ,medium
FarmeronAmeer_11308,7689,George Farmer,medium
adderleyNasir_20455,10797,Herb Adderley,medium
gatewoodsidrian_20498,17447,Thom Gatewood,medium
haackkyle_21166,73786, ,medium
brownMarlon_14057,14513,Ken Brown,medium
elusorsammy_1718,73786, ,medium
jacobsjosh_12610,14966,Harry Jacobs,medium
bosaJoey_17537,14548,Bo Scott,medium
hasselbektreed_2340,69011,Mike Hass,medium
carterMichael_21568,14472,Virgil Carter,medium
ellisonMike_10858,14782,Ken Ellis,medium
hubbsmalcolm_11268,73786, ,medium
MayfieldBaker_13117,14577,Ray May,medium
dunnlael_11251,14480,Paul Dunn,medium
gainesde_2314,22046,Lawrence Gaines,medium
galapoleyan_12606,73786, ,medium
hoffmankevin_28317,15461,John Hoffman,medium
holtcolby_27993,29753,John Holt,medium
hydefrankie_28412,22003,Glenn Hyde,medium
jacksonkareem_20348,14429,Jack Concannon,medium
hartmananthony_2318,14605,Jim Hart,medium
BranchBrian_23024,9987,Cliff Branch,medium
fordemmett_11562,15594,Charlie Ford,medium
hurdlejaven_12656,37805,Jeff Hurd,medium
davisTre_2510,14432,Butch Davis,medium
gen_2_B_N_0013,73786, ,medium
AjyukBrandon_21069,23532,A.J. Duhe,medium
hargreavejustin_21571,73786, ,medium
gradkowskibruce_28358,1276,Bruce Gradkowski,high
bellVonn_17654,26,Bobby Bell,medium
haganjoel_21169,1346,Derek Hagan,medium
gardnerbilly_28375,31842,Ellis Gardner,medium
huntalex_20700,14794,Ervin Hunt,medium
burnsArtie_17657,16543,Leon Burns,medium
haywardconnor_20339,52837,Hayward Clay,medium
arcegaWhitesideJJ_20344,73786, ,medium
fairbairndaniel_20158,14526,Fair Hooker,medium
gardenerminshewll_20586,52329,Daryl Gardener,medium
kaneDarius_17601,23387,Rick Kane,medium
irvinganthony_28412,14604,Irv Goode,medium
harrischristopher_13146,14650,Cliff Harris,medium
jacksonlamar_20349,14429,Jack Concannon,medium
freemanroyce_17546,14389,Mike Freeman,medium
burkheadrex_11945,25807,Scott Burk,medium
garroppolojimmy_11577,73786, ,medium
daviscorey_28424,14432,Butch Davis,medium
johnstondarius_22327,14401,John Mallory,medium
devilbisstrea_11224,73786, ,medium
bakhtiariDavid_1713,73786, ,medium
johnsonjamarcus_2505,14395,Randy Johnson,medium
graycam_2404,15149,Ken Gray,medium
herbertjustin_20981,10797,Herb Adderley,medium
hamiltonkevin_11566,6314,Jack Ham,medium
henrybrad_13128,15241,Henry Davis,medium
fullerKyle_11251,15410,Johnny Fuller,medium
gatesDavid_2315,66358,Lionel Gates,medium
edwardsbrian_27956,14452,Ed O'Bradovich,medium
geersmichael_20696,73786, ,medium
jacksonmalik_20704,14429,Jack Concannon,medium
jordanandre_2303,15323,Jeff Jordan,medium
janssengregory_20350,14851,Jan Stenerud,medium
draftsam_13082,54954,Chris Draft,medium
granthalfonzo_28327,14566,Bob Grant,medium
kaindohAdonis_28292,73786, ,medium
karrasalex_2473,14739,Alex Karras,high
goodsonMike_13131,30875,John Goodson,medium
howellfranco_20344,14528,Mike Howell,medium
addisonMario_10984,73786, ,medium
byrdjairus_20147,15860,Butch Byrd,medium
goldsonrashaan_28304,58467,Ian Gold,medium
jonesrashod_20705,14489,Willie Jones,medium
kaplandalton_20995,34156,Ken Kaplan,medium
brittKenny_20057,31245,James Britt,medium
cookJared_20090,18046,Greg Cook,medium
henryhunter_17597,15241,Henry Davis,medium
jacksontj_2515,14429,Jack Concannon,medium
matthewsJake_12349,14800,Al Matthews,medium
achaneDevon_22692,73786, ,medium
gilbertjustinraj_13081,21060,Gil Chapman,medium
gladneyCameron_20978,39557,Tony Gladney,medium
bucknerDeForest_17542,14818,Buck Buchanan,medium
eastondemarco_27922,14644,Ron East,medium
evansGavon_21532,14865,Norm Evans,medium
evansrashaan_11288,14865,Norm Evans,medium
dillardtim_27939,40143,Scott Dill,medium
alexanderLorenzo_28291,14397,Al Lavan,medium
fieldsale_21162,21220,Joe Fields,medium
gosderjerrynt_20698,713,Gosder Cherilus,medium
coleiiaj_20821,14428,Linzy Cole,medium
gordonDee_21172,14434,Dick Gordon,medium
brownaj_20495,14513,Ken Brown,medium
collinsAlex_17576,14515,Gary Collins,medium
crosbyMaxx_20571,19927,Steve Crosby,medium
higginstee_20993,25715,Tom Higgins,medium
dewittDoug_11890,73786, ,medium
greenAJ_12552,14648,Cornell Green,medium
chenalleo_22458,64625,C #66,medium
fournetteLeonard_12548,73786, ,medium
beasleyCole_11791,14904,John Beasley,medium
fajardoalbert_28321,73786, ,medium
abramJohnathan_20459,42213,A.B. Brown,medium
brownOrlando_13083,14513,Ken Brown,medium
joneschristopher_12590,14489,Willie Jones,medium
kayahendricks_12559,18952,Rick Kay,medium
farveMichael_28478,73786, ,medium
hartstevejody_28380,14605,Jim Hart,medium
dobbsjk_13128,73786, ,medium
fosterMason_20159,15367,Gene Foster,medium
janettijason_20703,14851,Jan Stenerud,medium
hyattjalin_22714,14609,Fred Hyatt,medium
dunlapCarlos_20157,15727,Lenny Dunlap,medium
kamaraAlvin_12670,73786, ,medium
johnsonbrady_20352,14395,Randy Johnson,medium
colemanBobby_197,14428,Linzy Cole,medium
hilljustinjefferson_11570,14568,Jerry Hill,medium
gradybradley_12701,14376,Grady Allen,medium
cousinsKirk_11215,53387,Terry Cousin,medium
foornathaniel_20150,73786, ,medium
florescortes_11233,45247,Mike Flores,medium
denseNoah_17737,73786, ,medium
edelman_11303,14452,Ed O'Bradovich,medium
farveBrett_1330,73786, ,medium
ifedisolaoliseunla_12668,73786, ,medium
halotevarez_28317,19442,Hal Roberts,medium
bagentTyson_22900,73786, ,medium
hackenbergchristian_17557,73786, ,medium
kafusipatrick_20356,73786, ,medium
gouldrobbie_27940,1275,Robbie Gould,high
BrittJustin_2122,31245,James Britt,medium
asamoahIIBrian_22190,310,Jon Asamoah,medium
eakeledan_1637,73786, ,medium
ingrammario_11590,30633,Brian Ingram,medium
dorseypewitt_22069,18616,Nate Dorsey,medium
hamlerKJ_20992,6314,Jack Ham,medium
kelleymalcolm_21180,15203,Ike Kelley,medium
charkDJ_13255,64625,C #66,medium
iosivaaeneas_20988,73786, ,medium
andersonJrWill_22702,14678,Bobby Anderson,medium
CosmiSam_21533,64625,C #66,medium
haddenWillam_2109,40313,Gary Hadd,medium
fosterkirkpatrick_22059,15367,Gene Foster,medium
dewaldjamille_2519,73786, ,medium
jacobymyers_20601,28261,Jacob Green,medium
jordancameron_17651,15323,Jeff Jordan,medium
hillmarcus_2414,14568,Jerry Hill,medium
diggsTrevon_20970,23759,Shelton Diggs,medium
anzaloneAlex_12613,73786, ,medium
henrytravis_28300,15241,Henry Davis,medium
churchbarry_9969,64625,C #66,medium
corralmatt_22045,25349,Frank Corral,medium
jonesmalcolm_20606,14489,Willie Jones,medium
hayesMichael_17735,14651,Bob Hayes,medium
ertzZach_10859,73786, ,medium
jacksonadvill_2409,14429,Jack Concannon,medium
kayaathaurice_12559,18952,Rick Kay,medium
burnettmorgan_9954,37697,Victor Burnett,medium
franklinkirkpatric_17592,14475,Frank Cornish,medium
hackettNathaniel_15280,36080,Joey Hackett,medium
hammondthaddeus_28364,6314,Jack Ham,medium
benwikerebene_2090,14517,Ben Davis,medium
ingra_1002,73786, ,medium
highsmithAlex_21512,15288,Don Highsmith,medium
allenJosh_13197,14376,Grady Allen,medium
gallmanwayne_12540,73786, ,medium
johnsonduke_17553,14395,Randy Johnson,medium
dudleyjared_11893,37513,Brian Dudley,medium
howellsam_22052,14528,Mike Howell,medium
barranthony_10828,51336,Dave Barr,medium
fletcherlondon_22705,14504,Fletcher Smith,medium
hannahCole_22076,3294,John Hannah,medium
campbellCalais_28363,14381,Sonny Campbell,medium
hydejailen_12557,22003,Glenn Hyde,medium
daltonAndy_10439,23620,Oakley Dalton,medium
jacksonlachien_17600,14429,Jack Concannon,medium
cooperPharoh_17595,22836,Bert Cooper,medium
dungyTony_28436,23905,Tony Dungy,high
ingoldsbymax_22484,73786, ,medium
gen_2_B_N_006,73786, ,medium
baileychamp_1523,14556,Jim Bailey,medium
harrisjcj_13146,14650,Cliff Harris,medium
collinsJamie_1285,14515,Gary Collins,medium
curlKamren_21012,64625,C #66,medium
fiskjulian_28388,50887,Jason Fisk,medium
ayersDeMarcus_17865,24116,John Ayers,medium
barmoreChristian_21765,73786, ,medium
dowdlejoshua_20585,73786, ,medium
justinSummers_22328,25461,Kerry Justin,medium
garretthenry_22062,14694,Drake Garrett,medium
haskellNoel_2083,19152,Haskel Stanback,medium
fowleralvin_20697,24732,Amos Fowler,medium
greenlaw_20699,14648,Cornell Green,medium
harrisonjames_20349,14650,Cliff Harris,medium
hockensonTJ_20597,73786, ,medium
gen_2_B_N_0014,73786, ,medium
josephlinval_11277,27194,Jo Heath,medium
McCarthyJJ_14610,45064,Shawn McCarthy,medium
gordonmelvinlll_10820,14434,Dick Gordon,medium
hellurenthony_13069,73786, ,medium
bostonTre_2089,14548,Bo Scott,medium
campbellParris_20355,14381,Sonny Campbell,medium
furlongtyler_20976,73786, ,medium
BlandDaron_22485,33217,Carl Bland,medium
easleykenney_1346,3217,Kenny Easley,medium
bernardGiovani_323,16839,Bernard Jackson,medium
johnsoncolby_10867,14395,Randy Johnson,medium
furgusonblake_20974,73786, ,medium
heidariHodges_20596,73786, ,medium
gamblemike_22061,40427,Kenny Gamble,medium
bakerBudda_12549,14945,Tony Baker,medium
gilmoreStephon_11253,21060,Gil Chapman,medium
fischerjakob_22087,15452,Pat Fischer,medium
foxonbenmarcus_28345,22340,Tim Fox,medium
delhommejake_28311,14997,Del Williams,medium
crosscharles_22437,22790,Randy Cross,medium
garverrasmussen_20943,73786, ,medium
johnsondiontae_20603,14395,Randy Johnson,medium
freemandroyce_2436,14389,Mike Freeman,medium
freiermuthPat_21570,73786, ,medium
barberPeyton_17612,22089,Bob Barber,medium
hallfloyd_28428,15692,Charlie Hall,medium
adamsJamal_12524,15229,Bob Adams,medium
delleMerrick_13099,14997,Del Williams,medium
jacksonquinton_21003,14429,Jack Concannon,medium
ebroneric_10856,73786, ,medium
juneaujoseph_21535,22955,June Jones,medium
colquittBritton_29169,25269,Craig Colquitt,medium
allenJonathan_12521,14376,Grady Allen,medium
baringerbryce_23112,73786, ,medium
edmondsChase_20586,14452,Ed O'Bradovich,medium
gen_2_B_N_0016,73786, ,medium
grimesquincy_20989,14914,Bob Grim,medium
baldwindoug_11029,30048,Keith Baldwin,medium
clintondixhaha_10844,14918,Clint Jones,medium
gallarddaylen_17747,73786, ,medium
hollierJustin_15281,39457,Doug Hollie,medium
jonessam_2508,14489,Willie Jones,medium
benjaminkelvin_10830,14517,Ben Davis,medium
greenejoe_11562,14648,Cornell Green,medium
gonzaleszane_22064,63096,Joaquin Gonzale,medium
harristrestan_12603,14650,Cliff Harris,medium
godfreymile_15096,16120,Godfrey Zaunbrecher,medium
franyuelo_20334,14707,Fran Lynch,medium
hobbsjoram_28370,15196,Bill Hobbs,medium
matthewsclay_20143,14800,Al Matthews,medium
cookJames_22054,18046,Greg Cook,medium
hardykevin_17687,14788,Kevin Hardy,high
bradyTom_1327,15377,Brad Hubbert,medium
elliottEzekiel_17544,15103,John Elliott,medium
cooperamari_2435,22836,Bert Cooper,medium
evansJustin_13143,14865,Norm Evans,medium
durhamDe_9753,30109,Steve Durham,medium
austinTavon_494,15232,Ocie Austin,medium
deckerEric_10853,924,Eric Decker,high
isaacsemmanuel_22084,18049,Isaac Curtis,medium
hullfrankie_28412,7507,Mike Hull,medium
jamesedgerrin_28448,15558,James Harris,medium
jollytherell_28474,27194,Jo Heath,medium
hennequinwill_21487,73786, ,medium
halljoe_2320,15692,Charlie Hall,medium
hicksjohn_17551,15108,W.K. Hicks,medium
doyedarian_22049,73786, ,medium
McBrideTrey_22093,14881,Norm McBride,medium
bridgewaterTeddy_10837,73786, ,medium
fordebernardo_17577,15594,Charlie Ford,medium
jonesdeion_11274,14489,Willie Jones,medium
keenancole_17686,28343,Keena Turner,medium
jonesdamiere_2324,14489,Willie Jones,medium
jonesmac_11275,14489,Willie Jones,medium
hillpatrick_2296,14568,Jerry Hill,medium
jonesdion_17736,14489,Willie Jones,medium
dunbarvontae_2500,18555,Jubilee Dunbar,medium
ColemanKeon_14646,14428,Linzy Cole,medium
charltonTaco_12535,40032,Clifford Charlton,medium
florenChris_21007,73786, ,medium
blantonRobert_11682,26204,Jerry Blanton,medium
cravenssua_17664,21812,Bill Craven,medium
heinzchris_13183,14871,Bob Heinz,medium
adebopaulson_21445,66180,Ade Jimoh,medium
howardxavien_12588,14449,Howard Mudd,medium
keebletyler_22333,39569,Jerry Keeble,medium
gen_2_B_S_001,73786, ,medium
colemanCorey_17556,14428,Linzy Cole,medium
espensachede_21159,73786, ,medium
gen_2_B_N_0017,73786, ,medium
claypoolchase_21077,20072,C.L. Whittington,medium
harrisdamien_20063,14650,Cliff Harris,medium
josephkerby_21577,27194,Jo Heath,medium
joeckeluke_494,14461,Joe Taylor,medium
chinnJeremy_21151,64625,C #66,medium
AltJoe_14694,14397,Al Lavan,medium
buttJake_12568,73786, ,medium
jacksondarious_13184,14429,Jack Concannon,medium
galoppoalfredo_20498,73786, ,medium
deatrichWeston_2112,73786, ,medium
huntterrace_17588,14794,Ervin Hunt,medium
hutchinsonaidan_22362,24337,Scott Hutchinson,medium
jacksondeSean_17552,14429,Jack Concannon,medium
jacksonjack_12617,14429,Jack Concannon,medium
johnsonammon_20095,14395,Randy Johnson,medium
kelceJason_11279,73786, ,medium
matthewsjordan_12350,14800,Al Matthews,medium
gillanmichael_17578,21060,Gil Chapman,medium
bradfordcarl_2083,15377,Brad Hubbert,medium
carrBrandon_28491,14777,Fred Carr,medium
cooksBrandin_10847,18046,Greg Cook,medium
hurstkayshon_20347,42122,Maurice Hurst,medium
austiniiicalvin_22086,15232,Ocie Austin,medium
kearseelishaun_12559,37643,Tim Kearse,medium
jordanjustin_12591,15323,Jeff Jordan,medium
benjamintravis_11454,14517,Ben Davis,medium
clowneyJadeveon_10845,20072,C.L. Whittington,medium
greentrent_10865,14648,Cornell Green,medium
donnellChris_28461,14392,Don Hansen,medium
AllocierTyler_22315,14397,Al Lavan,medium
haircalvin_17874,73786, ,medium
jamesderwin_17589,15558,James Harris,medium
dialKelontae_20584,42327,Alan Dial,medium
goodwinmarquise_17598,52382,Hunter Goodwin,medium
BelloreNick_10939,26,Bobby Bell,medium
gannondave_28298,34255,Mike Gann,medium
harteraven_22317,14605,Jim Hart,medium
dayTaylion_14661,54167,Terry Day,medium
forteLonnie_11249,22339,Ike Forte,medium
escobarNelson_17658,73786, ,medium
boswellChris_2262,14548,Bo Scott,medium
jacobsadam_2525,14966,Harry Jacobs,medium
goodsontj_22467,30875,John Goodson,medium
ArroyoElijah_15119,73786, ,medium
addaeJahleel_9919,73786, ,medium
grantjakeem_17582,14566,Bob Grant,medium
griffinshaquem_13145,21781,Archie Griffin,medium
ikwelikedike_21497,73786, ,medium
adamsDavante_10823,15229,Bob Adams,medium
brooksderrick_11202,15141,Lee Brooks,medium
griffinjames_20333,21781,Archie Griffin,medium
janovisgregory_28367,14851,Jan Stenerud,medium
jenkinsjeffrey_20351,14529,Al Jenkins,medium
elfleinevan_2087,73786, ,medium
deotereon_2397,73786, ,medium
foxsamuel_1291,22340,Tim Fox,medium
handronnie_20699,14736,Larry Hand,medium
hendersonjustinl_20698,36,John Henderson,medium
collinsNico_21587,14515,Gary Collins,medium
armsteadTerron_964,48010,Jessie Armstead,medium
bookerTyler_15162,14548,Bo Scott,medium
blankenshipRodrigo_21168,22572,Greg Blankenship,medium
darnoldsam_13097,73786, ,medium
gilmorestephontuitt_11253,21060,Gil Chapman,medium
grahamcorey_13104,14485,Kenny Graham,medium
cookDalvin_12523,18046,Greg Cook,medium
carrDerek_10843,14777,Fred Carr,medium
holmanjalen_13148,14440,Willie Holman,medium
greenbenjamin_17548,14648,Cornell Green,medium
bersinBrenton_2271,73786, ,medium
heavenaustin_11264,73786, ,medium
greennicole_22073,14648,Cornell Green,medium
collinsMaliek_17738,14515,Gary Collins,medium
andrewsmark_13112,14510,Billy Andrews,medium
hookerkyle_20598,14526,Fair Hooker,medium
jacksoneddie_11271,14429,Jack Concannon,medium
johnsonjamaal_20605,14395,Randy Johnson,medium
gen_2_B_N_01,73786, ,medium
hopkinsdeandre_10866,15153,Roy Hopkins,medium
colquittDustin_26820,25269,Craig Colquitt,medium
farleyCaleb_21498,16043,Dale Farley,medium
brownantonio_9774,14513,Ken Brown,medium
hookermalik_17585,14526,Fair Hooker,medium
hardinsonlacarcus_20338,51935,Steve Hardin,medium
folksmak_27923,73786, ,medium
hillquinton_20701,14568,Jerry Hill,medium
jacksonjustin_13110,14429,Jack Concannon,medium
janisjc_20989,14851,Jan Stenerud,medium
alexanderMaurice_2101,14397,Al Lavan,medium
gunnerkalen_22470,14435,Jimmy Gunn,medium
evansjosh_20087,14865,Norm Evans,medium
garretmyles_12547,73786, ,medium
gottfriedjake_20333,73786, ,medium
jonesjosh_22087,14489,Willie Jones,medium
jordanhayes_21534,15323,Jeff Jordan,medium
butlerHakeem_20499,14380,Cannonball Butler,medium
hartquentin_21177,14605,Jim Hart,medium
johnsonlonnie_10867,14395,Randy Johnson,medium
fettybrian_27969,73786, ,medium
jenningstim_11273,19948,Dave Jennings,medium
andersonRobby_17960,14678,Bobby Anderson,medium
dockerymarcus_1338,15101,John Dockery,medium
ekeleriehisenior_20972,73786, ,medium
dragonette_2395,17758,Oscar Dragon,medium
grossanxan_2398,14960,Earl Gros,medium
boothjrAndrew_22255,14548,Bo Scott,medium
abdullahAmeer_2402,22464,Abdul Salaam,medium
davisMike_10852,14432,Butch Davis,medium
formanlyle_22060,73786, ,medium
darkwaOrleans_2316,73786, ,medium
johnsonsteve_1637,14395,Randy Johnson,medium
gaskinmyles_20588,73786, ,medium
julmisted_20355,64252,J. Philippe Darche,medium
mayermichael_22697,14577,Ray May,medium
chaseJaMarr_21586,35979,Chas Fox,medium
gravesfoley_22072,26669,Tom Graves,medium
folesjake_20977,73786, ,medium
burfictvontaze_11569,73786, ,medium
havensteinmike_2447,15571,Haven Moses,medium
jarrettgrady_13068,62899,Jarrett Ferguson,medium
gen_2_B_S_007,73786, ,medium
davisademlee_28424,14432,Butch Davis,medium
fauremervin_28478,73786, ,medium
dawsonDuke_21170,14823,Len Dawson,medium
hallmarcos_1461,15692,Charlie Hall,medium
falkLuke_20332,73786, ,medium
godwinchris_12657,21245,Godwin Turk,medium
etienetravis_2408,73786, ,medium
fullercorey_13144,15410,Johnny Fuller,medium
franklukedan_20995,14475,Frank Cornish,medium
jenningsgabrion_20602,19948,Dave Jennings,medium
galtsomerome_11291,73786, ,medium
jenningsjabril_17554,19948,Dave Jennings,medium
BatesIIJessie_13202,48278,Patrick Bates,medium
berryEric_9950,14377,Bob Berry,medium
hodgesjason_20341,29852,Floyd Hodge,medium
jasonwoodyard_22084,37421,Jason Buck,medium
jagerfisher_21575,64252,J. Philippe Darche,medium
ansahezekiel_1121,73786, ,medium
grantryans_2460,14566,Bob Grant,medium
fortunydalton_21165,73786, ,medium
huntericbilly_28295,14794,Ervin Hunt,medium
ingramII_11590,30633,Brian Ingram,medium
ianettialex_20703,22075,Ian Sunter,medium
CharbonnetZach_22732,64625,C #66,medium
holttorrey_28414,29753,John Holt,medium
gen_2_B_N_02,73786, ,medium
gibsonVaughn_21508,17172,Paul Gibson,medium
hutekellen_22325,73786, ,medium
igarrochance_21179,73786, ,medium
armsteadArik_2533,48010,Jessie Armstead,medium
ingoldsbymaxx_22484,73786, ,medium
antetokounmpoGiannis_2995,73786, ,medium
dowdleRico_22256,73786, ,medium
fosterdiandre_22059,15367,Gene Foster,medium
hoytjr_22071,73786, ,medium
BanksJrKelvin_15161,15048,Willie Banks,medium
jarwinblake_13150,64252,J. Philippe Darche,medium
hymanjamal_28341,73786, ,medium
forsettjustin_28457,1138,Justin Forsett,high
heinickeTaylor_13183,73786, ,medium
gen_2_B_N_007,73786, ,medium
jacksonajax_22085,14429,Jack Concannon,medium
jonescyrus_13163,14489,Willie Jones,medium
gilbertGarrett_20092,21060,Gil Chapman,medium
collinsLael_2499,14515,Gary Collins,medium
drakelonnie_28301,14694,Drake Garrett,medium
fisk_2282,50887,Jason Fisk,medium
howardkyle_22483,14449,Howard Mudd,medium
bullockRandy_11601,14424,Ronnie Bull,medium
bryantdesmond_28823,14906,Bobby Bryant,medium
davisjoshua_17567,14432,Butch Davis,medium
gillespieduke_28471,21060,Gil Chapman,medium
evansevans_10860,14865,Norm Evans,medium
hesterdevin_11569,14438,Jimmy Hester,medium
hollanddarius_20999,15651,Vern Holland,medium
KamansKyle_15279,73786, ,medium
baileyJake_20480,14556,Jim Bailey,medium
fullercorey_2298,15410,Johnny Fuller,medium
elumenormatthieu_15198,73786, ,medium
awuzieChidobe_12587,73786, ,medium
jonathandijion_12548,15028,Jon Morris,medium
golladayKenny_12543,73786, ,medium
edwardsDavid_20686,14452,Ed O'Bradovich,medium
goboummerci_20337,73786, ,medium
jamesronnie_20601,15558,James Harris,medium
hodginsjalen_17731,19236,Norm Hodgins,medium
jamisonnatrone_20602,37997,George Jamison,medium
goldenMarquise_17598,18251,Golden Richards,medium
zappeBailey_22049,73786, ,medium
brooksahmad_27818,15141,Lee Brooks,medium
bradberryJames_17825,15377,Brad Hubbert,medium
elliottJeremiah_28451,15103,John Elliott,medium
henleyjonjc_22478,39564,Thomas Henley,medium
felicianoWill_13364,73786, ,medium
bookerDevontae_17575,14548,Bo Scott,medium
barkleymatt_116,73786, ,medium
figuersilysesney_1453,73786, ,medium
hopkinsmalik_20599,15153,Roy Hopkins,medium
humphriesmarlon_12589,32868,Stefan Humphries,medium
eldondonald_2285,73786, ,medium
griersyil_20337,52488,Marrio Grier,medium
gen_2_B_N_03,73786, ,medium
Kamara_12670,73786, ,medium
crawfordTyrone_11519,25450,Rufus Crawford,medium
hilljb_20595,14568,Jerry Hill,medium
holinsaj_22081,73786, ,medium
allenKeenan_505,14376,Grady Allen,medium
hunleymichael_21001,33182,Ricky Hunley,medium
gordonanthony_2518,14434,Dick Gordon,medium
gen_2_B_N_009,73786, ,medium
haydenkelvin_12599,16088,Leo Hayden,medium
bartonCody_20692,2965,Bart Starr,medium
bosaNick_20565,14548,Bo Scott,medium
henrydont_17599,15241,Henry Davis,medium
hilljoshua_17733,14568,Jerry Hill,medium
hardenthaddeus_28364,14787,Lee Harden,medium
johnsonjalin_20604,14395,Randy Johnson,medium
fitzmagicroyan_28363,73786, ,medium
comptonWill_2336,38068,Chuck Compton,medium
gielachris_28383,73786, ,medium
jamestbake_2405,15558,James Harris,medium
fitzgeraldlarry_11243,15816,John Fitzgerald,medium
glennstanton_10820,14384,Glen Condren,medium
dorseyKen_2420,18616,Nate Dorsey,medium
ekkubanchris_22055,73786, ,medium
griffinryan_13104,21781,Archie Griffin,medium
gen_2_b_n_008,73786, ,medium
celebkrent_28108,64625,C #66,medium
douglasrasul_12567,14423,Doug Buffone,medium
jonesdwight_22486,14489,Willie Jones,medium
bentonKeeanu_22934,14517,Ben Davis,medium
flynnCT_13361,33286,Tom Flynn,medium
brownzach_11307,14513,Ken Brown,medium
harrischris_13146,14650,Cliff Harris,medium
hugheslonnie_22468,14738,Chuck Hughes,medium
keary_2491,64634,Keary Colbert,medium
huntnate_20346,14794,Ervin Hunt,medium
driscollSteve_21278,73786, ,medium
freeneylyle_11282,1174,Dwight Freeney,medium
hakkertyrone_17830,73786, ,medium
hawkinscorey_21499,15193,Ben Hawkins,medium
jurkosam_2515,64252,J. Philippe Darche,medium
cineLewis_22397,64625,C #66,medium
davisTariq_15137,14432,Butch Davis,medium
burnsBrian_20566,16543,Leon Burns,medium
BurdenIIILuther_15095,73786, ,medium
hollinsjohn_17645,73786, ,medium
bosherMatt_10806,14548,Bo Scott,medium
greenejames_2522,14648,Cornell Green,medium
briskerjaquan_22228,73786, ,medium
appleEli_17653,73786, ,medium
davisDemarcus_20056,14432,Butch Davis,medium
butkerHarrison_12863,73786, ,medium
kearse_2491,37643,Tim Kearse,medium
antetokounmpoKostas_2997,73786, ,medium
hitchensTom_2486,73786, ,medium
dicksonmichael_13214,14387,Dick Enderle,medium
hopkinscam_20987,15153,Roy Hopkins,medium
MayeDrake_14501,14577,Ray May,medium
gentrylynae_2317,29957,Dennis Gentry,medium
mattisonAlexander_20641,15063,Matt Hazeltine,medium
kelceTravis_11280,73786, ,medium
haskinsdwayne_20338,56109,Jon Haskins,medium
gilliamjayden_22468,14603,John Gilliam,medium
cobbRandall_10619,20556,Marvin Cobb,medium
cookconnor_17560,18046,Greg Cook,medium
fejedelemsam_17568,73786, ,medium
falconarthur_13195,25026,Terry Falcon,medium
hicksmaurice_2460,15108,W.K. Hicks,medium
gonzalezjorge_22464,19882,Noe Gonzalez,medium
hargroverharris_21571,14916,Jim Hargrove,medium
helsleyquandre_28435,73786, ,medium
humphreesliam_17587,73786, ,medium
fiedorowiczCJ_1453,73786, ,medium
israelarthur_2439,46846,Steve Israel,medium
jenningscolby_28322,19948,Dave Jennings,medium
green_10865,14648,Cornell Green,medium
jonesjulio_9792,14489,Willie Jones,medium
CampbellTyson_21696,14381,Sonny Campbell,medium
gomezjordan_20094,73786, ,medium
falelepenei_11558,73786, ,medium
elamAbram_12664,21518,Cleveland Elam,medium
hamiltontrent_21494,6314,Jack Ham,medium
dupreemalachi_2449,31680,Myron Dupree,medium
jacksoncedric_2094,14429,Jack Concannon,medium
crawleyKen_12429,64625,C #66,medium
johnsondamien_22326,14395,Randy Johnson,medium
jonesduke_13109,14489,Willie Jones,medium
beathardCJ_12652,14596,Pete Beathard,medium
breesDrew_14118,73786, ,medium
jamesrichie_11562,15558,James Harris,medium
carterjalen_22703,14472,Virgil Carter,medium
goffJared_17547,34257,Willard Goff,medium
fordemaric_21164,15594,Charlie Ford,medium
irvingbyron_17600,14604,Irv Goode,medium
hugheskyle_2301,14738,Chuck Hughes,medium
davisStefon_13064,14432,Butch Davis,medium
huntleydawson_20601,14794,Ervin Hunt,medium
johnsonbrandin_28470,14395,Randy Johnson,medium
gosederjerry_13218,73786, ,medium
hunterjustin_12654,14794,Ervin Hunt,medium
grossmankyle_20348,14960,Earl Gros,medium
glassgowgraham_2395,14522,Chip Glass,medium
eckeleraustin_12598,26450,Keith Eck,medium
graywilam_22072,15149,Ken Gray,medium
crowderJamison_2450,19720,Randy Crowder,medium
enunwamike_20498,73786, ,medium
hugginskelvin_13181,60015,Johnny Huggins,medium
haynesgabriel_22477,1684,Mike Haynes,medium
fitzpatricktravis_17545,36867,James FitzPatrick,medium
brownMarquise_20497,14513,Ken Brown,medium
droppeduke_1637,73786, ,medium
flowerstreudavenport_20160,14646,Richmond Flowers,medium
mcclaimrobert_10068,73786, ,medium
horsleytim_21178,73786, ,medium
henneman_17659,73786, ,medium
ajayjay_2400,23532,A.J. Duhe,medium
evansmike_10860,14865,Norm Evans,medium
ferreRaimann_22382,73786, ,medium
jeffersonjustin_20983,14417,Jeff Van Note,medium
casselMatt_27037,15400,Cas Banaszek,medium
McConkeyLadd_14651,33622,Phil McConkey,medium
keenanthomas_22089,28343,Keena Turner,medium
fosterramon_11247,15367,Gene Foster,medium
bortlesBlake_10834,14548,Bo Scott,medium
hopkinsbaby_13149,15153,Roy Hopkins,medium
jeterdaniel_27992,14795,Bob Jeter,medium
bouyeAJ_14134,14548,Bo Scott,medium
gibsonlucas_13160,17172,Paul Gibson,medium
hankinstravis_13095,15137,Hank Autry,medium
galoppoaj_20498,73786, ,medium
DanielsJayden_14579,14431,Dick Daniels,medium
allendwayne_11281,14376,Grady Allen,medium
artispaynecameron_2412,14402,Art Malone,medium
akersCam_20919,254,David Akers,medium
bosticjon_1331,14548,Bo Scott,medium
howeybenry_22079,34261,Glen Howe,medium
hurtjalen_20982,27394,Eric Hurt,medium
jonesdaniel_13074,14489,Willie Jones,medium
zuerleinggreg_11598,73786, ,medium
gen_2_B_S_006,73786, ,medium
englijakevan_22740,73786, ,medium
jordanjuwaun_22486,15323,Jeff Jordan,medium
CarterAbdul_15198,14472,Virgil Carter,medium
forbesvemon_22314,51816,Marlon Forbes,medium
goodell_2278,14565,Tom Goode,medium
alexanderMackensie_17553,14397,Al Lavan,medium
johnsonzak_21514,14395,Randy Johnson,medium
bellLeVeon_344,26,Bobby Bell,medium
forsterlucy_27963,73786, ,medium
gen_2_B_N_0018,73786, ,medium
guyTavon_12544,14478,Guy Dennis,medium
howardoj_13219,14449,Howard Mudd,medium
bucannonDeone_10841,73786, ,medium
jenningsbrian_28322,19948,Dave Jennings,medium
fitspatrickryan_21571,73786, ,medium
edwardsStan_10814,14452,Ed O'Bradovich,medium
dunnronnie_11299,14480,Paul Dunn,medium
chubbNick_13129,64625,C #66,medium
dudamearcus_20098,31572,Mark Duda,medium
davenportOmega_21568,14393,Dave Hettema,medium
husseyjeremiah_12606,73786, ,medium
joneseddie_28382,14489,Willie Jones,medium
jenkinsjaylan_21004,14529,Al Jenkins,medium
forsythecairo_22310,73786, ,medium
gibsonrisley_2504,17172,Paul Gibson,medium
guicesderrius_13106,73786, ,medium
hopevion_20966,39258,Neil Hope,medium
hinesnyheim_17581,14828,Jimmy Hines,medium
gurlexTodd_11262,73786, ,medium
diggsStefon_17543,23759,Shelton Diggs,medium
matthewschris_2249,14800,Al Matthews,medium
johnsonandre_2517,14395,Randy Johnson,medium
hilltontl_12669,14568,Jerry Hill,medium
allenjavonus_2408,14376,Grady Allen,medium
grazenthomas_21507,73786, ,medium
mcCaffreyChristian_12556,20888,Bob McCaffrey,medium
AngerBryan_11594,73786, ,medium
graydarien_20703,15149,Ken Gray,medium
hamiltonduke_20336,6314,Jack Ham,medium
franceschihomer_11598,14707,Fran Lynch,medium
CampbellWill_15160,14381,Sonny Campbell,medium
ironcurtistopher_22080,73786, ,medium
jenkinsmalcolm_11272,14529,Al Jenkins,medium
CollinsZaven_21495,14515,Gary Collins,medium
gregorychad_1637,14399,Greg Lens,medium
griggyjason_22065,73786, ,medium
hansenJC_17650,14392,Don Hansen,medium
engeljosh_13224,14519,Steve Engel,medium
fullerWill_13181,15410,Johnny Fuller,medium
harrisronjr_11567,14650,Cliff Harris,medium
barwinConnor_20153,73786, ,medium
McCloudRayRay_13362,54496,Tyrus McCloud,medium
johnsonCalvin_9791,14395,Randy Johnson,medium
goodwinjustin_20697,52382,Hunter Goodwin,medium
edgegerrin_28448,14452,Ed O'Bradovich,medium
hutebrian_28404,73786, ,medium
hemingjohnathan_17743,73786, ,medium
hardenwilken_17593,14787,Lee Harden,medium
jonesmarvin_17555,14489,Willie Jones,medium
hammerjason_22068,6314,Jack Ham,medium
griffeyken_28396,73786, ,medium
dennisonNeil_1632,14478,Guy Dennis,medium
brownDuane_28431,14513,Ken Brown,medium
atkinsGeno_9867,15136,Bob Atkins,medium
johnsonGeorges_22086,14395,Randy Johnson,medium
frenchquaylon_21163,30873,Ernest French,medium
johnsonderick_17733,14395,Randy Johnson,medium
hadleyDavid_22067,14825,David Hadley,high
duvaldarius_22046,35388,Duval Love,medium
harrisnajee_21573,14650,Cliff Harris,medium
hewittralston_22078,54021,Chris Hewitt,medium
bushDevin_20583,24421,Blair Bush,medium
gabrieljc_20977,580,Roman Gabriel,medium
isleljohn_28289,73786, ,medium
juszczykKyle_11278,64252,J. Philippe Darche,medium
andersonDerek_26674,14678,Bobby Anderson,medium
hamiltondarell_12554,6314,Jack Ham,medium
herrontyler_20340,18625,Mack Herron,medium
fitzpatrickryann_21571,36867,James FitzPatrick,medium
alexanderjaire_13109,14397,Al Lavan,medium
goodwynjeff_11563,73786, ,medium
harrisch_13146,14650,Cliff Harris,medium
chancellorkam_9964,64625,C #66,medium
jeffersonvan_20994,14417,Jeff Van Note,medium
johnsontyler_13127,14395,Randy Johnson,medium
grantcordaralle_11258,14566,Bob Grant,medium
jossphilippe_22481,27194,Jo Heath,medium
hedleycovey_13069,73786, ,medium
brockersMichael_11298,22331,Pete Brock,medium
conleyGareon_12565,16831,Steve Conley,medium
colemanTevin_2401,14428,Linzy Cole,medium
harrisuraye_2296,14650,Cliff Harris,medium
cannAJ_2506,64625,C #66,medium
baileyDan_10933,14556,Jim Bailey,medium
garrinbrandon_17553,73786, ,medium
allegrettiNick_20724,14397,Al Lavan,medium
BryantCoby_22211,14906,Bobby Bryant,medium
brissettjacoby_17566,73786, ,medium
gowdykevin_20096,36033,Cornell Gowdy,medium
horisberdan_20343,73786, ,medium
hightowerDontae_9810,1499,Tim Hightower,medium
ezeukakelechi_28295,73786, ,medium
fullerKyle_22056,15410,Johnny Fuller,medium
howardaustin_22323,14449,Howard Mudd,medium
foremanarmani_22060,18513,Chuck Foreman,medium
duncanFranklin_12536,14563,Jim Duncan,medium
fordinicole_17577,15594,Charlie Ford,medium
heathchris_28436,21678,Clayton Heath,medium
heimstephen_20700,73786, ,medium
iyiegenimichael_21002,73786, ,medium
bushrodjermon_28039,24421,Blair Bush,medium
cunninghamZach_12581,14686,Carl Cunningham,medium
cyprienjohnathan_1472,64625,C #66,medium
heathjeff_27921,21678,Clayton Heath,medium
johnsonchris_13185,14395,Randy Johnson,medium
honeycuttRon_20598,73786, ,medium
cephusQuintez_20946,17382,Cephus Weatherspoon,medium
greendarius_12542,14648,Cornell Green,medium
davisTrevor_14059,14432,Butch Davis,medium
barronjahdae_15277,49618,Barron Wortham,medium
earlyjack_2086,14580,Earl Morrall,medium
inocenteandre_22083,73786, ,medium
jesseanthony_22480,14500,Jess Phillips,medium
johannjohn_20152,27194,Jo Heath,medium
gbinije_1644,73786, ,medium
henreyderrick_13196,73786, ,medium
fortduvernay_2511,73786, ,medium
griffinquentin_20335,21781,Archie Griffin,medium
gronkRob_11260,73786, ,medium
connerJames_12664,20126,Dick Conn,medium
harvinjacob_13182,39758,Allen Harvin,medium
hicksjordan_20594,15108,W.K. Hicks,medium
aguayoRoberto_17695,73786, ,medium
cohenTarik_12786,59214,Dustin Cohen,medium
foydunion_21506,73786, ,medium
hawestyree_1637,73786, ,medium
harrisonjonnu_17579,14650,Cliff Harris,medium
barnettderek_12530,27651,Bill Barnett,medium
boldenBrandon_11244,14548,Bo Scott,medium
collinsSrJamie_1285,14515,Gary Collins,medium
hatcherkyle_22069,35376,Dale Hatcher,medium
johnsonmichael_20154,14395,Randy Johnson,medium
emoryKJ_22914,73786, ,medium
gen_2_B_S_005,73786, ,medium
boulwareben_12695,14548,Bo Scott,medium
crabtreemichael_20056,14477,Eric Crabtree,medium
holmesjustin_22082,14829,Robert Holmes,medium
harisoncj_21176,73786, ,medium
jacobsjacob_20600,14966,Harry Jacobs,medium
edwardsglenn_27956,14452,Ed O'Bradovich,medium
hurdridly_17847,37805,Jeff Hurd,medium
clementCorey_12653,14720,Clem Turner,medium
gerswilkekyle_17619,73786, ,medium
dickersonjermaine_28351,14387,Dick Enderle,medium
abanikandaIsrael_22741,42213,A.B. Brown,medium
alShaairAzeez_20688,14397,Al Lavan,medium
boltonNick_21474,14548,Bo Scott,medium
hicksCornerback_11270,15108,W.K. Hicks,medium
kavcicSteve_2320,73786, ,medium
chaissonKLavon_20991,64625,C #66,medium
gibsonanton_13160,17172,Paul Gibson,medium
gooffard_17547,73786, ,medium
harristj_11567,14650,Cliff Harris,medium
horsecollardale_2319,73786, ,medium
ekejiobuelijah_20972,73786, ,medium
gutekunstaustin_17553,73786, ,medium
dodsonquiton_22482,73786, ,medium
jozwijohnny_22481,27194,Jo Heath,medium
heywoodtremon_20095,73786, ,medium
brownphilly_2292,14513,Ken Brown,medium
godchaux_12620,73786, ,medium
fernslerbernie_11298,73786, ,medium
